<story path="DNA/DNA-75.44.story" title="DNA-75 As a user i should be logged into Paylah application">
<scenario keyword="Scenario:" title="01-Login the Paylah Application: User can able to login the paylah app">
<meta>
<property keyword="@" name="Login" value=""/>
</meta>
<examples keyword="Examples:">
<step>Given I launch the app</step>
<step>Then I am on Login Page  &lt;username&gt; with &lt;password&gt;</step>
<step>Then I enter the sms otp &lt;smsotp&gt;</step>
<step>Then I enter the paylahpassword &lt;paylahpassword&gt;</step>
<parameters>
<names><name>username</name><name>password</name><name>smsotp</name><name>paylahpassword</name></names>
<values><value>UATGNATR066</value><value>750733</value><value>123456</value><value>qwerty</value></values>
</parameters>

<example keyword="Example:">{username=UATGNATR066, password=750733, smsotp=123456, paylahpassword=qwerty}</example>
<step outcome="successful">Given I launch the app</step>
<step outcome="successful">Then I am on Login Page  <parameter>UATGNATR066</parameter> with <parameter>750733</parameter></step>
<step outcome="successful">Then I enter the sms otp <parameter>123456</parameter></step>
<step outcome="successful">Then I enter the paylahpassword <parameter>qwerty</parameter></step>
</examples>
</scenario>
</story>
