<Entity Type='run'>
	<Fields>
		<Field Name='name'>
			<Value>@TESTCASENAME</Value>
		</Field>
		<Field Name='test-instance'>
			<Value>1</Value>
		</Field>
		<Field Name='testcycl-id'>
			<Value>@TESTCYCLID</Value>
		</Field>
		<Field Name='cycle-id'>
			<Value>@CYCLEID</Value>
		</Field>
		<Field Name='test-id'>
			<Value>@TESTID</Value>
		</Field>
		<Field Name='subtype-id'>
			<Value>hp.qc.run.MANUAL</Value>
		</Field>
		<Field Name='test-config-id'>
			<Value>@TESTCONFIGID</Value>
		</Field>
		<Field Name='status'>
			<Value>Not Completed</Value>
		</Field>
		<Field Name='owner'>
			<Value>@OWNER</Value>
		</Field>
		<Field Name='user-03'>
			<Value>@CYCLENAME</Value>
		</Field>
		<Field Name='user-04'>
			<Value>@SPRINT</Value>
		</Field>
	</Fields>
</Entity>