{
	"testDataList": {
		"ErrorMessagesInBillPay": {
			"view-onlyMessage": "We are unable to process your request at this time. Please try again later.",
			"noPaymentsErrorIos": "No results",
			"noPaymentsErrorAndroid": "No Items Available",
			"maximumPaymentErrorMessage": "Payment maximum is $1,000,000. Please select a lower amount.",
			"paymentSuccessMessage": "Payment submitted sucessfully.",
			"noEligibleAccountsErrorIos": "No results",
			"noEligibleAccountsErrorAndroid": "No Items Available",
			"noEligibleAccountsErrorAndroidOne": "You do not currently have any accounts eligible to make a payment.",
			"noEligibleAccountsErrorIosOne": "You do not currently have any accounts eligible to make a payment.",
			"threeBusinessdaysMessage": "The selected payee requires a check payment. The payment date must be at least 3 business days from today.",
			"cancelledMessage": "Payment Canceled Successfully",
			"payeeAddedMessage": "Your payee has been added",
			"cancelSchedulePaymentMessage": "Are you sure you want to cancel this scheduled payment?",
			"chooseFromAccountMessage": "Please choose a from account",
			"choosePayeeMessage": "Please choose a payee",
			"billPayNotSetupMessage": "Billpay is not setup for this user",
			"noAccessPermission": "You do not currently have access to perform this function based on your assigned role. Please speak with your business account administrator for more information.",
			"lessAmountErrorMessage": "Amount must be greater than $0.00",
			"scheduledOnWeekendMessage": "You cannot schedule a payment for a weekend or bank holiday.",
			"amount": "0.01",
			"negativeAmount": "-1000",
			"amount0": "000",
			"amount1": "0.02",
			"amount2": "001001001",
 			"billPayeeAmount": "32320"
		}
	}
}