{
	"testDataList": {
		"Status": {
			"Posted": "POSTED",
			"Scheduled": "Scheduled Transfer",
			"PopUpTransferCancel": "Transfer canceled successfully.",
			"Transfer scheduled successfully": "Transfer scheduled successfully, transfer will occur on the selected date. Confirmation number:"
		},
		"CreateTransferData": {
			"External Checking": "checkexternalaccount",
			"Internal Checking": "Checking",
			"Internal Checking1": "Checking1278q",
			"Internal Saving": "Saving7329",
			"Internal Saving1": "Saving3180",
			"Internal Loan": "LineOfCredit7300qq",
			"Internal Loan1": "LineOfCredit7300pp",
			"External Saving": "Lia Test sav",
			"External Saving1": "saveexternalaccount",
			"Amount$0.01": "0.01",
			"Weekly": "Weekly"
		}
	}
}