{
	"testDataList": {
		"Email Alerts": {
			"ContentConfigureDeliveryOptions": "Alerts will be delivered to the email below. To update your email, log onto websteronline.com and go to Profile."
		},
		"Amounts": {
			"SpecialCharacters": "%^&*",
			"NegativeValue": "-$0.10"
		},
		"Phone Number": {
			"ValidNumber": "6099378832"
		},
		"CQAnswer": {
			"ValidAnswer": "answer"
		},
		"TypeOfBalances": {
			"Available Balance or less": "Available balance of or less",
			"Available Balance or more": "Available balance of or more",
			"Credit Transaction or more": "Credit transaction of or more",
			"Debit Transaction or more": "Debit transaction of or more"
		}
	}
}