{
	"testDataList": {
		"Error Messages": {
			"errorMessage": "Sorry, none of your accounts are eligible to use this feature.",
			"duplicateErrorMessage": "This is a duplicate transfer. You already have a transfer scheduled for the same account number,delivery date and amount. Before we accept this transfer, we wanted to make sure it was OK with you. ",
			"nickNameDuplicate": "Unable to save nickname. Please try again later.",
			"Sorry, none of your accounts are eligible": "Sorry, none of your accounts are eligible to use this feature."
		},
		"Test Case 2": {
			
		}
	}
}