{
	"testDataList": {
		"BrowseAvailablePayeeOrder": {
			"PayeeOne": "American Express",
			"PayeeTwo": "Capital One",
			"PayeeThree": "Charter Communications",
			"PayeeFour": "Comcast",
			"PayeeFive": "Connecticut Natural Gas",
			"PayeeSix": "Cox Communications",
			"PayeeSeven": "Discover",
			"PayeeEight": "EVERSOURCE",
			"PayeeNine": "Kohl's",
			"PayeeTen": "Lord & Taylor ",
			"PayeeEleven": "Lowe's",
			"PayeeTwelve": "Sprint",
			"PayeeThirteen": "Verizon",
			"PayeeFourteen": "Walmart"
		},
		"PersonalInfo": {
			"PayeeAddress1": "35 ginger street",
			"PayeeAddress2": "RoadNo2",
			"PayeeCity": "hartford",
			"PayeeState": "Connecticut",
			"PayeeZipCode": "06118"
			},
			"PayeeNamesList": {
			"ConnecticutNaturalGas": "Connecticut Natural Gas",
			"Ampresand": "@",
			"Hash": "#",
			"Exclamation": "!",
			"Asterisk": "*",
			"LessThanSeven": "Connec",
			"WebsterCheck": "Webster Check"
			},
			"PopularLinks": {
			"PopularLink": "B"
			}
	}
}