{
	"testDataList": {
		"AccountSummaryAndTransactionDetailsErrors": {
			"NoAccountError": "You have been signed out as you don't have any active accounts. Call 800.325.2424, 24 hours a day, 7 days a week, for more info.",
			"NoItemsAvailableError": "No Items Available",
			"PurgedAccountError": "Your account is currently inactive and not eligible for this action. We apologize for any inconvenience",
			"CreditCardError": "For Credit Card transaction details please go to myaccountaccess.com.",
			"TransferExecutedError": "Transfer Executed Successfully. Confirmation number:",
			"ClosedAccountError": "We apologize for any inconvenience, your account information is temporarily unavailable. Please try again later."
		},
		"SearchParametersList": {
			"CheckingAccount": "Checking8970",
			"AccountSummaryAmount1": "110",
			"SpecialCharacters": "%^$#@",
			"AlphaCharacters": "abcdefg",
			"AccountSummaryAmount2": "0.10"
			}
	}
}