{
	"testDataList": {
		"CheckingAccountsPersonal": {
			"IMAccountPersonal1": "Checking4762test",
			"IMAccountPersonal2": "Checking"
		},
		"CheckingAccountsBusiness": {
			"IMAccountBusiness1": "Checking5359"
		},
		"SavingsAccountsPersonal": {
			"ST1AccountPersonal1": "nSaving1695",
			"ST1AccountPersonal2": "Saving"
		},
		"SavingsAccountsBusiness": {
			"ST1AccountBusiness1": "Savings"
		},
		"CDAccountsPersonal": {
			"CDAccountPersonal1": "CD9453",
			"CDAccountPersonal2": "CD"
		},
		"CDAccountsBusiness": {
			"CDAccountBusiness1": "CD9453"
		},
		"LOCAccountsPersonal": {
			"LOCAccountPersonal1": "LineOfCredit2895",
			"LOCAccountPersonal2": "ConsumerLoan"
		},
		"LOCAccountsBusiness": {
			"LOCAccountBusiness1": "loc"
		},
		"OtherLOCAccountsPersonal": {
			"OtherLOCAccountPersonal1": "MortgageLoan4190",
			"OtherLOCAccountPersonal2": "MortgageLoan"
		},
		"OtherLOCAccountsBusiness": {
			"OtherLOCAccountBusiness1": "mortg"
		},
		"CreditCardAccountsPersonal": {
			"CreditCardAccountPersonal1": "CreditCardnicknameupdatANDROID",
			"CreditCardAccountPersonal2": "CreditCard"
		},
		"CreditCardAccountsBusiness": {
			"CreditCardAccountBusiness1": "CreditCard0678"
		},
		"AllAccounts":{
			"IMAccount": "Checking",
			"SavingsAccount": "Saving"
		}
	}
}