{
	"testDataList": {
		"Error Messages": {
			"errorMessage": "Sorry, none of your accounts are eligible to use this feature.   to Non-Webster Accounts is not available to Business Customers.",
			"nickNameDuplicate": "Unable to save nickname. Please try again later.",
			"Sorry, none of your accounts are eligible": "Sorry, none of your accounts are eligible to use this feature.",
			"We're sorry, but you must first login": "We're sorry, but you must first log in to WebsterOnline.com before using Webster Mobile Banking.",
			"Invalid UserName Or Password": "Invalid username or password. Please select Forgot Password on the Log-in screen to reset your credentials.",
			"We're sorry, but you do not currently have access": "We're sorry, but you do not currently have access to Webster Mobile Banking. Go to WebsterOnline.com.",
			"We are unable to process your request at this time": "We are unable to process your request at this time. Please contact us at 800.325.2424, 24 hours a day, 7 days a week.",
			"Unable to continue without accepting terms and conditions": "Unable to continue without accepting terms and conditions"
		},
		"Security Answer": {
			"QAnswer": "answer"
		}
	}
}