{
	"testDataList": {
		"NAOTitles": {
			"PremierCheckingTitle": "Premier Checking",
			"WebsterOneRelationshipCheckingTitle": "WebsterOne Checking",
			"WebsterValueChecking": "Webster Value Checking",
			"WebsterStudentChecking": "Webster Student Checking",
			"WebsterOneSavings": "WebsterOne Savings",
			"PremiumMoneyMarketSavings": "Premium Money Market Savings",
			"WebsterValueSavings": "Webster Value Savings",
			"HolidayClubSavings": "Holiday Club Savings",
			"TraditionalCDs": "Traditional CD",
			"3YearBumpUp": "3 Year Bump Up CD"
		},
		"EmailAddress": {
		    "EmailAddressExisting": "webuser523610@websterbank.com",
			"EmailAddressPremier": "spothula@websterbank.com",
			"InValidEmailAddressPremier1": "spothula123",
			"InValidEmailAddressPremier2": "spothulawebsterbank.com",
			"Invalid Promo Code": "ABC1234",
			"InValid Promo Code Message": "We apologize, but the promotion code you entered is not valid.",
			"Expired Promo Code": "3021",
			"Expired Promo Code Message": "We apologize but the promotion you requested has expired.",
			"Valid Promo Code": "TESTING1023",
			"Valid Promo Code Message": "Based on promotional code you entered, you are applying for:",
			"Email Error Message": "A valid email address is required. Example: myname@webster.com"
		},
		"PersonalInfo": {
			"PremierChecking": "Premier Checking",
			"WebsterOneRelatioship": "WebsterOne Checking",
			"WebsterValue": "Webster Value Checking",
			"WebsterStudent": "Webster Student Checking",
			"WebsterOneSavings": "WebsterOne Savings",
			"PremiumMoneyMarket": "Premium Money Market Savings",
			"WebsterValueSavings": "Webster Value Savings",
			"HolidayClub": "Holiday Club Savings",
			"TraditionalCD": "7 Month CD",
			"TraditionalCDExisting": "6 Month Liquidity CD",
			"TraditionalCD5Month": "5 Month CD",
			"3YearBumpUp": "3 Year Bump Up CD",
			"SSNExist": "922293618",
			"DOBExist": "10/08/1949",
			"DOB": "01/01/1980",
			"FirstName": "Bob",
			"LastName": "Will",
			"Address1": "35 ginger street",
			"Address2": "eq=p,qf=p",
			"City": "hartford",
			"State": "Connecticut",
			"ZipCode": "06118",
			"CountryOfCitizenship": "United States of America",
			"CountryNonUSCitizenship": "Albania",
			"NonResidentAlien": "Non Resident Alien",
			"ResidentAlien": "Resident Alien",
			"PEP1Yes": "Yes",
			"PEP1No": "No",
			"PEP2Yes": "Yes",
			"PEP2No": "No",
			"Error Message PEP": "An answer is required.",
			"Error Message Cash": "An answer is required.",
			"Driver's License Issue Date": "02/05/2015",
			"Driver's License Expiration Date": "02/05/2025",
			"Employment Status": "Employed",
			"Employment Status Other": "Other",
			"Employment Status Retired": "Retired",
			"Employer Name": "Value",
			"Job Title": "Lead",
			"Average Monthly Cash Deposit Amount": "Less than $5,000",
			"Average Monthly Cash Withdrawal Amount": "Less than $5,000",
			"International Wire Transfers No": "No",
			"International Wire Transfers Yes": "Yes",
			"Amount Intend To Wire": "$5,001 to $10,000",
			"Send Domestic Wires": "Send Domestic Wires",
			"Emulation Question1 Answer": "Emulation Answer #1",
			"Emulation Question2 Answer": "Emulation Answer #2",
			"Error Message Unable to Open Account": "We were unable to open your account online.",
			"Already enrolled in online banking": "It looks like you are already enrolled in Online Banking. Please",
			"UserName": "webuser",
			"Password": "password",
			"ExistingUserName": "webuser31168",
			"ExistingUserName1": "webuser23772",
			"Address2OCYes": "eq=p,qf=p,oc=y",
			"Address2QF=P,OC=N": "eq=p,qf=p,oc=n",
			"Address2QF=F,OC=Y": "eq=p,qf=f,oc=y",
			"Address2QF=F,OC=N": "eq=p,qf=f,oc=n"
		},
		
		 "PersonalDetailsExisted": {
		    "EmailAddressExisted": "webuser523610@websterbank.com",
			"PremierChecking": "Premier Checking",
			"SSNExisted": "209970205",
			"DOBExisted": "09/08/1944",
			"DOB": "01/01/1980",
			"FirstName": "CAITLYN",
			"LastName": "WOOLMAN",
			"Address1": "73523 HIGHER",
			"Address2": "eq=p,qf=p",
			"City": "BloomField",
			"State": "Connecticut",
			"ZipCode": "06002",
			"CountryOfCitizenship": "United States of America",
			"CountryNonUSCitizenship": "Albania",
			"NonResidentAlien": "Non Resident Alien",
			"ResidentAlien": "Resident Alien",
			"PEP1Yes": "Yes",
			"PEP1No": "No",
			"PEP2Yes": "Yes",
			"PEP2No": "No",
			"License Number": "211618063",
			"Driver's License Issue Date": "07/21/2006",
			"Driver's License Expiration Date": "09/08/2012",
			"Employment Status": "Employed",
			"Employment Status Other": "Other",
			"Employment Status Retired": "Retired",
			"Employer Name": "Value",
			"Job Title": "Lead",
			"Average Monthly Cash Deposit Amount": "Less than $5,000",
			"Average Monthly Cash Withdrawal Amount": "Less than $5,000",
			"International Wire Transfers No": "No",
			"International Wire Transfers Yes": "Yes",
			"Amount Intend To Wire": "$5,001 to $10,000",
			"Send Domestic Wires": "Send Domestic Wires",
			"Emulation Question1 Answer": "Emulation Answer #1",
			"Emulation Question2 Answer": "Emulation Answer #2",
			"UserName": "webuser",
			"Password": "password",
			"ExistingUserName": "webuser523610",
			"Address2OCYes": "eq=p,qf=p,oc=y",
			"Address2QF=P,OC=N": "eq=p,qf=p,oc=n"
		},
		"PersonalInfo1": {
			"PremierChecking": "Premier Checking",
			"WebsterOneRelatioship": "WebsterOne Checking",
			"WebsterValue": "Webster Value Checking",
			"WebsterStudent": "Webster Student Checking",
			"WebsterOneSavings": "WebsterOne Savings",
			"PremiumMoneyMarket": "Premium Money Market Savings",
			"WebsterValueSavings": "Webster Value Savings",
			"HolidayClub": "Holiday Club Savings",
			"TraditionalCD": "7 Month CD",
			"TraditionalCDExisting": "6 Month Liquidity CD",
			"TraditionalCD5Month": "5 Month CD",
			"3YearBumpUp": "3 Year Bump Up CD",
			"DOB": "01/01/1980",
			"FirstName": "Bob",
			"LastName": "Will",
			"Address1": "35 ginger street",
			"Address2": "eq=p,qf=p",
			"City": "hartford",
			"State": "RI",
			"ZipCode": "06118",
			"CountryOfCitizenship": "United States of America",
			"PEP1Yes": "Yes",
			"PEP1No": "No",
			"PEP2Yes": "Yes",
			"PEP2No": "No",
			"Error Message PEP": "An answer is required.",
			"Error Message Cash": "An answer is required.",
			"Driver's License Issue Date": "02/05/2015",
			"Driver's License Expiration Date": "02/05/2025",
			"Employment Status": "Employed",
			"Employment Status Other": "Other",
			"Employer Name": "Value",
			"Job Title": "Lead",
			"Average Monthly Cash Deposit Amount": "Less than $5,000",
			"Average Monthly Cash Withdrawal Amount": "Less than $5,000",
			"International Wire Transfers No": "No",
			"International Wire Transfers Yes": "Yes",
			"Amount Intend To Wire": "$5,001 to $10,000",
			"Send Domestic Wires": "Send Domestic Wires",
			"Emulation Question1 Answer": "Emulation Answer #1",
			"Emulation Question2 Answer": "Emulation Answer #2",
			"Error Message Unable to Open Account": "We were unable to open your account online.",
			"UserName": "webuser",
			"Password": "password",
			"ExistingUserName": "webuser31168",
			"Address2OCYes": "eq=p,qf=p,oc=y",
			"Address2QF=P,OC=N": "eq=p,qf=p,oc=n",
			"Address2QF=F,OC=Y": "eq=p,qf=f,oc=y",
			"Address2QF=F,OC=N": "eq=p,qf=f,oc=n"
		},
		"PersonalInfo2": {
			"PremierChecking": "Premier Checking",
			"WebsterOneRelatioship": "WebsterOne Checking",
			"WebsterValue": "Webster Value Checking",
			"WebsterStudent": "Webster Student Checking",
			"WebsterOneSavings": "WebsterOne Savings",
			"PremiumMoneyMarket": "Premium Money Market Savings",
			"WebsterValueSavings": "Webster Value Savings",
			"HolidayClub": "Holiday Club Savings",
			"TraditionalCD": "7 Month CD",
			"TraditionalCDExisting": "6 Month Liquidity CD",
			"TraditionalCD5Month": "5 Month CD",
			"3YearBumpUp": "3 Year Bump Up CD",
			"DOB": "01/01/1980",
			"FirstName": "Bob",
			"LastName": "Will",
			"Address1": "35 ginger street",
			"Address2": "eq=p,qf=p",
			"City": "hartford",
			"State": "Maryland",
			"ZipCode": "06118",
			"CountryOfCitizenship": "United States of America",
			"PEP1Yes": "Yes",
			"PEP1No": "No",
			"PEP2Yes": "Yes",
			"PEP2No": "No",
			"Error Message PEP": "An answer is required.",
			"Error Message Cash": "An answer is required.",
			"Driver's License Issue Date": "02/05/2015",
			"Driver's License Expiration Date": "02/05/2025",
			"Employment Status": "Employed",
			"Employment Status Other": "Other",
			"Employer Name": "Value",
			"Job Title": "Lead",
			"Average Monthly Cash Deposit Amount": "Less than $5,000",
			"Average Monthly Cash Withdrawal Amount": "Less than $5,000",
			"International Wire Transfers No": "No",
			"International Wire Transfers Yes": "Yes",
			"Amount Intend To Wire": "$5,001 to $10,000",
			"Send Domestic Wires": "Send Domestic Wires",
			"Emulation Question1 Answer": "Emulation Answer #1",
			"Emulation Question2 Answer": "Emulation Answer #2",
			"Error Message Unable to Open Account": "We were unable to open your account online.",
			"UserName": "webuser",
			"Password": "password",
			"ExistingUserName": "webuser31168",
			"Address2OCYes": "eq=p,qf=p,oc=y",
			"Address2QF=P,OC=N": "eq=p,qf=p,oc=n",
			"Address2QF=F,OC=Y": "eq=p,qf=f,oc=y",
			"Address2QF=F,OC=N": "eq=p,qf=f,oc=n"
		}
	}
}