{
	"testDataList": {
		"SettingsList": {
			"Preferences": "PREFERENCES",
			"ChangeAccountOrder": "Change Account Order",
			"SetStart": "Set Start Page",
			"LoginType": "Login Type",
			"TouchID": "Touch ID",
			"PasscodeLogin": "Passcode Login"
		},
		"SetStartPageList": {
			"TransferFunds": "Transfer Funds",
			"ViewAccounts": "View Accounts",
			"Deposits": "Deposits",
			"BillPay": "BilPay",
			"CheckDeposits": "CheckDeposits"
		},
		"PreferenceMessages": {
			"PreferenceSavedSuccessfully": "Preference Saved Successfully",
			"UnableToHidePrimaryAccount": "Unable to hide primary account",
			"PreferenceRemovedSuccessfully": "Preference Removed Successfully",
			"PreferencesAccount": "Checking3572"
		},
		"SetStartSettings": {
			"LastVisited": "Last Visited",
			"MostFrequentlyVisited": "Most Frequently Visited"
		},
		"Passcode": {
			"PasscodeContentMessage": "Instead of logging on with your username and password, simply enter your Passcode to access your accounts. When using your Passcode you are using what is called 'two-factor authentication' which requires something you know (your Passcode) and the unique device ID.",
			"PasscodeNumber": "4477",
			"Invalid PasscodeNumber": "4478",
			"Error Message Invalid Passcode Entered": "You entered an invalid Passcode. Please try again.",
			"Maximum allowed passcode retries have exceeded": "The maximum allowed Passcode retries have been exceeded. Please create a new one in Passcode Settings.",
			"Passcode Number 4477": "4477",
			"Passcode Number 0879": "0879",
			"Passcode Number 1111": "1111",
			"Passcode Number 1234": "1234",
			"Passcodes don't match, please try again": "Passcodes don't match, please try again"
		}
	}
}