{
	"testDataList": {
		"AccountsPersonal": {
			"IM": "Checking4445",
			"ST1": "Saving4999",
			"ST3": "CD9453",
			"AM": "ConsumerLoan0228",
			"MS": "MortgageLoan1074",
			"CC": "CreditCard2152"
		},
		"AccountsBusiness": {
		    "IM": "Checking5179",
			"ST1": "echeck",
			"ST3": "onesave",
			"PURGED": "Checking5124",
			"CLOSED": "pmmarket"
		},
		"AccountsWithPurgedPersonal": {
			"IM": "Checking4445",
			"ST1": "Saving4999",
			"ST3": "CD9453",
			"AM": "ConsumerLoan0228",
			"MS": "MortgageLoan1074",
			"CC": "CreditCard2152",
			"PURGED": "Checking8429"
		},
		"AccountsWithPurgedBusiness": {
			 "IM": "Checking5179",
			"ST1": "echeck",
			"ST3": "onesave",
			"PURGED": "Checking5124",
			"CLOSED": "pmmarket"
		},
		"AccountsWithComingal": {
			"IM": "Checking7802",
			"ST1": "Saving2571",
			"CC": "CreditCard9379",
			"CLOSED": "Checking7749",
			"PURGED": "MoneyMarket7036"			
		},
		"AccountsWithSolProp": {
			"IM": "Checking3480",
			"ST1": "Saving5324",
			"MS": "locclosed",
			"ST3": "10yrMortgage",
			"CC": "creditcardnew",
			"PURGED": "Saving4214"
		},
		"AccountsWithClosedPersonal": {
			"IM": "Checking4445",
			"ST1": "Saving4999",
			"ST3": "CD9453",
			"AM": "ConsumerLoan0228",
			"MS": "MortgageLoan1074",
			"CC": "CreditCard2152",
			"PURGEDIM": "Checking8429"
		},
		"AccountsWithOneIMPurgedPersonal": {
			"IM": "Checking4445",
			"ST1": "Saving4999",
			"ST3": "CD9453",
			"AM": "ConsumerLoan0228",
			"MS": "MortgageLoan1074",
			"CC": "CreditCard2152",
			"PURGEDIM": "Checking8429"
		},
		"AccountsOnlyCheckingPurgedBusiness": {
			"PURGEDST1": "Saving7539",
			"PURGEDIM": "Checking2692"
		},
		"AccountsOnlyOneIMClosedBusiness": {
			"IM": "Loan",
			"CLOSEDCHECKING": "Checking2630"
		},
		"AccountsWithOneIMClosedPersonal": {
		    "ST1": "test",
		    "IM": "vinnyLOC",
		    "PURGED": "CD1591",
		    "CLOSEDCHECKING": "Checking0022"
		}
		}
}