{
	"testDataList": {
		"ListofErrorMessagesinDeposits": {
			"depositErrorMessage": "Your daily deposit limit is $3000",
			"depositInEligibleMessage": "You do not have an eligible account for Mobile Deposit",
			"ChooseAccountErrorMessage": "Please choose an account",
			"depositAmountGreaterMessage": "Amount must be greater than $0.00",
			"TermsAndConditionsErrorMessage": "Unable to continue without accepting terms and conditions.",
			"depositNoneMessage": "Sorry, none of your accounts are eligible to use this feature.  Transfers to Non-Webster Accounts is not available to Business Customers."
		},
		"ListOfAccountNames": {
			"valueSavingsAccount": "Webster value Saving1532",
			"oneSavingsAccount": "onesavings"
		},
		"DailyLimitErrorMessages": {
			"DailyLimit6000": "Your daily deposit limit is $6,000.00",
			"DailyLimit3000": "Your daily deposit limit is $3,000.00",
			"DailyLimit4000": "Your daily deposit limit is $4,000.00",
			"DailyLimit10000": "Your daily deposit limit is $10,000.00",
			"DailyLimit000": "Your daily deposit limit is $,000.00"
		},
		"CheckImagesErrors": {
			"CheckBackError": "Please take a back check image",
			"CheckFrontError": "Please take a Front check image",
			"IosLoadingError": "Error loading camera. Please check the camera settings for this application and try again.",
			"AndroidLoadingError": "To deposit a check, please grant permission for your camera to capture a check image."
		}
	}
}