{
	"testDataList": {
		"AddIneligibleAccPersonal": {
			"AccountNumber1": "22247236",
			"AccountNumber2": "4708224294",
			"PageLevelErrMsg": "Please review and correct the issues we have identified with the information you provided.",
			"ErrorMessage1": "We are unable to add your account at this time.Please contact a Webster Online Services Associate at (800) 995-9995.",
			"ErrorMessage2": "We are unable to add your account at this time.Please try again or contact a Webster Online Services Associate at (800) 995-9995."
		},
		"AddIneligibleAccBusiness": {
			"AccountNumber1": "9090076670",
			"AccountNumber2": "9090076618",
			"PageLevelErrMsg": "Please review and correct the issues we have identified with the information you provided.",
			"ErrorMessage1": "We are unable to add your account at this time.Please try again or contact a Webster Online Services Associate at (800) 995-9995.",
			"ErrorMessage2": "We are unable to add your account at this time.Please try again or contact a Webster Online Services Associate at (800) 995-9995."
		},
		"AddElgWbstAcctPandB": {
			"Personal": {
				"AccountNumber": "18904796",
				"DelAccountConfirmMsg": "This account has been deleted from your online profile.",
				"AddAccountConfirmMsg": "Your Webster Account has been added to your Webster Online Services profile.,Your Webster Account has been added to your WebsterOnline Services profile."
			},
			"Business": {
				"AccountNumber": "9320191973",
				"DelAccountConfirmMsg": "This account has been deleted from your online profile.",
				"AddAccountConfirmMsg": "Your Webster Account has been added to your Webster Online Services profile.,Your Webster Account has been added to your WebsterOnline Services profile."
			}
		},
		"AddAccountToProfileWithEligibleRelationship": {
			"SolProp": {
				"AccountNumber": "10102321855",
				"DelAccountConfirmMsg": "This account has been deleted from your online profile.",
				"AddAccountConfirmMsg": "Your Webster Account has been added to your Webster Online Services profile.,Your Webster Account has been added to your WebsterOnline Services profile."
			},
			"Commingled": {
				"AccountNumber": "22993599",
				"DelAccountConfirmMsg": "This account has been deleted from your online profile.",
				"AddAccountConfirmMsg": "Your Webster Account has been added to your Webster Online Services profile.,Your Webster Account has been added to your WebsterOnline Services profile."
			}
		},
		"AddEligibleCreditCardsToProfile": {
			"Personal": {
				"CreditCardNumber": "7989",
				"DelAccountConfirmMsg": "This account has been deleted from your online profile.",
				"AddAccountConfirmMsg": "Your Webster Account has been added to your Webster Online Services profile.,Your Webster Account has been added to your WebsterOnline Services profile."
			},
			"Business": {
				"CreditCardNumber": "7977",
				"DelAccountConfirmMsg": "This account has been deleted from your online profile.",
				"AddAccountConfirmMsg": "Your Webster Account has been added to your Webster Online Services profile.,Your Webster Account has been added to your WebsterOnline Services profile."
			},
			"SolProp": {
				"CreditCardNumber": "9847",
				"DelAccountConfirmMsg": "This account has been deleted from your online profile.",
				"AddAccountConfirmMsg": "Your Webster Account has been added to your Webster Online Services profile.,Your Webster Account has been added to your WebsterOnline Services profile."
			},
			"Commingled": {
				"CreditCardNumber": "5117",
				"DelAccountConfirmMsg": "This account has been deleted from your online profile.",
				"AddAccountConfirmMsg": "Your Webster Account has been added to your Webster Online Services profile.,Your Webster Account has been added to your WebsterOnline Services profile."
			}
		},
		"AddIneligibleCreditCardsToProfile": {
			"Personal": {
				"CreditCardNumber": "1212",
				"PageLevelErrMsg": "Please review and correct the issues we have identified with the information you provided.",
				"ErrorMessage": "We are unable to add your account at this time.Please try again or contact a Webster Online Services Associate at (800) 995-9995."
			},
			"Business": {
				"CreditCardNumber": "3636",
				"PageLevelErrMsg": "Please review and correct the issues we have identified with the information you provided.",
				"ErrorMessage": "We are unable to add your account at this time.Please try again or contact a Webster Online Services Associate at (800) 995-9995."
			},
			"SolProp": {
				"CreditCardNumber": "2125",
				"PageLevelErrMsg": "Please review and correct the issues we have identified with the information you provided.",
				"ErrorMessage": "We are unable to add your account at this time.Please try again or contact a Webster Online Services Associate at (800) 995-9995."
			},
			"Commingled": {
				"CreditCardNumber": "6566",
				"PageLevelErrMsg": "Please review and correct the issues we have identified with the information you provided.",
				"ErrorMessage": "We are unable to add your account at this time.Please try again or contact a Webster Online Services Associate at (800) 995-9995."
			}
		},
		"AddAccountToProfileWithIneligibleRelationship": {
			"SolProp": {
				"AccountNumber1": "10395884",
				"AccountNumber2": "10247992",
				"PageLevelErrMsg": "Please review and correct the issues we have identified with the information you provided.",
				"ErrorMessage": "We are unable to add your account at this time.Please contact a Webster Online Services Associate at (800) 995-9995."
			},
			"Commingled": {
				"AccountNumber1": "19023238",
				"AccountNumber2": "109948811",
				"PageLevelErrMsg": "Please review and correct the issues we have identified with the information you provided.",
				"ErrorMessage": "We are unable to add your account at this time.Please try again or contact a Webster Online Services Associate at (800) 995-9995."
			}
		}
	}
}