{
	"testDataList": {
		"EmergencyMessage": {
			"EmergencyMessageTitle": "WOL Web Automation",
			"EmergencyMessageBody": "Test WOL Emergency Message",
			"EndDateHour": "23",
			"EndDateMinute": "59"
		},
		"VerifyFeaturesLinks": {
			"Accounts Links": "Transaction History;Account Information;Statements;Export Transactions;Brokerage Accounts;Private Bank Accounts;Search for Transactions;Manage Webster Accounts;Add Webster Accounts;Set Up Statement eDelivery;View Deposit Details Preferences;Set Up Overdraft Protection;Reorder Checks;View Balance Alerts;Upgrade Webster Accounts;Set Up Account Features;Send a Secure Message;Call Us 24/7 at 800-325-2424",
			"Transfers Links": "Transfer Between Webster Accounts;Pending Transfers;Transfer History;Transfer Between Non-Webster Accounts;Add Non-Webster Accounts;Manage Non-Webster Accounts;Pending Transfers;Transfer History",
			"Payments Links": "Payment Center;Pay Bills;Set Up Bill Payments with Invoice;Set Up Tax Payments;Pending Payments;Payment History;Search for Payments;Add a Bill Pay Payee;Manage Payess, Add a Tax Payee,Send a Secure Message,Call Us 24/7 at 800-325-2424",
			"Services Links": "Set Up Statement eDelivery;View Deposit Details Preferences;View Balance Alerts;Reorder Checks;Place a Stop Payment;Request a Check Copy;Set Up Overdraft Protection'View Tax Forms;Request Banking Supplies;View Account Services History;Activate Debit Card;Report Lost or Stolen Debit Card;Order Debit Card;Replace Damaged or Existing Debit Card;Update Debit Card;Debit Card Services History;Travel Notification;Send a Secure Message;Call Us 24/7 at 800-325-2424",
			"Support Links": "Send Secure Message;Find a Location;User Name and Password;Email Address;Security Information,;Address and Phone Number Change;Business Information;Disclosure and Fees;Explore Our Products;Request Banking Supplies;Add New User;Manage Users;Send a Secure Message;Call Us 24/7 at 800-325-2424"
		},
		"VerifyLoanAccountsOrder": {
			"PersonalLoanAccount": "Overdraft Protection",
			"BusinessLoanAccount": "Business Loan"
		},
		"VerifyDepositAccountsOrder": {
			"PersonalCheckingAccount": "Premier Checking",
			"PersonalSavingAccount": "WebsterOne Savings",
			"BusinessCheckingAccount": "Webster Complete Business Ckg",
			"BusinessSavingAccount": "Webster Business Value Savings",
			"PersonalLoanAccount": "Overdraft Protection",
			"BusinessLoanAccount": "Business Loan"
		},
		"Messages": {
			"NoTransaction": "There is no transaction history to display because you have no open accounts set up for Online Banking. Information about your past Webster accounts is available through Statements."
		},
		"DateRanges": {
			"List1": "Custom Range",
			"List2": "Since Last Statement"
		},
		"TimePeriod": {
			"List1": "Date Range",
			"List2": "Since Last Statement",
			"List3": "Previous Statements"
		},
		"DateCustomRange": {
			"List1": "Custom Range"
		},
		"DropdownList": {
			"List1": "Quicken",
			"List2": "QuickBooks",
			"List3": "Text",
			"List4": "CSV",
			"List5": "Excel"
		},
		"DropdownList3": {
			"List3": "Text",
			"List4": "CSV",
			"List5": "Excel"
		},
		"PostedTransaction": {
			"List1": "Date",
			"List2": "Type",
			"List3": "Description",
			"List4": "Withdrawals",
			"List5": "Deposits",
			"List6": "Balance"
		},
		"PostedTransactionCol": {
			"List1": "Transaction Date",
			"List2": "Description",
			"List3": "Transaction Amount",
			"List4": "Principal Payment",
			"List5": "Interest Payment",
			"List6": "Other Charges",
			"List7": "Account Balance"
		},
		"PostedTransactionColVal": {
			"List1": "/",
			"List2": "FEE ASSESSMENT",
			"List3": "$",
			"List4": "$",
			"List5": "$",
			"List6": "$",
			"List7": "$"
		},
		"ESignPage": {
			"ESignLabel": "E-SIGN"
		},
		"OnlyCreditCard": {
			"TestData1": {
				"CreditCard": "xxxxxx7858",
				"AccountTypeValue": "Business Credit Card"
			},
			"TestData2": {
				"CreditCard": "xxxxxx0538",
				"AccountTypeValue": "Personal Credit Card"
			}
		},
		"OnlyLoanAccount": {
			"LoanAccount1": "xxxxxx2569",
			"LoanAccount2": "xxxxxx1414",
			"Overdraft Protection": "Overdraft Protection"
		}
	}
}