{
	"testDataList": {
		"CheckingAccountFields": {
			"AccountFormat": "xxxxxx3560",
			"AccountType": "Premier Checking"
		},
		"SavingAccountFields": {
			"AccountFormat": "xxxxxx0154",
			"AccountType": "Premier Savings"
		},
		"CDAccountFields": {
			"AccountFormat": "xxxxxx2981",
			"AccountType": "5 Year CD"
		},
		"CreditLineAccountFields": {
			"AccountFormat": "xxxxxx5211",
			"AccountType": "Credit Line"
		},
		"BusinessLoanAccountFields": {
			"AccountFormat": "xxxxxx5497",
			"AccountType": "Business Loan"
		},
		"CCAccountFields": {
			"AccountFormat": "xxxxxx9232",
			"AccountType": "Personal Credit Card"
		},
		"InvestAccountFields": {
			"AccountFormat": "xxxxxx7235",
			"AccountType": "WIS Investment Account"
		},
		"CheckingAccountFieldsLightbox": {
			"AccountFormat": "xxxxxx3560",
			"AccountType": "Premier Checking",
			"Nickname": "Checking"
		},
		"SavingAccountFieldsLightbox": {
			"AccountFormat": "xxxxxx0154",
			"AccountType": "Premier Savings",
			"Nickname": "Saving"
		},
		"CDAccountFieldsLightbox": {
			"AccountFormat": "xxxxxx2981",
			"AccountType": "5 Year CD",
			"Nickname": "CDAccount"
		},
		"CreditLineAccountFieldsLightbox": {
			"AccountFormat": "xxxxxx5211",
			"AccountType": "Credit Line",
			"Nickname": "CreditLine"
		},
		"BusinessLoanAccountFieldsLightbox": {
			"AccountFormat": "xxxxxx5497",
			"AccountType": "Business Loan"
		},
		"CreditCardAccountFieldsLightbox": {
			"AccountFormat": "xxxxxx9232",
			"AccountType": "Personal Credit Card",
			"Nickname": "CreditCard"
		},
		"InvestmentAccountFieldsLightbox": {
			"AccountFormat": "xxxxxx7235",
			"AccountType": "WIS Investment Account",
			"Nickname": "Investment"
		},
		"LinkFunctionality": {
			"AccountFormat": "xxxxxx0067",
			"AccountType": "Premier Checking",
			"Nickname": "Investment"
		},
		"AccountInfoNickname": {
			"AccountDetails1": {
				"AccountFormat": "xxxxxx4755",
				"AccountNumber": "9320304755",
				"AccountNickName": "MM",
				"AccountType": "Premier Business Money Market",
				"Account Details": "4755"
			},
			"AccountDetails2": {
				"AccountFormat": "xxxxxx2783",
				"AccountNumber": "00010104162783",
				"AccountNickName": "Saving",
				"AccountType": "Statement Savings",
				"Account Details": "2783"
			},
			"AccountDetails3": {
				"AccountFormat": "xxxxxx5712",
				"AccountNumber": "00010107665712",
				"AccountNickName": "CD",
				"AccountType": "30 MONTH BUSINESS CD",
				"Account Details": "5712"
			},
			"AccountDetails4": {
				"AccountFormat": "xxxxxx5354",
				"AccountNumber": "4708285354",
				"AccountNickName": "LOC",
				"AccountType": "Line of Credit",
				"Account Details": "5354"
			},
			"AccountDetails5": {
				"AccountFormat": "xxxxxx3982",
				"AccountNumber": "00004750533982",
				"AccountNickName": "Loan",
				"AccountType": "Business Loan",
				"Account Details": "3982"
			},
			"AccountDetails6": {
				"AccountFormat": "xxxxxx4970",
				"AccountNumber": "xxxxxx4970",
				"AccountNickName": "CCard",
				"AccountType": "Personal Credit Card",
				"Account Details": "4970"
			},
			"AccountDetails7": {
				"AccountFormat": "xxxxxx7235",
				"AccountNumber": "74117235",
				"AccountNickName": "Investment",
				"AccountType": "WIS Investment Account",
				"Account Details": "7235"
			}
		},
		"AccountInfoeDelivery": {
			"AccountDetails1": {
				"AccountFormat": "xxxxxx4755",
				"Account": "4755",
				"FullAccount": "9320304755",
				"AccountNickName": "MM",
				"NickName": "TestMM",
				"NewNickName": "AutoMM",
				"AccountType": "Premier Business Money Market"
			},
			"AccountDetails2": {
				"AccountFormat": "xxxxxx1748",
				"Account": "1748",
				"AccountNickName": "Savings",
				"AccountType": "Webster Value Savings"
			},
			"AccountDetails3": {
				"AccountFormat": "xxxxxx5354",
				"Account": "5354",
				"AccountNickName": "LOC",
				"AccountType": "Line of Credit"
			},
			"AccountDetails4": {
				"AccountFormat": "xxxxxx3982",
				"Account": "3982",
				"AccountNickName": "Loan",
				"AccountType": "Business Loan"
			}
		},
		"AccountInfoBillPay": {
			"AccountDetails1": {
				"AccountFormat": "xxxxxx1148",
				"FullAccount": "0011111148",
				"TargetAccount": "0010558021",
				"TargetAccountFormat": "xxxxxx8021",
				"AccountType": "Webster Complete Business Ckg",
				"NickName": "Checking",
				"NewNickName": "AutoMM"
			}
		},
		"TooltipContent": {
			"AccountDetails1": {
				"Account": "xxxxxx4755",
				"Account Status": "Open",
				"Status Content": "Normal activity allowed"
			},
			"AccountDetails2": {
				"Account": "xxxxxx2529",
				"Account Status": "Closed",
				"Status Content": "Account is closed"
			},
			"AccountDetails3": {
				"Account": "xxxxxx5354",
				"Account Status": "Purged",
				"Status Content": "Account has been removed from our systems. Go to Manage Webster Accounts to remove from your online profile"
			}
		},
		"ODTooltipContent": {
			"AccountDetails1": {
				"Account": "xxxxxx2211",
				"AccountNickname": "OverDraft"
			}
		},
		"NoStatements": {
			"AccountDetails1": {
				"Account": "xxxxxx7561",
				"AccountType": "Webster Value Checking"
			}
		},
		"PurgedAccounts": {
			"AccountDetails1": {
				"Account": "xxxxxx0084",
				"PurgedAccount": "xxxxxx0239",
				"LoanPurgedAccount": "xxxxxx0239",
				"AccountType1": "Webster Value Checking",
				"AccountType": "Passbook Savings",
				"PurgedLoanAccountType": "Mortgage Loan"
			}
		}
	}
}