{
	"testDataList": {
		"Add Ineligible Credit Card Account In Webcom": {
			"qa": {
				"Personal": {
					"AccountorCreditCardNumber": "1212",
					"Message": "Add credit card number xxxx-xxxx-xxxx-1212 failed. The account is not on customer's profile."
				},
				"Business": {
					"AccountorCreditCardNumber": "3636",
					"Message": "Add credit card number xxxx-xxxx-xxxx-3636 failed. The account is not on customer's profile."
				},
				"SolProp": {
					"AccountorCreditCardNumber": "2125",
					"Message": "Add credit card number xxxx-xxxx-xxxx-2125 failed. The account is not on customer's profile."
				},
				"Comingled": {
					"AccountorCreditCardNumber": "6566",
					"Message": "Add credit card number xxxx-xxxx-xxxx-6566 failed. The account is not on customer's profile."
				}
			},
			"stage": {
				"Personal": {
					"AccountorCreditCardNumber": "1212",
					"Message": "Add credit card number xxxx-xxxx-xxxx-1212 failed. The account is not on customer's profile."
				},
				"Business": {
					"AccountorCreditCardNumber": "3636",
					"Message": "Add credit card number xxxx-xxxx-xxxx-3636 failed. The account is not on customer's profile."
				},
				"SolProp": {
					"AccountorCreditCardNumber": "2125",
					"Message": "Add credit card number xxxx-xxxx-xxxx-2125 failed. The account is not on customer's profile."
				},
				"Comingled": {
					"AccountorCreditCardNumber": "6566",
					"Message": "Add credit card number xxxx-xxxx-xxxx-6566 failed. The account is not on customer's profile."
				}
			}
		},
		"Add Ineligible Webster Account In Webcom": {
			"qa": {
				"Personal": {
					"AccountorCreditCardNumber": "22247236",
					"Message": "Add account failed. 22247236 is ineligible account."
				},
				"Business": {
					"AccountorCreditCardNumber": "0023138564",
					"Message": "Add 23138564 failed. Account is ineligible to be added to profile."
				},
				"SolProp": {
					"AccountorCreditCardNumber": "10395884",
					"Message": "Add account failed. 10395884 is ineligible account."
				},
				"Comingled": {
					"AccountorCreditCardNumber": "10101086338",
					"Message": "Add 10101086338 failed. Account is ineligible to be added to profile."
				}
			},
			"stage": {
				"Personal": {
					"AccountorCreditCardNumber": "22247236",
					"Message": "Add account failed. 22247236 is ineligible account."
				},
				"Business": {
					"AccountorCreditCardNumber": "0023138564",
					"Message": "Add 23138564 failed. Account is ineligible to be added to profile."
				},
				"SolProp": {
					"AccountorCreditCardNumber": "10395884",
					"Message": "Add account failed. 10395884 is ineligible account."
				},
				"Comingled": {
					"AccountorCreditCardNumber": "10101086338",
					"Message": "Add 10101086338 failed. Account is ineligible to be added to profile."
				}
			}
		},
		
		"Add Eligible Credit Card Account In Webcom": {
			"qa": {
				"Personal": {
					"AccountorCreditCardNumber": "4223",
					"RemoveMessage": "The account(s) you selected, xxxx-xxxx-xxxx-4223 has been deleted.",
					"Message": "Credit card number xxxx-xxxx-xxxx-4223 was successfully added."
				},
				"Business": {
					"AccountorCreditCardNumber": "7262",
					"RemoveMessage": "The account(s) you selected, xxxx-xxxx-xxxx-7262 has been deleted.",
					"Message": "Credit card number xxxx-xxxx-xxxx-7262 was successfully added."
				},
				"SolProp": {
					"AccountorCreditCardNumber": "3018",
					"RemoveMessage": "The account(s) you selected, xxxx-xxxx-xxxx-3018 has been deleted.",
					"Message": "Credit card number xxxx-xxxx-xxxx-3018 was successfully added."
				},
				"Comingled": {
					"AccountorCreditCardNumber": "8166",
					"RemoveMessage": "The account(s) you selected, xxxx-xxxx-xxxx-8166 has been deleted.",
					"Message": "Credit card number xxxx-xxxx-xxxx-8166 was successfully added."
				}
			},
			"stage": {
				"Personal": {
					"AccountorCreditCardNumber": "3267",
					"RemoveMessage": "The account(s) you selected, xxxx-xxxx-xxxx-3267 has been deleted.",
					"Message": "Credit card number xxxx-xxxx-xxxx-3267 was successfully added."
				},
				"Business": {
					"AccountorCreditCardNumber": "7977",
					"RemoveMessage": "The account(s) you selected, xxxx-xxxx-xxxx-7977 has been deleted.",
					"Message": "Credit card number xxxx-xxxx-xxxx-7977 was successfully added."
				},
				"SolProp": {
					"AccountorCreditCardNumber": "3568",
					"RemoveMessage": "The account(s) you selected, xxxx-xxxx-xxxx-3568 has been deleted.",
					"Message": "Credit card number xxxx-xxxx-xxxx-3568 was successfully added."
				},
				"Comingled": {
					"AccountorCreditCardNumber": "8166",
					"RemoveMessage": "The account(s) you selected, xxxx-xxxx-xxxx-8166 has been deleted.",
					"Message": "Credit card number xxxx-xxxx-xxxx-8166 was successfully added."
				}
			}
		},
		
		"Add Eligible Webster Account In Webcom": {
			"qa": {
				"Personal": {
					"AccountorCreditCardNumber": "10105651282",
					"RemoveMessage": "The account(s) you selected, 00010105651282 has been deleted.",
					"Message": "10105651282 has been added successfully."
				},
				"Business": {
					"AccountorCreditCardNumber": "156914",
					"RemoveMessage": "The account(s) you selected, 0000156914 has been deleted.",
					"Message": "156914 has been added successfully."
				},
				"SolProp": {
					"AccountorCreditCardNumber": "9320118037",
					"RemoveMessage": "The account(s) you selected, 9320118037 has been deleted.",
					"Message": "9320118037 has been added successfully."
				},
				"Comingled": {
					"AccountorCreditCardNumber": "11163028",
					"RemoveMessage": "The account(s) you selected, 0011163028 has been deleted.",
					"Message": "11163028 has been added successfully."
				}
			},
			"stage": {
				"Personal": {
					"AccountorCreditCardNumber": "10105651282",
					"RemoveMessage": "The account(s) you selected, 00010105651282 has been deleted.",
					"Message": "10105651282 has been added successfully."
				},
				"Business": {
					"AccountorCreditCardNumber": "156914",
					"RemoveMessage": "The account(s) you selected, 0000156914 has been deleted.",
					"Message": "156914 has been added successfully."
				},
				"SolProp": {
					"AccountorCreditCardNumber": "9320118037",
					"RemoveMessage": "The account(s) you selected, 9320118037 has been deleted.",
					"Message": "9320118037 has been added successfully."
				},
				"Comingled": {
					"AccountorCreditCardNumber": "11163028",
					"RemoveMessage": "The account(s) you selected, 0011163028 has been deleted.",
					"Message": "11163028 has been added successfully."
				}
			}
		}
	}
}