{
	"testDataList": {
		"Electronic": {
			"Payee Name": "Connecticut Natural Gas",
			"ShortList": "Yes",
			"Payee Type": "Personal",
			"Add Message": "Your payee has been added",
			"Delete Msg": "Your payee has been deleted."
		},
		"Check": {
			"Payee Name": "CheckAutoPayee",
			"ShortList": "Yes",
			"Payee Type": "Personal",
			"Address One": "35 Ginger Street",
			"Address 2": "eq=p,qf=p",
			"City": "Hartford",
			"Zip": "06118",
			"Add Message": "Your payee has been added",
			"Delete Msg": "Your payee has been deleted."
		},
		"Convert Check": {
			"Payee Name": "Connecticut Natural Gas",
			"ShortList": "Yes",
			"Payee Type": "Personal",
			"Address One": "35 Ginger Street",
			"Address 2": "eq=p,qf=p",
			"City": "Hartford",
			"Zip": "06118",
			"Add Message": "Your payee has been added",
			"Delete Msg": "Your payee has been deleted."
		},
		"Convert Electronic": {
			"Payee Name": "Capital One",
			"ShortList": "Yes",
			"Payee Type": "Personal",
			"Add Message": "Your payee has been added",
			"Delete Msg": "Your payee has been deleted."
		},
		"More Addresses": {
			"Payee Name": "PFS Financing Corporation",
			"ShortList": "Yes",
			"Payee Type": "Personal",
			"Add Message": "Your payee has been added",
			"Delete Msg": "Your payee has been deleted."
		},
		"Cancel": {
			"Cancel Msg": "Are you sure you want to cancel this transaction?"
		},
		"Electronic Errors": {
			"Blank": {
				"Payee Name": "Capital One",
				"Error Msg": "Account number fields are required and must match."
			},
			"Mismatch": {
				"Account Number": "789",
				"Cnfrm Account Number": "789",
				"Payee Name": "Capital One",
				"ShortList": "Yes",
				"Payee Type": "Personal",
				"Cancel Msg": "Are you sure you want to cancel this transaction?",
				"Error Msg": "We were unable to validate your account number. You may verify and re-enter your account number or select to pay by check."
			}
		},
		"Check Errors": {
			"Account Number": "789456",
			"Cnfrm Account Number": "784587",
			"Payee Name": "CheckAutoPayee",
			"ShortList": "Yes",
			"Payee Type": "Personal",
			"Cancel Msg": "Are you sure you want to cancel this transaction?",
			"Error Msg": "Account number fields must match.",
			"Address Err": "Address is required and may only contain letters, numbers, spaces and the following punctuation: . , ' # - /",
			"City Err": "City is required and may only contain the following punctuation: - ' .",
			"Zip Err": "Please enter a valid zipcode.",
			"State Err": "Please select a valid state.",
			"Tooltip Msg": "A Business payee is accessible to authorized signers"
		},
		"Update Payee": {
			"Payee Name": "Connecticut Natural Gas",
			"ShortList": "Yes",
			"Payee Type": "Personal",
			"Add Message": "Your payee has been added",
			"Cancel Msg": "Are you sure you want to cancel this transaction?",
			"Delete Msg": "Your payee has been updated."
		}
	}
}