{
	"testDataList": {
		"Add or Remove Webster Account Webcom": {
			"qa": {
				"Personal": {
					"AccountorCreditCardNumber": "0022992990",
					"RemoveMessage": "The account(s) you selected, 0022992990 has been deleted.",
					"Message": "22992990 has been added successfully."
				},
				"Business": {
					"AccountorCreditCardNumber": "0010828634",
					"RemoveMessage": "The account(s) you selected, 0010828634 has been deleted.",
					"Message": "10828634 has been added successfully."
				}
			},
			"stage": {
				"Personal": {
					"AccountorCreditCardNumber": "0023391147",
					"RemoveMessage": "The account(s) you selected, 0023391147 has been deleted.",
					"Message": "23391147 has been added successfully."
				},
				"Business": {
					"AccountorCreditCardNumber": "0010210365",
					"RemoveMessage": "The account(s) you selected, 0010210365 has been deleted.",
					"Message": "10210365 has been added successfully."
				}
			}
		},
		"Update Account Nick Name in Webcom": {
			"Personal": {
				"AccountorCreditCardNumber": "8614080940",
				"NickName": "UpdateNickName123",
				"UpdateNickNameMessage": "The nickname you modified, UpdateNickName123, has been changed."
			},
			"Business": {
				"AccountorCreditCardNumber": "9070220426",
				"NickName": "UpdateNickName123",
				"UpdateNickNameMessage": "The nickname you modified, UpdateNickName123, has been changed."
			}
		}
	}
}
