{
	"testDataList": {
		"DeleteAddWebsterAccountsPandB": {
			"Personal": {
				"AccountNumber": "10107410671",
				"DelAccountConfirmMsg": "This account has been deleted from your online profile.",
				"AddAccountConfirmMsg": "Your Webster Account has been added to your Webster Online Services profile.,Your Webster Account has been added to your WebsterOnline Services profile."
			},
			"Business": {
				"AccountNumber": "15783295",
				"DelAccountConfirmMsg": "This account has been deleted from your online profile.",
				"AddAccountConfirmMsg": "Your Webster Account has been added to your Webster Online Services profile.,Your Webster Account has been added to your WebsterOnline Services profile."
			}
		},
		"AddWebsterAccountsAlreadyinProfile": {
			"Personal": {
				"CreditCardNumber": "0494",
				"AddExistingAccountConfirmMsg": "We could not process your request because your {Value1 to replace} # {Value2 to replace} is already included in your Online Profile.",
				"AddExistingCardConfirmMsg": "This credit card is already on your profile."
			},
			"Business": {
				"CreditCardNumber": "6663",
				"AddExistingAccountConfirmMsg": "We could not process your request because your {Value1 to replace} # {Value2 to replace} is already included in your Online Profile.",
				"AddExistingCardConfirmMsg": "This credit card is already on your profile."
			}
		},
		"UpdateNickNameforWebsterAccounts": {
			"Personal": {
				"AccountNumber": "30706618",
				"NickName": "TestPersonalAcc"
			},
			"Business": {
				"AccountNumber": "19995519",
				"NickName": "TestBusinessAcc"
			}
		},
		"VerifyAddAccountsErrorMessage": {
			"Personal": {
				"AccountNumber": "556930706618",
				"PageLevelErrMsg": "Please review and correct the issues we have identified with the information you provided.",
				"ErrorMessage": "We are unable to add your account at this time.Please try again or contact a Webster Online Services Associate at (800) 995-9995.",
				"PageContent": "Enter your account number, then click Add Account.For credit cards, enter the last 4 digits of your credit card account number."
			},
			"Business": {
				"AccountNumber": "36956985478",
				"PageLevelErrMsg": "Please review and correct the issues we have identified with the information you provided.",
				"ErrorMessage": "We are unable to add your account at this time.Please try again or contact a Webster Online Services Associate at (800) 995-9995.",
				"PageContent": "Enter your account number, then click Add Account.For credit cards, enter the last 4 digits of your credit card account number."
			}
		},
		"VerifyPopUpMessage": {
			"AccountNumber": "10512575",
			"PopUpMessage": "Please note: Other Business Administrators currently have access to the account you selected and may have granted view-only access to other users. If you select OK the account will be deleted from your online profile, but will remain intact on all other profiles that have access to the account. If you wish to remove account access from any other users, please go to the Manage User Access page."
		},
		"AddIneligibleAccount": {
			"AccountNumber": "23866214",
			"PageLevelErrMsg": "Please review and correct the issues we have identified with the information you provided.",
			"ErrorMessage": "We are unable to add your account at this time.Please try again or contact a Webster Online Services Associate at (800) 995-9995."
		}
	},
	"VerifyPopMsgForMultiAdm": {
		"AccountNumber": "10512575",
		"PopUpMessage": "Please note: Other Business Administrators currently have access to the account you selected and may have granted view-only access to other users. If you select OK the account will be deleted from your online profile, but will remain intact on all other profiles that have access to the account. If you wish to remove account access from any other users, please go to the Manage User Access page.",
		"AddAccountConfirmMsg":"Your Webster Account has been added to your Webster Online Services profile.,Your Webster Account has been added to your WebsterOnline Services profile."
	}
}