{
	"testDataList": {
		"Physical/Home Address": {
			"Street Address 1": "FirstStreet",
			"Street Address 2": "SecondStreet",
			"City": "Hartford",
			"State": "connecticut",
			"Zip Code": "06118"
		},
		"Alternate Mailing Address": {
			"Street Address 1": "FirstStreet",
			"Street Address 2": "SecondStreet",
			"City": "Hartford",
			"State": "connecticut",
			"Zip Code": "06118"
		},
		"Seasonal Address": {
			"Start Date": "Today",
			"End Date": "FutureDate",
			"Street Address 1": "FirstStreet",
			"Street Address 2": "SecondStreet",
			"City": "Hartford",
			"State": "connecticut",
			"Zip Code": "06118"
		},
		"Phone Numbers": {
			"Home Phone": "RandomPhoneNumber",
			"Cell Phone": "RandomPhoneNumber",
			"Work Phone": "RandomPhoneNumber"
		},
		"QuickLinks Address": {
			"QuickLink1": "View my account services history",
			"QuickLink2": "Go to the financial summary page",
			"QuickLink3": "Complete another address/phone change"
		},
		"Confirmation Message": {
			"Message": "Your Address and/or Phone Number change has been submitted, and will be completed within 1 to 2 business days"
		}
	}
}