{
	"testDataList": {
		"Multiple Tax Payees": {
			"FED": {
				"Group Name": "Federal Government",
				"Payee Name": "FED 990 - Organization Exempt Income Tax",
				"TIN": "120220226",
				"Payee Type": "Personal",
				"Delete Msg": "Your tax payee has been deleted."
			},
			"CT": {
				"Group Name": "State of Connecticut",
				"Payee Name": "CT 04100 - Sales and Use Tax",
				"TIN": "120220226",
				"Payee Type": "Personal",
				"Delete Msg": "Your tax payee has been deleted."
			},
			"RI": {
				"Group Name": "State of Rhode Island",
				"Payee Name": "RI 01101 - Daily Withholding Tax (WT)",
				"TIN": "120220226",
				"Payee Type": "Personal",
				"Delete Msg": "Your tax payee has been deleted."
			},
			"NY": {
				"Group Name": "State of New York",
				"Payee Name": "NY - Withholding Tax (WT)",
				"TIN": "120220226",
				"Payee Type": "Personal",
				"Delete Msg": "Your tax payee has been deleted."
			},
			"MA": {
				"Group Name": "State of Massachusetts",
				"Payee Name": "MA 0137M - Monthly Sales and Use Tax",
				"TIN": "120220226",
				"Payee Type": "Personal",
				"Delete Msg": "Your tax payee has been deleted."
			}
		},
		"View Only": {
			"Error Msg": "You currently do not have access to perform this function based on your assigned User Role."
		},
		"Transact User": {
			"Group Name": "Federal Government",
			"Payee Name": "FED 990 - Organization Exempt Income Tax",
			"TIN": "942212131",
			"Payee Type": "Personal",
			"Delete Msg": "Your tax payee has been deleted."
		},
		"Comingled User": {
			"Personal": {
				"Group Name": "Federal Government",
				"Payee Name": "FED 990 - Organization Exempt Income Tax",
				"TIN": "480266210",
				"Payee Type": "Personal",
				"Delete Msg": "Your tax payee has been deleted."
			},
			"Business": {
				"Group Name": "Federal Government",
				"Payee Name": "FED 990 - Organization Exempt Income Tax",
				"TIN": "480266210",
				"Payee Type": "Business",
				"Delete Msg": "Your tax payee has been deleted."
			}
		},
		"Disclosure": {
			"Group Name": "Federal Government",
			"Payee Name": "FED 990 - Organization Exempt Income Tax",
			"TIN": "480266210",
			"Tooltip": "A Business payee is accessible to authorized signers",
			"Error Msg": "You must accept the Payee Disclosure to continue.",
			"Payee Type": "Business"
		},
		"Payee Error": {
			"Group Name": "Federal Government",
			"Payee Name": "FED 990 - Organization Exempt Income Tax",
			"TIN": "480266210",
			"Tooltip": "A Business payee is accessible to authorized signers",
			"Payee Type": "",
			"Error Msg": "Please select a payee designation before continuing. Refer to the informational icon (?) next to the payee designation choices for a complete explanation."
		},
		"Duplicate Payee": {
			"Group Name": "Federal Government",
			"Payee Name": "FED 990 - Organization Exempt Income Tax",
			"TIN": "120220226",
			"Payee Type": "Personal",
			"Error Msg": "This payee is already in your payee list.",
			"Delete Msg": "Your tax payee has been deleted."
		},
		"Error": {
			"Group Name": "Federal Government",
			"Payee Name": "FED 990 - Organization Exempt Income Tax",
			"Error Msg": "A Taxpayer ID is required."
		}
	}
}