{
	"testDataList": {
		"SIGBEN Enrollment": {
			"First Name": "Srinivas",
			"Middle Initial": "a",
			"Last Name": "Ramanujan",
			"Suffix": "",
			"Street Address": "35 Ginger Street",
			"Street Address Line 2": "eq=p,qf=p",
			"City": "Hartford",
			"State": "CT",
			"Zip": "06118",
			"Home Phone": "(860) 454-8789",
			"Office Phone": "(860) 454-8789",
			"Social Security #": "759338295",
			"Date of Birth": "1994-03-25",
			"Driver's License state": "CT",
			"Driver's License #": "984657655",
			"License Issue date": "2010-10-10",
			"License Expiration Date": "2040-10-10",
			"Email Address": "pjanyavula_vlm@websterbank.com",
			"Taxpayer ID#": "026278509",
			"Account Type": "5",
			"Business Account #": "0010976861",
			"Years In Business": "86",
			"Industry": "3",
			"# of Employees": "77",
			"User Name": "random",
			"Password": "password",
			"CnfrmPassword": "password",
			"qusetion1": "1",
			"question2": "2"
		},
		"SIGBEN Enrollment Only": {
			"First Name": "Srinivas",
			"Middle Initial": "a",
			"Last Name": "Ramanujan",
			"Suffix": "",
			"Street Address": "35 Ginger Street",
			"Street Address Line 2": "eq=p,qf=p",
			"City": "Hartford",
			"State": "CT",
			"Zip": "06118",
			"Home Phone": "(860) 454-8789",
			"Office Phone": "(860) 454-8789",
			"Social Security #": "639135294",
			"Date of Birth": "1994-05-06",
			"Driver's License state": "CT",
			"Driver's License #": "984657655",
			"License Issue date": "2010-10-10",
			"License Expiration Date": "2040-10-10",
			"Email Address": "pjanyavula_vlm@websterbank.com",
			"Taxpayer ID#": "026278509",
			"Account Type": "5",
			"Business Account #": "0010976861",
			"Years In Business": "86",
			"Industry": "3",
			"# of Employees": "77",
			"User Name": "random",
			"Password": "password",
			"CnfrmPassword": "password",
			"qusetion1": "1",
			"question2": "2",
			"Account Number":"0010976861",
			"AccountorCreditCardNumber":"0010976861",
			"CIF":"2682160",
		},
		"Admin SIGBEN": {
			"First Name": "Christa",
			"Middle Initial": "A",
			"Last Name": "Wibbenmeyer",
			"Suffix": "",
			"Street Address": "35 Ginger Street",
			"Street Address Line 2": "eq=p,qf=p",
			"City": "Hartford",
			"State": "CT",
			"Zip": "06118",
			"HPhone1": "860",
			"HPhone2": "454",
			"HPhone3": "8789",
			"OPhone1": "860",
			"OPhone2": "789",
			"OPhone3": "8659",
			"SSN": "639135294",
			"Date of Birth": "05/06/1994",
			"Email Address": "pjanyavula_vlm@websterbank.com",
			"Role": "ad",
			"User Name": "random",
			"Account Number":"0010976861"
		},
		"Transact SIGBEN": {
			"First Name": "Christa",
			"Middle Initial": "A",
			"Last Name": "Wibbenmeyer",
			"Suffix": "",
			"Street Address": "35 Ginger Street",
			"Street Address Line 2": "eq=p,qf=p",
			"City": "Hartford",
			"State": "CT",
			"Zip": "06118",
			"HPhone1": "860",
			"HPhone2": "454",
			"HPhone3": "8789",
			"OPhone1": "860",
			"OPhone2": "789",
			"OPhone3": "8659",
			"SSN": "639135294",
			"Date of Birth": "05/06/1994",
			"Email Address": "pjanyavula_vlm@websterbank.com",
			"Role": "tr",
			"User Name": "random",
			"Account Number":"0010976861"
		},
		"SIGCTL Enrollment": {
			"First Name": "Srinivas",
			"Middle Initial": "a",
			"Last Name": "Ramanujan",
			"Suffix": "",
			"Street Address": "35 Ginger Street",
			"Street Address Line 2": "eq=p,qf=p",
			"City": "Hartford",
			"State": "CT",
			"Zip": "06118",
			"Home Phone": "(860) 454-8789",
			"Office Phone": "(860) 454-8789",
			"Social Security #": "516853287",
			"Date of Birth": "1980-05-12",
			"Driver's License state": "CT",
			"Driver's License #": "984657655",
			"License Issue date": "2010-10-10",
			"License Expiration Date": "2040-10-10",
			"Email Address": "pjanyavula_vlm@websterbank.com",
			"Taxpayer ID#": "600014266",
			"Account Type": "7",
			"Business Account #": "00010106502595",
			"Years In Business": "86",
			"Industry": "3",
			"# of Employees": "77",
			"User Name": "random",
			"Password": "password",
			"CnfrmPassword": "password",
			"qusetion1": "1",
			"question2": "2"
		},
		"SIGCTL Enrollment Only": {
			"First Name": "Srinivas",
			"Middle Initial": "a",
			"Last Name": "Ramanujan",
			"Suffix": "",
			"Street Address": "35 Ginger Street",
			"Street Address Line 2": "eq=p,qf=p",
			"City": "Hartford",
			"State": "CT",
			"Zip": "06118",
			"Home Phone": "(860) 454-8789",
			"Office Phone": "(860) 454-8789",
			"Social Security #": "499478250",
			"Date of Birth": "1946-11-12",
			"Driver's License state": "CT",
			"Driver's License #": "984657655",
			"License Issue date": "2010-10-10",
			"License Expiration Date": "2040-10-10",
			"Email Address": "pjanyavula_vlm@websterbank.com",
			"Taxpayer ID#": "600014266",
			"Account Type": "7",
			"Business Account #": "00010106502595",
			"Years In Business": "86",
			"Industry": "3",
			"# of Employees": "77",
			"User Name": "random",
			"Password": "password",
			"CnfrmPassword": "password",
			"qusetion1": "1",
			"question2": "2",
			"Account Number":"00010106502595",
			"AccountorCreditCardNumber":"00010106502595",
			"CIF":"2880784"
		},
		"Admin SIGCTL": {
			"First Name": "Christa",
			"Middle Initial": "A",
			"Last Name": "Wibbenmeyer",
			"Suffix": "",
			"Street Address": "35 Ginger Street",
			"Street Address Line 2": "eq=p,qf=p",
			"City": "Hartford",
			"State": "CT",
			"Zip": "06118",
			"HPhone1": "860",
			"HPhone2": "454",
			"HPhone3": "8789",
			"OPhone1": "860",
			"OPhone2": "789",
			"OPhone3": "8659",
			"SSN": "499478250",
			"Date of Birth": "11/12/1946",
			"Email Address": "pjanyavula_vlm@websterbank.com",
			"Role": "ad",
			"User Name": "random",
			"Account Number":"00010106502595"
		},
		"Transact SIGCTL": {
			"First Name": "Christa",
			"Middle Initial": "A",
			"Last Name": "Wibbenmeyer",
			"Suffix": "",
			"Street Address": "35 Ginger Street",
			"Street Address Line 2": "eq=p,qf=p",
			"City": "Hartford",
			"State": "CT",
			"Zip": "06118",
			"HPhone1": "860",
			"HPhone2": "454",
			"HPhone3": "8789",
			"OPhone1": "860",
			"OPhone2": "789",
			"OPhone3": "8659",
			"SSN": "979597221",
			"Date of Birth": "07/08/1947",
			"Email Address": "pjanyavula_vlm@websterbank.com",
			"Role": "tr",
			"User Name": "random",
			"Account Number":"00010106502595"
		},
		"SIGBOC Enrollment": {
			"First Name": "Srinivas",
			"Middle Initial": "a",
			"Last Name": "Ramanujan",
			"Suffix": "",
			"Street Address": "35 Ginger Street",
			"Street Address Line 2": "eq=p,qf=p",
			"City": "Hartford",
			"State": "CT",
			"Zip": "06118",
			"Home Phone": "(860) 454-8789",
			"Office Phone": "(860) 454-8789",
			"Social Security #": "559985264",
			"Date of Birth": "1972-08-29",
			"Driver's License state": "CT",
			"Driver's License #": "984657655",
			"License Issue date": "2010-10-10",
			"License Expiration Date": "2040-10-10",
			"Email Address": "pjanyavula_vlm@websterbank.com",
			"Taxpayer ID#": "426977541",
			"Account Type": "5",
			"Business Account #": "0010780462",
			"Years In Business": "86",
			"Industry": "3",
			"# of Employees": "77",
			"User Name": "random",
			"Password": "password",
			"CnfrmPassword": "password",
			"qusetion1": "1",
			"question2": "2"
		},
		"SIGBOC Enrollment Only": {
			"First Name": "Srinivas",
			"Middle Initial": "a",
			"Last Name": "Ramanujan",
			"Suffix": "",
			"Street Address": "35 Ginger Street",
			"Street Address Line 2": "eq=p,qf=p",
			"City": "Hartford",
			"State": "CT",
			"Zip": "06118",
			"Home Phone": "(860) 454-8789",
			"Office Phone": "(860) 454-8789",
			"Social Security #": "819281269",
			"Date of Birth": "1973-02-15",
			"Driver's License state": "CT",
			"Driver's License #": "984657655",
			"License Issue date": "2010-10-10",
			"License Expiration Date": "2040-10-10",
			"Email Address": "pjanyavula_vlm@websterbank.com",
			"Taxpayer ID#": "426977541",
			"Account Type": "5",
			"Business Account #": "0010780462",
			"Years In Business": "86",
			"Industry": "3",
			"# of Employees": "77",
			"User Name": "random",
			"Password": "password",
			"CnfrmPassword": "password",
			"qusetion1": "1",
			"question2": "2",
			"Account Number":"0010780462",
			"AccountorCreditCardNumber":"0010780462",
			"CIF":"2602297"
		},
		"Admin SIGBOC": {
			"First Name": "Christa",
			"Middle Initial": "A",
			"Last Name": "Wibbenmeyer",
			"Suffix": "",
			"Street Address": "35 Ginger Street",
			"Street Address Line 2": "eq=p,qf=p",
			"City": "Hartford",
			"State": "CT",
			"Zip": "06118",
			"HPhone1": "860",
			"HPhone2": "454",
			"HPhone3": "8789",
			"OPhone1": "860",
			"OPhone2": "789",
			"OPhone3": "8659",
			"SSN": "819281269",
			"Date of Birth": "02/15/1973",
			"Email Address": "pjanyavula_vlm@websterbank.com",
			"Role": "ad",
			"User Name": "random",
			"Account Number":"0010780462"
		},
		"Transact SIGBOC": {
			"First Name": "Christa",
			"Middle Initial": "A",
			"Last Name": "Wibbenmeyer",
			"Suffix": "",
			"Street Address": "35 Ginger Street",
			"Street Address Line 2": "eq=p,qf=p",
			"City": "Hartford",
			"State": "CT",
			"Zip": "06118",
			"HPhone1": "860",
			"HPhone2": "454",
			"HPhone3": "8789",
			"OPhone1": "860",
			"OPhone2": "789",
			"OPhone3": "8659",
			"SSN": "819281269",
			"Date of Birth": "02/15/1973",
			"Email Address": "pjanyavula_vlm@websterbank.com",
			"Role": "tr",
			"User Name": "random",
			"Account Number":"0010780462"
		},
		"LNGTBN Enrollment": {
			"First Name": "Srinivas",
			"Middle Initial": "a",
			"Last Name": "Ramanujan",
			"Suffix": "",
			"Street Address": "35 Ginger Street",
			"Street Address Line 2": "eq=p,qf=p",
			"City": "Hartford",
			"State": "CT",
			"Zip": "06118",
			"Home Phone": "(860) 454-8789",
			"Office Phone": "(860) 454-8789",
			"Social Security #": "239180206",
			"Date of Birth": "1975-08-25",
			"Driver's License state": "CT",
			"Driver's License #": "984657655",
			"License Issue date": "2010-10-10",
			"License Expiration Date": "2040-10-10",
			"Email Address": "pjanyavula_vlm@websterbank.com",
			"Taxpayer ID#": "359446207",
			"Account Type": "5",
			"Business Account #": "9320286327",
			"Years In Business": "86",
			"Industry": "3",
			"# of Employees": "77",
			"User Name": "random",
			"Password": "password",
			"CnfrmPassword": "password",
			"qusetion1": "1",
			"question2": "2"
		},
		"LNGTBN Enrollment Only": {
			"First Name": "Srinivas",
			"Middle Initial": "a",
			"Last Name": "Ramanujan",
			"Suffix": "",
			"Street Address": "35 Ginger Street",
			"Street Address Line 2": "eq=p,qf=p",
			"City": "Hartford",
			"State": "CT",
			"Zip": "06118",
			"Home Phone": "(860) 454-8789",
			"Office Phone": "(860) 454-8789",
			"Social Security #": "641544228",
			"Date of Birth": "1957-08-02",
			"Driver's License state": "CT",
			"Driver's License #": "984657655",
			"License Issue date": "2010-10-10",
			"License Expiration Date": "2040-10-10",
			"Email Address": "pjanyavula_vlm@websterbank.com",
			"Taxpayer ID#": "359446207",
			"Account Type": "5",
			"Business Account #": "9320286327",
			"Years In Business": "86",
			"Industry": "3",
			"# of Employees": "77",
			"User Name": "random",
			"Password": "password",
			"CnfrmPassword": "password",
			"qusetion1": "1",
			"question2": "2",
			"Account Number":"00004750608226",
			"AccountorCreditCardNumber":"00004750608226",
			"CIF":"2704899"
		},
		"Admin LNGTBN": {
			"First Name": "Christa",
			"Middle Initial": "A",
			"Last Name": "Wibbenmeyer",
			"Suffix": "",
			"Street Address": "35 Ginger Street",
			"Street Address Line 2": "eq=p,qf=p",
			"City": "Hartford",
			"State": "CT",
			"Zip": "06118",
			"HPhone1": "860",
			"HPhone2": "454",
			"HPhone3": "8789",
			"OPhone1": "860",
			"OPhone2": "789",
			"OPhone3": "8659",
			"SSN": "641544228",
			"Date of Birth": "08/02/1957",
			"Email Address": "pjanyavula_vlm@websterbank.com",
			"Role": "ad",
			"User Name": "random",
			"Account Number":"00004750608226"
		},
		"Transact LNGTBN": {
			"First Name": "Christa",
			"Middle Initial": "A",
			"Last Name": "Wibbenmeyer",
			"Suffix": "",
			"Street Address": "35 Ginger Street",
			"Street Address Line 2": "eq=p,qf=p",
			"City": "Hartford",
			"State": "CT",
			"Zip": "06118",
			"HPhone1": "860",
			"HPhone2": "454",
			"HPhone3": "8789",
			"OPhone1": "860",
			"OPhone2": "789",
			"OPhone3": "8659",
			"SSN": "641544228",
			"Date of Birth": "08/02/1957",
			"Email Address": "pjanyavula_vlm@websterbank.com",
			"Role": "tr",
			"User Name": "random",
			"Account Number":"00004750608226"
		},
		"LNGTCL Enrollment": {
			"First Name": "Srinivas",
			"Middle Initial": "a",
			"Last Name": "Ramanujan",
			"Suffix": "",
			"Street Address": "35 Ginger Street",
			"Street Address Line 2": "eq=p,qf=p",
			"City": "Hartford",
			"State": "CT",
			"Zip": "06118",
			"Home Phone": "(860) 454-8789",
			"Office Phone": "(860) 454-8789",
			"Social Security #": "689774252",
			"Date of Birth": "1945-11-18",
			"Driver's License state": "CT",
			"Driver's License #": "984657655",
			"License Issue date": "2010-10-10",
			"License Expiration Date": "2040-10-10",
			"Email Address": "pjanyavula_vlm@websterbank.com",
			"Taxpayer ID#": "120717226",
			"Account Type": "5",
			"Business Account #": "108007511",
			"Years In Business": "86",
			"Industry": "3",
			"# of Employees": "77",
			"User Name": "random",
			"Password": "password",
			"CnfrmPassword": "password",
			"qusetion1": "1",
			"question2": "2"
		},
		"LNGTCL Enrollment Only": {
			"First Name": "Srinivas",
			"Middle Initial": "a",
			"Last Name": "Ramanujan",
			"Suffix": "",
			"Street Address": "35 Ginger Street",
			"Street Address Line 2": "eq=p,qf=p",
			"City": "Hartford",
			"State": "CT",
			"Zip": "06118",
			"Home Phone": "(860) 454-8789",
			"Office Phone": "(860) 454-8789",
			"Social Security #": "109305207",
			"Date of Birth": "1968-07-27",
			"Driver's License state": "CT",
			"Driver's License #": "984657655",
			"License Issue date": "2010-10-10",
			"License Expiration Date": "2040-10-10",
			"Email Address": "pjanyavula_vlm@websterbank.com",
			"Taxpayer ID#": "120717226",
			"Account Type": "5",
			"Business Account #": "108007511",
			"Years In Business": "86",
			"Industry": "3",
			"# of Employees": "77",
			"User Name": "random",
			"Password": "password",
			"CnfrmPassword": "password",
			"qusetion1": "1",
			"question2": "2",
			"Account Number":"00004750143756",
			"AccountorCreditCardNumber":"00004750143756",
			"CIF": "1647396"
		},
		"Admin LNGTCL": {
			"First Name": "Christa",
			"Middle Initial": "A",
			"Last Name": "Wibbenmeyer",
			"Suffix": "",
			"Street Address": "35 Ginger Street",
			"Street Address Line 2": "eq=p,qf=p",
			"City": "Hartford",
			"State": "CT",
			"Zip": "06118",
			"HPhone1": "860",
			"HPhone2": "454",
			"HPhone3": "8789",
			"OPhone1": "860",
			"OPhone2": "789",
			"OPhone3": "8659",
			"SSN": "109305207",
			"Date of Birth": "07/27/1968",
			"Email Address": "pjanyavula_vlm@websterbank.com",
			"Role": "ad",
			"User Name": "random",
			"Account Number":"00004750143756"
		},
		"Transact LNGTCL": {
			"First Name": "Christa",
			"Middle Initial": "A",
			"Last Name": "Wibbenmeyer",
			"Suffix": "",
			"Street Address": "35 Ginger Street",
			"Street Address Line 2": "eq=p,qf=p",
			"City": "Hartford",
			"State": "CT",
			"Zip": "06118",
			"HPhone1": "860",
			"HPhone2": "454",
			"HPhone3": "8789",
			"OPhone1": "860",
			"OPhone2": "789",
			"OPhone3": "8659",
			"SSN": "109305207",
			"Date of Birth": "07/27/1968",
			"Email Address": "pjanyavula_vlm@websterbank.com",
			"Role": "tr",
			"User Name": "random",
			"Account Number":"00004750143756"
		},
		"LNDGBC Enrollment": {
			"First Name": "Srinivas",
			"Middle Initial": "a",
			"Last Name": "Ramanujan",
			"Suffix": "",
			"Street Address": "35 Ginger Street",
			"Street Address Line 2": "eq=p,qf=p",
			"City": "Hartford",
			"State": "CT",
			"Zip": "06118",
			"Home Phone": "(860) 454-8789",
			"Office Phone": "(860) 454-8789",
			"Social Security #": "299293217",
			"Date of Birth": "1948-08-04",
			"Driver's License state": "CT",
			"Driver's License #": "984657655",
			"License Issue date": "2010-10-10",
			"License Expiration Date": "2040-10-10",
			"Email Address": "pjanyavula_vlm@websterbank.com",
			"Taxpayer ID#": "527844232",
			"Account Type": "5",
			"Business Account #": "10493302",
			"Years In Business": "86",
			"Industry": "3",
			"# of Employees": "77",
			"User Name": "random",
			"Password": "password",
			"CnfrmPassword": "password",
			"qusetion1": "1",
			"question2": "2"
		},
		"LNDGBC Enrollment Only": {
			"First Name": "Srinivas",
			"Middle Initial": "a",
			"Last Name": "Ramanujan",
			"Suffix": "",
			"Street Address": "35 Ginger Street",
			"Street Address Line 2": "eq=p,qf=p",
			"City": "Hartford",
			"State": "CT",
			"Zip": "06118",
			"Home Phone": "(860) 454-8789",
			"Office Phone": "(860) 454-8789",
			"Social Security #": "489397251",
			"Date of Birth": "1950-10-11",
			"Driver's License state": "CT",
			"Driver's License #": "984657655",
			"License Issue date": "2010-10-10",
			"License Expiration Date": "2040-10-10",
			"Email Address": "pjanyavula_vlm@websterbank.com",
			"Taxpayer ID#": "527844232",
			"Account Type": "5",
			"Business Account #": "10493302",
			"Years In Business": "86",
			"Industry": "3",
			"# of Employees": "77",
			"User Name": "random",
			"Password": "password",
			"CnfrmPassword": "password",
			"qusetion1": "1",
			"question2": "2",
			"Account Number":"00004750131393",
			"AccountorCreditCardNumber":"00004750131393",
			"CIF":"1791743"
		},
		"Admin LNDGBC": {
			"First Name": "Christa",
			"Middle Initial": "A",
			"Last Name": "Wibbenmeyer",
			"Suffix": "",
			"Street Address": "35 Ginger Street",
			"Street Address Line 2": "eq=p,qf=p",
			"City": "Hartford",
			"State": "CT",
			"Zip": "06118",
			"HPhone1": "860",
			"HPhone2": "454",
			"HPhone3": "8789",
			"OPhone1": "860",
			"OPhone2": "789",
			"OPhone3": "8659",
			"SSN": "489397251",
			"Date of Birth": "10/11/1950",
			"Email Address": "pjanyavula_vlm@websterbank.com",
			"Role": "ad",
			"User Name": "random",
			"Account Number":"00004750131393"
		},
		"Transact LNDGBC": {
			"First Name": "Christa",
			"Middle Initial": "A",
			"Last Name": "Wibbenmeyer",
			"Suffix": "",
			"Street Address": "35 Ginger Street",
			"Street Address Line 2": "eq=p,qf=p",
			"City": "Hartford",
			"State": "CT",
			"Zip": "06118",
			"HPhone1": "860",
			"HPhone2": "454",
			"HPhone3": "8789",
			"OPhone1": "860",
			"OPhone2": "789",
			"OPhone3": "8659",
			"SSN": "489397251",
			"Date of Birth": "10/11/1950",
			"Email Address": "pjanyavula_vlm@websterbank.com",
			"Role": "tr",
			"User Name": "random",
			"Account Number":"00004750131393"
		},
		"SIGBEN Enrollment Loan": {
			"First Name": "Srinivas",
			"Middle Initial": "a",
			"Last Name": "Ramanujan",
			"Suffix": "",
			"Street Address": "35 Ginger Street",
			"Street Address Line 2": "eq=p,qf=p",
			"City": "Hartford",
			"State": "CT",
			"Zip": "06118",
			"Home Phone": "(860) 454-8789",
			"Office Phone": "(860) 454-8789",
			"Social Security #": "259676213",
			"Date of Birth": "1941-03-04",
			"Driver's License state": "CT",
			"Driver's License #": "984657655",
			"License Issue date": "2010-10-10",
			"License Expiration Date": "2040-10-10",
			"Email Address": "pjanyavula_vlm@websterbank.com",
			"Taxpayer ID#": "930419131",
			"Account Type": "5",
			"Business Account #": "10551589",
			"Years In Business": "86",
			"Industry": "3",
			"# of Employees": "77",
			"User Name": "random",
			"Password": "password",
			"CnfrmPassword": "password",
			"qusetion1": "1",
			"question2": "2"
		},
		"SIGBEN Enrollment Loan Only": {
			"First Name": "Srinivas",
			"Middle Initial": "a",
			"Last Name": "Ramanujan",
			"Suffix": "",
			"Street Address": "35 Ginger Street",
			"Street Address Line 2": "eq=p,qf=p",
			"City": "Hartford",
			"State": "CT",
			"Zip": "06118",
			"Home Phone": "(860) 454-8789",
			"Office Phone": "(860) 454-8789",
			"Social Security #": "099392240",
			"Date of Birth": "1950-01-17",
			"Driver's License state": "CT",
			"Driver's License #": "984657655",
			"License Issue date": "2010-10-10",
			"License Expiration Date": "2040-10-10",
			"Email Address": "pjanyavula_vlm@websterbank.com",
			"Taxpayer ID#": "930419131",
			"Account Type": "5",
			"Business Account #": "10551589",
			"Years In Business": "86",
			"Industry": "3",
			"# of Employees": "77",
			"User Name": "random",
			"Password": "password",
			"CnfrmPassword": "password",
			"qusetion1": "1",
			"question2": "2",
			"Account Number":"00004750476508",
			"AccountorCreditCardNumber":"00004750476508",
			"CIF":"2285732"
		},
		"Admin SIGBEN Loan": {
			"First Name": "Christa",
			"Middle Initial": "A",
			"Last Name": "Wibbenmeyer",
			"Suffix": "",
			"Street Address": "35 Ginger Street",
			"Street Address Line 2": "eq=p,qf=p",
			"City": "Hartford",
			"State": "CT",
			"Zip": "06118",
			"HPhone1": "860",
			"HPhone2": "454",
			"HPhone3": "8789",
			"OPhone1": "860",
			"OPhone2": "789",
			"OPhone3": "8659",
			"SSN": "099392240",
			"Date of Birth": "01/17/1950",
			"Email Address": "pjanyavula_vlm@websterbank.com",
			"Role": "ad",
			"User Name": "random",
			"Account Number":"00004750476508"
		},
		"Transact SIGBEN Loan": {
			"First Name": "Christa",
			"Middle Initial": "A",
			"Last Name": "Wibbenmeyer",
			"Suffix": "",
			"Street Address": "35 Ginger Street",
			"Street Address Line 2": "eq=p,qf=p",
			"City": "Hartford",
			"State": "CT",
			"Zip": "06118",
			"HPhone1": "860",
			"HPhone2": "454",
			"HPhone3": "8789",
			"OPhone1": "860",
			"OPhone2": "789",
			"OPhone3": "8659",
			"SSN": "099392240",
			"Date of Birth": "01/17/1950",
			"Email Address": "pjanyavula_vlm@websterbank.com",
			"Role": "tr",
			"User Name": "random",
			"Account Number":"00004750476508"
		},
		"SIGBOC Enrollment Loan": {
			"First Name": "Srinivas",
			"Middle Initial": "a",
			"Last Name": "Ramanujan",
			"Suffix": "",
			"Street Address": "35 Ginger Street",
			"Street Address Line 2": "eq=p,qf=p",
			"City": "Hartford",
			"State": "CT",
			"Zip": "06118",
			"Home Phone": "(860) 454-8789",
			"Office Phone": "(860) 454-8789",
			"Social Security #": "279389205",
			"Date of Birth": "1970-10-10",
			"Driver's License state": "CT",
			"Driver's License #": "984657655",
			"License Issue date": "2010-10-10",
			"License Expiration Date": "2040-10-10",
			"Email Address": "pjanyavula_vlm@websterbank.com",
			"Taxpayer ID#": "850997206",
			"Account Type": "5",
			"Business Account #": "7071251092",
			"Years In Business": "86",
			"Industry": "3",
			"# of Employees": "77",
			"User Name": "random",
			"Password": "password",
			"CnfrmPassword": "password",
			"qusetion1": "1",
			"question2": "2"
		},
		"SIGBOC Enrollment Loan Only": {
			"First Name": "Srinivas",
			"Middle Initial": "a",
			"Last Name": "Ramanujan",
			"Suffix": "",
			"Street Address": "35 Ginger Street",
			"Street Address Line 2": "eq=p,qf=p",
			"City": "Hartford",
			"State": "CT",
			"Zip": "06118",
			"Home Phone": "(860) 454-8789",
			"Office Phone": "(860) 454-8789",
			"Social Security #": "919656220",
			"Date of Birth": "1970-07-10",
			"Driver's License state": "CT",
			"Driver's License #": "984657655",
			"License Issue date": "2010-10-10",
			"License Expiration Date": "2040-10-10",
			"Email Address": "pjanyavula_vlm@websterbank.com",
			"Taxpayer ID#": "850997206",
			"Account Type": "5",
			"Business Account #": "7071251092",
			"Years In Business": "86",
			"Industry": "3",
			"# of Employees": "77",
			"User Name": "random",
			"Password": "password",
			"CnfrmPassword": "password",
			"qusetion1": "1",
			"question2": "2",
			"Account Number":"00004750429740",
			"AccountorCreditCardNumber":"00004750429740",
			"CIF":"2125775"
		},
		"Admin SIGBOC Loan": {
			"First Name": "Christa",
			"Middle Initial": "A",
			"Last Name": "Wibbenmeyer",
			"Suffix": "",
			"Street Address": "35 Ginger Street",
			"Street Address Line 2": "eq=p,qf=p",
			"City": "Hartford",
			"State": "CT",
			"Zip": "06118",
			"HPhone1": "860",
			"HPhone2": "454",
			"HPhone3": "8789",
			"OPhone1": "860",
			"OPhone2": "789",
			"OPhone3": "8659",
			"SSN": "919656220",
			"Date of Birth": "07/10/1970",
			"Email Address": "pjanyavula_vlm@websterbank.com",
			"Role": "ad",
			"User Name": "random",
			"Account Number":"00004750429740"
		},
		"Transact SIGBOC Loan": {
			"First Name": "Christa",
			"Middle Initial": "A",
			"Last Name": "Wibbenmeyer",
			"Suffix": "",
			"Street Address": "35 Ginger Street",
			"Street Address Line 2": "eq=p,qf=p",
			"City": "Hartford",
			"State": "CT",
			"Zip": "06118",
			"HPhone1": "860",
			"HPhone2": "454",
			"HPhone3": "8789",
			"OPhone1": "860",
			"OPhone2": "789",
			"OPhone3": "8659",
			"SSN": "919656220",
			"Date of Birth": "07/10/1970",
			"Email Address": "pjanyavula_vlm@websterbank.com",
			"Role": "tr",
			"User Name": "random",
			"Account Number":"00004750429740"
		},
		"SIGCTL Enrollment Loan": {
			"First Name": "Srinivas",
			"Middle Initial": "a",
			"Last Name": "Ramanujan",
			"Suffix": "",
			"Street Address": "35 Ginger Street",
			"Street Address Line 2": "eq=p,qf=p",
			"City": "Hartford",
			"State": "CT",
			"Zip": "06118",
			"Home Phone": "(860) 454-8789",
			"Office Phone": "(860) 454-8789",
			"Social Security #": "622368065",
			"Date of Birth": "1954-06-07",
			"Driver's License state": "CT",
			"Driver's License #": "984657655",
			"License Issue date": "2010-10-10",
			"License Expiration Date": "2040-10-10",
			"Email Address": "pjanyavula_vlm@websterbank.com",
			"Taxpayer ID#": "364672949",
			"Account Type": "5",
			"Business Account #": "11106911",
			"Years In Business": "86",
			"Industry": "3",
			"# of Employees": "77",
			"User Name": "random",
			"Password": "password",
			"CnfrmPassword": "password",
			"qusetion1": "1",
			"question2": "2"
		},
		"SIGCTL Enrollment Loan Only": {
			"First Name": "Srinivas",
			"Middle Initial": "a",
			"Last Name": "Ramanujan",
			"Suffix": "",
			"Street Address": "35 Ginger Street",
			"Street Address Line 2": "eq=p,qf=p",
			"City": "Hartford",
			"State": "CT",
			"Zip": "06118",
			"Home Phone": "(860) 454-8789",
			"Office Phone": "(860) 454-8789",
			"Social Security #": "882926092",
			"Date of Birth": "1952-08-25",
			"Driver's License state": "CT",
			"Driver's License #": "984657655",
			"License Issue date": "2010-10-10",
			"License Expiration Date": "2040-10-10",
			"Email Address": "pjanyavula_vlm@websterbank.com",
			"Taxpayer ID#": "364672949",
			"Account Type": "5",
			"Business Account #": "11106911",
			"Years In Business": "86",
			"Industry": "3",
			"# of Employees": "77",
			"User Name": "random",
			"Password": "password",
			"CnfrmPassword": "password",
			"qusetion1": "1",
			"question2": "2",
			"Account Number":"00004750597568",
			"AccountorCreditCardNumber":"00004750597568",
			"CIF": "2755461"
		},
		"Admin SIGCTL Loan": {
			"First Name": "Christa",
			"Middle Initial": "A",
			"Last Name": "Wibbenmeyer",
			"Suffix": "",
			"Street Address": "35 Ginger Street",
			"Street Address Line 2": "eq=p,qf=p",
			"City": "Hartford",
			"State": "CT",
			"Zip": "06118",
			"HPhone1": "860",
			"HPhone2": "454",
			"HPhone3": "8789",
			"OPhone1": "860",
			"OPhone2": "789",
			"OPhone3": "8659",
			"SSN": "882926092",
			"Date of Birth": "08/25/1952",
			"Email Address": "pjanyavula_vlm@websterbank.com",
			"Role": "ad",
			"User Name": "random",
			"Account Number":"00004750597568"
		},
		"Transact SIGCTL Loan": {
			"First Name": "Christa",
			"Middle Initial": "A",
			"Last Name": "Wibbenmeyer",
			"Suffix": "",
			"Street Address": "35 Ginger Street",
			"Street Address Line 2": "eq=p,qf=p",
			"City": "Hartford",
			"State": "CT",
			"Zip": "06118",
			"HPhone1": "860",
			"HPhone2": "454",
			"HPhone3": "8789",
			"OPhone1": "860",
			"OPhone2": "789",
			"OPhone3": "8659",
			"SSN": "149070293",
			"Date of Birth": "01/05/1943",
			"Email Address": "pjanyavula_vlm@websterbank.com",
			"Role": "tr",
			"User Name": "random",
			"Account Number":"00004750597568"
		},
		"BORBEN Enrollment": {
			"First Name": "Srinivas",
			"Middle Initial": "a",
			"Last Name": "Ramanujan",
			"Suffix": "",
			"Street Address": "35 Ginger Street",
			"Street Address Line 2": "eq=p,qf=p",
			"City": "Hartford",
			"State": "CT",
			"Zip": "06118",
			"Home Phone": "(860) 454-8789",
			"Office Phone": "(860) 454-8789",
			"Social Security #": "179554696",
			"Date of Birth": "1976-10-31",
			"Driver's License state": "CT",
			"Driver's License #": "984657655",
			"License Issue date": "2010-10-10",
			"License Expiration Date": "2040-10-10",
			"Email Address": "pjanyavula_vlm@websterbank.com",
			"Taxpayer ID#": "618749101",
			"Account Type": "12",
			"Business Account #": "00004750361051",
			"Years In Business": "86",
			"Industry": "3",
			"# of Employees": "77",
			"User Name": "random",
			"Password": "password",
			"CnfrmPassword": "password",
			"qusetion1": "1",
			"question2": "2"
		},
		"BORBEN Enrollment Only": {
			"First Name": "Srinivas",
			"Middle Initial": "a",
			"Last Name": "Ramanujan",
			"Suffix": "",
			"Street Address": "35 Ginger Street",
			"Street Address Line 2": "eq=p,qf=p",
			"City": "Hartford",
			"State": "CT",
			"Zip": "06118",
			"Home Phone": "(860) 454-8789",
			"Office Phone": "(860) 454-8789",
			"Social Security #": "162982772",
			"Date of Birth": "1976-10-31",
			"Driver's License state": "CT",
			"Driver's License #": "984657655",
			"License Issue date": "2010-10-10",
			"License Expiration Date": "2040-10-10",
			"Email Address": "pjanyavula_vlm@websterbank.com",
			"Taxpayer ID#": "618749101",
			"Account Type": "12",
			"Business Account #": "00004750361051",
			"Years In Business": "86",
			"Industry": "3",
			"# of Employees": "77",
			"User Name": "random",
			"Password": "password",
			"CnfrmPassword": "password",
			"qusetion1": "1",
			"question2": "2",
			"Account Number":"00004750361051",
			"AccountorCreditCardNumber":"00004750361051",
			"CIF": "2754465"
		},
		"Admin BORBEN": {
			"First Name": "Christa",
			"Middle Initial": "A",
			"Last Name": "Wibbenmeyer",
			"Suffix": "",
			"Street Address": "35 Ginger Street",
			"Street Address Line 2": "eq=p,qf=p",
			"City": "Hartford",
			"State": "CT",
			"Zip": "06118",
			"HPhone1": "860",
			"HPhone2": "454",
			"HPhone3": "8789",
			"OPhone1": "860",
			"OPhone2": "789",
			"OPhone3": "8659",
			"SSN": "162982772",
			"Date of Birth": "03/01/2012",
			"Email Address": "pjanyavula_vlm@websterbank.com",
			"Role": "ad",
			"User Name": "random",
			"Account Number":"00004750361051"
		},
		"Transact BORBEN": {
			"First Name": "Christa",
			"Middle Initial": "A",
			"Last Name": "Wibbenmeyer",
			"Suffix": "",
			"Street Address": "35 Ginger Street",
			"Street Address Line 2": "eq=p,qf=p",
			"City": "Hartford",
			"State": "CT",
			"Zip": "06118",
			"HPhone1": "860",
			"HPhone2": "454",
			"HPhone3": "8789",
			"OPhone1": "860",
			"OPhone2": "789",
			"OPhone3": "8659",
			"SSN": "162982772",
			"Date of Birth": "03/01/2012",
			"Email Address": "pjanyavula_vlm@websterbank.com",
			"Role": "tr",
			"User Name": "random",
			"Account Number":"00004750361051"
		},
		"BORSEC Enrollment": {
			"First Name": "Srinivas",
			"Middle Initial": "a",
			"Last Name": "Ramanujan",
			"Suffix": "",
			"Street Address": "35 Ginger Street",
			"Street Address Line 2": "eq=p,qf=p",
			"City": "Hartford",
			"State": "CT",
			"Zip": "06118",
			"Home Phone": "(860) 454-8789",
			"Office Phone": "(860) 454-8789",
			"Social Security #": "630154798",
			"Date of Birth": "1967-03-18",
			"Driver's License state": "CT",
			"Driver's License #": "984657655",
			"License Issue date": "2010-10-10",
			"License Expiration Date": "2040-10-10",
			"Email Address": "pjanyavula_vlm@websterbank.com",
			"Taxpayer ID#": "268171166",
			"Account Type": "12",
			"Business Account #": "00004750578655",
			"Years In Business": "86",
			"Industry": "3",
			"# of Employees": "77",
			"User Name": "random",
			"Password": "password",
			"CnfrmPassword": "password",
			"qusetion1": "1",
			"question2": "2"
		},
		"BORSEC Enrollment Only": {
			"First Name": "Srinivas",
			"Middle Initial": "a",
			"Last Name": "Ramanujan",
			"Suffix": "",
			"Street Address": "35 Ginger Street",
			"Street Address Line 2": "eq=p,qf=p",
			"City": "Hartford",
			"State": "CT",
			"Zip": "06118",
			"Home Phone": "(860) 454-8789",
			"Office Phone": "(860) 454-8789",
			"Social Security #": "770397246",
			"Date of Birth": "1995-10-12",
			"Driver's License state": "CT",
			"Driver's License #": "984657655",
			"License Issue date": "2010-10-10",
			"License Expiration Date": "2040-10-10",
			"Email Address": "pjanyavula_vlm@websterbank.com",
			"Taxpayer ID#": "268171166",
			"Account Type": "12",
			"Business Account #": "00004750578655",
			"Years In Business": "86",
			"Industry": "3",
			"# of Employees": "77",
			"User Name": "random",
			"Password": "password",
			"CnfrmPassword": "password",
			"qusetion1": "1",
			"question2": "2",
			"Account Number":"00004750578655",
			"AccountorCreditCardNumber":"00004750578655",
			"CIF":"2766390"
		},
		"Admin BORSEC": {
			"First Name": "Christa",
			"Middle Initial": "A",
			"Last Name": "Wibbenmeyer",
			"Suffix": "",
			"Street Address": "35 Ginger Street",
			"Street Address Line 2": "eq=p,qf=p",
			"City": "Hartford",
			"State": "CT",
			"Zip": "06118",
			"HPhone1": "860",
			"HPhone2": "454",
			"HPhone3": "8789",
			"OPhone1": "860",
			"OPhone2": "789",
			"OPhone3": "8659",
			"SSN": "770397246",
			"Date of Birth": "10/12/1995",
			"Email Address": "pjanyavula_vlm@websterbank.com",
			"Role": "ad",
			"User Name": "random",
			"Account Number":"00004750578655"
		},
		"Transact BORSEC": {
			"First Name": "Christa",
			"Middle Initial": "A",
			"Last Name": "Wibbenmeyer",
			"Suffix": "",
			"Street Address": "35 Ginger Street",
			"Street Address Line 2": "eq=p,qf=p",
			"City": "Hartford",
			"State": "CT",
			"Zip": "06118",
			"HPhone1": "860",
			"HPhone2": "454",
			"HPhone3": "8789",
			"OPhone1": "860",
			"OPhone2": "789",
			"OPhone3": "8659",
			"SSN": "770397246",
			"Date of Birth": "10/12/1995",
			"Email Address": "pjanyavula_vlm@websterbank.com",
			"Role": "tr",
			"User Name": "random",
			"Account Number":"00004750578655"
		},
		"BORCTL Enrollment": {
			"First Name": "Srinivas",
			"Middle Initial": "a",
			"Last Name": "Ramanujan",
			"Suffix": "",
			"Street Address": "35 Ginger Street",
			"Street Address Line 2": "eq=p,qf=p",
			"City": "Hartford",
			"State": "CT",
			"Zip": "06118",
			"Home Phone": "(860) 454-8789",
			"Office Phone": "(860) 454-8789",
			"Social Security #": "970684292",
			"Date of Birth": "1914-02-17",
			"Driver's License state": "CT",
			"Driver's License #": "984657655",
			"License Issue date": "2010-10-10",
			"License Expiration Date": "2040-10-10",
			"Email Address": "pjanyavula_vlm@websterbank.com",
			"Taxpayer ID#": "140712282",
			"Account Type": "12",
			"Business Account #": "00004750207832",
			"Years In Business": "86",
			"Industry": "3",
			"# of Employees": "77",
			"User Name": "random",
			"Password": "password",
			"CnfrmPassword": "password",
			"qusetion1": "1",
			"question2": "2"
		},
		"BORCTL Enrollment Only": {
			"First Name": "Srinivas",
			"Middle Initial": "a",
			"Last Name": "Ramanujan",
			"Suffix": "",
			"Street Address": "35 Ginger Street",
			"Street Address Line 2": "eq=p,qf=p",
			"City": "Hartford",
			"State": "CT",
			"Zip": "06118",
			"Home Phone": "(860) 454-8789",
			"Office Phone": "(860) 454-8789",
			"Social Security #": "819518273",
			"Date of Birth": "1995-10-12",
			"Driver's License state": "CT",
			"Driver's License #": "984657655",
			"License Issue date": "2010-10-10",
			"License Expiration Date": "2040-10-10",
			"Email Address": "pjanyavula_vlm@websterbank.com",
			"Taxpayer ID#": "140712282",
			"Account Type": "12",
			"Business Account #": "00004750207832",
			"Years In Business": "86",
			"Industry": "3",
			"# of Employees": "77",
			"User Name": "random",
			"Password": "password",
			"CnfrmPassword": "password",
			"qusetion1": "1",
			"question2": "2",
			"Account Number":"00004750207832",
			"AccountorCreditCardNumber":"00004750207832",
			"CIF":"2511313"
		},
		"Admin BORCTL": {
			"First Name": "Christa",
			"Middle Initial": "A",
			"Last Name": "Wibbenmeyer",
			"Suffix": "",
			"Street Address": "35 Ginger Street",
			"Street Address Line 2": "eq=p,qf=p",
			"City": "Hartford",
			"State": "CT",
			"Zip": "06118",
			"HPhone1": "860",
			"HPhone2": "454",
			"HPhone3": "8789",
			"OPhone1": "860",
			"OPhone2": "789",
			"OPhone3": "8659",
			"SSN": "819518273",
			"Date of Birth": "10/12/1995",
			"Email Address": "pjanyavula_vlm@websterbank.com",
			"Role": "ad",
			"User Name": "random",
			"Account Number":"00004750207832"
		},
		"Transact BORCTL": {
			"First Name": "Christa",
			"Middle Initial": "A",
			"Last Name": "Wibbenmeyer",
			"Suffix": "",
			"Street Address": "35 Ginger Street",
			"Street Address Line 2": "eq=p,qf=p",
			"City": "Hartford",
			"State": "CT",
			"Zip": "06118",
			"HPhone1": "860",
			"HPhone2": "454",
			"HPhone3": "8789",
			"OPhone1": "860",
			"OPhone2": "789",
			"OPhone3": "8659",
			"SSN": "819518273",
			"Date of Birth": "10/12/1995",
			"Email Address": "pjanyavula_vlm@websterbank.com",
			"Role": "tr",
			"User Name": "random",
			"Account Number":"00004750207832"
		},
		"BORBOC Enrollment": {
			"First Name": "Srinivas",
			"Middle Initial": "a",
			"Last Name": "Ramanujan",
			"Suffix": "",
			"Street Address": "35 Ginger Street",
			"Street Address Line 2": "eq=p,qf=p",
			"City": "Hartford",
			"State": "CT",
			"Zip": "06118",
			"Home Phone": "(860) 454-8789",
			"Office Phone": "(860) 454-8789",
			"Social Security #": "806702032",
			"Date of Birth": "1914-02-17",
			"Driver's License state": "CT",
			"Driver's License #": "984657655",
			"License Issue date": "2010-10-10",
			"License Expiration Date": "2040-10-10",
			"Email Address": "pjanyavula_vlm@websterbank.com",
			"Taxpayer ID#": "357245596",
			"Account Type": "12",
			"Business Account #": "00004750722854",
			"Years In Business": "86",
			"Industry": "3",
			"# of Employees": "77",
			"User Name": "random",
			"Password": "password",
			"CnfrmPassword": "password",
			"qusetion1": "1",
			"question2": "2"
		},
		"BORBOC Enrollment Only": {
			"First Name": "Srinivas",
			"Middle Initial": "a",
			"Last Name": "Ramanujan",
			"Suffix": "",
			"Street Address": "35 Ginger Street",
			"Street Address Line 2": "eq=p,qf=p",
			"City": "Hartford",
			"State": "CT",
			"Zip": "06118",
			"Home Phone": "(860) 454-8789",
			"Office Phone": "(860) 454-8789",
			"Social Security #": "806702033",
			"Date of Birth": "1995-10-12",
			"Driver's License state": "CT",
			"Driver's License #": "984657655",
			"License Issue date": "2010-10-10",
			"License Expiration Date": "2040-10-10",
			"Email Address": "pjanyavula_vlm@websterbank.com",
			"Taxpayer ID#": "357245596",
			"Account Type": "12",
			"Business Account #": "00004750722854",
			"Years In Business": "86",
			"Industry": "3",
			"# of Employees": "77",
			"User Name": "random",
			"Password": "password",
			"CnfrmPassword": "password",
			"qusetion1": "1",
			"question2": "2",
			"Account Number":"00004750722854",
			"AccountorCreditCardNumber":"00004750722854",
			"CIF": "2898083"
		},
		"Admin BORBOC": {
			"First Name": "Christa",
			"Middle Initial": "A",
			"Last Name": "Wibbenmeyer",
			"Suffix": "",
			"Street Address": "35 Ginger Street",
			"Street Address Line 2": "eq=p,qf=p",
			"City": "Hartford",
			"State": "CT",
			"Zip": "06118",
			"HPhone1": "860",
			"HPhone2": "454",
			"HPhone3": "8789",
			"OPhone1": "860",
			"OPhone2": "789",
			"OPhone3": "8659",
			"SSN": "806702033",
			"Date of Birth": "09/05/1966",
			"Email Address": "pjanyavula_vlm@websterbank.com",
			"Role": "ad",
			"User Name": "random",
			"Account Number":"00004750722854"
		},
		"Transact BORBOC": {
			"First Name": "Christa",
			"Middle Initial": "A",
			"Last Name": "Wibbenmeyer",
			"Suffix": "",
			"Street Address": "35 Ginger Street",
			"Street Address Line 2": "eq=p,qf=p",
			"City": "Hartford",
			"State": "CT",
			"Zip": "06118",
			"HPhone1": "860",
			"HPhone2": "454",
			"HPhone3": "8789",
			"OPhone1": "860",
			"OPhone2": "789",
			"OPhone3": "8659",
			"SSN": "806702033",
			"Date of Birth": "10/12/1995",
			"Email Address": "pjanyavula_vlm@websterbank.com",
			"Role": "tr",
			"User Name": "random",
			"Account Number":"00004750722854"
		}
	}
}
