{
	"testDataList": {
		"PositiveCDFlow": {
			"CDAccWithNoNo": {
				"Social Security Number": "ReplaceMe",
				"Best Phone Number": "ReplaceMe",
				"Name": "ReplaceMe",
				"Driver's License Number": "ReplaceMe",
				"ProductType": "Savings",
				"AccountType": "Traditional CDs",
				"Account Requested": "3 Year CD",
				"Email": "skarri@websterbank.com",
				"Address1": "35 ginger street",
				"Address2": "eq=p,qf=p",
				"City": "hartford",
				"Zipcode": "06118",
				"Date of Birth": "02/05/1990",
				"Country of Citizenship Full Name": "United States of America",
				"Country of Citizenship": "US",
				"Driver's License State": "Connecticut",
				"State": "CT",
				"State Full Name": "Connecticut",
				"Driver's License Issue Date": "02/05/2015",
				"Driver's License Expiration Date": "02/05/2025",
				"Affiliations Question 1": "No",
				"Affiliations Question 2": "No",
				"Employment Status": "Employed",
				"Employer Name": "TCS",
				"Job Title": "Systems Engineer",
				"International Wire Transfers": "No",
				"Average Monthly Cash Deposit Amount": "Less than $5,000",
				"Average Monthly Cash Withdrawal Amount": "Less than $5,000",
				"Sign up for Debit Card Overdraft Services": "Yes",
				"Sign up for eDelivery": "No",
				"Emulation Question1": "11",
				"Emulation Question2": "22",
				"Confirmation Message": "Congratulations! You have successfully applied for a new ReplaceMe account. Your new account will be opened in 1 business day.",
				"CashIn Question": "Federal Law requires financial institutions to obtain this information any time a customer opens a new account.",
				"CashOut Question": "Federal Law requires financial institutions to obtain this information any time a customer opens a new account.",
				"License Number": "This information will be used to validate your identity, which is required by federal law.",
				"Routing Number": "211170101",
				"Disclosure Content": "What You Need to Know about Overdrafts and Overdraft Fees,What are the standard overdraft practices that come with my account?,What are the standard overdraft practices that come with my account?",
				"Statement eDelivery": "By enrolling in eDelivery of your account statement, you are turning off paper statement delivery and will receive an email notification once your statement is available online. You can resume paper statement delivery at any time by updating your eDelivery Preferences.",
				"Edit Buttons": "Bottom Edit Personal Information,Top Edit Personal Information,Bottom Edit Account Information,Top Edit Account Information",
				"Confirmation Header1": "Not ready to try Mobile Deposit?;Choose one of our other funding options that works best for you.",
				"Confirmation Header2": "External Transfer;Transfer funds from another financial institution. Learn more",
				"Confirmation Header3": "Internal Transfer;Move money from an existing Webster account. Learn more",
				"Confirmation Header4": "Mail a Check;Send a check with the last four digits of your account number to:;PO Box 10305, Waterbury, CT, 06726",
				"Confirmation Header5": "Visit a Banking Center;Visit one of our many Banking Centers or ATM locations to deposit funds. Learn more"
			},
			"CDAccWithYesYes": {
				"Social Security Number": "ReplaceMe",
				"Best Phone Number": "ReplaceMe",
				"Name": "ReplaceMe",
				"Driver's License Number": "ReplaceMe",
				"ProductType": "Savings",
				"AccountType": "Traditional CDs",
				"Account Requested": "3 Year CD",
				"Email": "skarri@websterbank.com",
				"Address1": "35 ginger street",
				"Address2": "eq=p,qf=p",
				"City": "hartford",
				"Zipcode": "06118",
				"Date of Birth": "02/05/1990",
				"Country of Citizenship Full Name": "United States of America",
				"Country of Citizenship": "US",
				"Driver's License State": "Connecticut",
				"State": "CT",
				"State Full Name": "Connecticut",
				"Driver's License Issue Date": "02/05/2015",
				"Driver's License Expiration Date": "02/05/2025",
				"Affiliations Question 1": "Yes",
				"Affiliations Question 2": "Yes",
				"Employment Status": "Employed",
				"Employer Name": "TCS",
				"Job Title": "Systems Engineer",
				"International Wire Transfers": "No",
				"Average Monthly Cash Deposit Amount": "Less than $5,000",
				"Average Monthly Cash Withdrawal Amount": "Less than $5,000",
				"Sign up for Debit Card Overdraft Services": "Yes",
				"Sign up for eDelivery": "No",
				"Emulation Question1": "11",
				"Emulation Question2": "22",
				"Confirmation Message": "Congratulations! You have successfully applied for a new ReplaceMe account. Your new account will be opened in 1 business day.",
				"CashIn Question": "Federal Law requires financial institutions to obtain this information any time a customer opens a new account.",
				"CashOut Question": "Federal Law requires financial institutions to obtain this information any time a customer opens a new account.",
				"License Number": "This information will be used to validate your identity, which is required by federal law.",
				"Routing Number": "211170101",
				"Disclosure Content": "What You Need to Know about Overdrafts and Overdraft Fees,What are the standard overdraft practices that come with my account?,What are the standard overdraft practices that come with my account?",
				"Statement eDelivery": "By enrolling in eDelivery of your account statement, you are turning off paper statement delivery and will receive an email notification once your statement is available online. You can resume paper statement delivery at any time by updating your eDelivery Preferences.",
				"Edit Buttons": "Bottom Edit Personal Information,Top Edit Personal Information,Bottom Edit Account Information,Top Edit Account Information"
			},
			"CDAccWithNoYes": {
				"Social Security Number": "ReplaceMe",
				"Best Phone Number": "ReplaceMe",
				"Name": "ReplaceMe",
				"Driver's License Number": "ReplaceMe",
				"ProductType": "Savings",
				"AccountType": "Traditional CDs",
				"Account Requested": "3 Year CD",
				"Email": "skarri@websterbank.com",
				"Address1": "35 ginger street",
				"Address2": "eq=p,qf=p",
				"City": "hartford",
				"Zipcode": "06118",
				"Date of Birth": "02/05/1990",
				"Country of Citizenship Full Name": "United States of America",
				"Country of Citizenship": "US",
				"Driver's License State": "Connecticut",
				"State": "CT",
				"State Full Name": "Connecticut",
				"Driver's License Issue Date": "02/05/2015",
				"Driver's License Expiration Date": "02/05/2025",
				"Affiliations Question 1": "No",
				"Affiliations Question 2": "Yes",
				"Employment Status": "Employed",
				"Employer Name": "TCS",
				"Job Title": "Systems Engineer",
				"International Wire Transfers": "No",
				"Average Monthly Cash Deposit Amount": "Less than $5,000",
				"Average Monthly Cash Withdrawal Amount": "Less than $5,000",
				"Sign up for Debit Card Overdraft Services": "Yes",
				"Sign up for eDelivery": "No",
				"Emulation Question1": "11",
				"Emulation Question2": "22",
				"Confirmation Message": "Congratulations! You have successfully applied for a new ReplaceMe account. Your new account will be opened in 1 business day.",
				"CashIn Question": "Federal Law requires financial institutions to obtain this information any time a customer opens a new account.",
				"CashOut Question": "Federal Law requires financial institutions to obtain this information any time a customer opens a new account.",
				"License Number": "This information will be used to validate your identity, which is required by federal law.",
				"Routing Number": "211170101",
				"Disclosure Content": "What You Need to Know about Overdrafts and Overdraft Fees,What are the standard overdraft practices that come with my account?,What are the standard overdraft practices that come with my account?",
				"Statement eDelivery": "By enrolling in eDelivery of your account statement, you are turning off paper statement delivery and will receive an email notification once your statement is available online. You can resume paper statement delivery at any time by updating your eDelivery Preferences.",
				"Edit Buttons": "Bottom Edit Personal Information,Top Edit Personal Information,Bottom Edit Account Information,Top Edit Account Information"
			},
			"CDAccWithYesNo": {
				"Social Security Number": "ReplaceMe",
				"Best Phone Number": "ReplaceMe",
				"Name": "ReplaceMe",
				"Driver's License Number": "ReplaceMe",
				"ProductType": "Savings",
				"AccountType": "Traditional CDs",
				"Account Requested": "3 Year CD",
				"Email": "skarri@websterbank.com",
				"Address1": "35 ginger street",
				"Address2": "eq=p,qf=p",
				"City": "hartford",
				"Zipcode": "06118",
				"Date of Birth": "02/05/1990",
				"Country of Citizenship Full Name": "United States of America",
				"Country of Citizenship": "US",
				"Driver's License State": "Connecticut",
				"State": "CT",
				"State Full Name": "Connecticut",
				"Driver's License Issue Date": "02/05/2015",
				"Driver's License Expiration Date": "02/05/2025",
				"Affiliations Question 1": "Yes",
				"Affiliations Question 2": "No",
				"Employment Status": "Employed",
				"Employer Name": "TCS",
				"Job Title": "Systems Engineer",
				"International Wire Transfers": "No",
				"Average Monthly Cash Deposit Amount": "Less than $5,000",
				"Average Monthly Cash Withdrawal Amount": "Less than $5,000",
				"Sign up for Debit Card Overdraft Services": "Yes",
				"Sign up for eDelivery": "No",
				"Emulation Question1": "11",
				"Emulation Question2": "22",
				"Confirmation Message": "Congratulations! You have successfully applied for a new ReplaceMe account. Your new account will be opened in 1 business day.",
				"CashIn Question": "Federal Law requires financial institutions to obtain this information any time a customer opens a new account.",
				"CashOut Question": "Federal Law requires financial institutions to obtain this information any time a customer opens a new account.",
				"License Number": "This information will be used to validate your identity, which is required by federal law.",
				"Routing Number": "211170101",
				"Disclosure Content": "What You Need to Know about Overdrafts and Overdraft Fees,What are the standard overdraft practices that come with my account?,What are the standard overdraft practices that come with my account?",
				"Statement eDelivery": "By enrolling in eDelivery of your account statement, you are turning off paper statement delivery and will receive an email notification once your statement is available online. You can resume paper statement delivery at any time by updating your eDelivery Preferences.",
				"Edit Buttons": "Bottom Edit Personal Information,Top Edit Personal Information,Bottom Edit Account Information,Top Edit Account Information"
			}
		},
		"PEPErrorMessage": {
			"Social Security Number": "ReplaceMe",
			"Best Phone Number": "ReplaceMe",
			"Name": "ReplaceMe",
			"Driver's License Number": "ReplaceMe",
			"ProductType": "Savings",
			"State Full Name": "Connecticut",
			"AccountType": "Traditional CDs",
			"Account Requested": "3 Year CD",
			"Email": "skarri@websterbank.com",
			"Address1": "35 ginger street",
			"Address2": "eq=p,qf=p",
			"City": "hartford",
			"Zipcode": "06118",
			"Date of Birth": "02/05/1990",
			"State": "Connecticut",
			"Country of Citizenship Full Name": "United States of America",
			"Country of Citizenship": "US",
			"PEP Error Message": "An answer is required."
		},
		"CashErrorMessage": {
			"Social Security Number": "ReplaceMe",
			"Best Phone Number": "ReplaceMe",
			"Name": "ReplaceMe",
			"Driver's License Number": "ReplaceMe",
			"ProductType": "Savings",
			"AccountType": "Traditional CDs",
			"Account Requested": "3 Year CD",
			"Email": "skarri@websterbank.com",
			"Address1": "35 ginger street",
			"Address2": "eq=p,qf=p",
			"City": "hartford",
			"Zipcode": "06118",
			"Date of Birth": "02/05/1990",
			"Country of Citizenship Full Name": "United States of America",
			"Country of Citizenship": "US",
			"Driver's License State": "Connecticut",
			"State": "Connecticut",
			"State Full Name": "Connecticut",
			"Driver's License Issue Date": "02/05/2015",
			"Driver's License Expiration Date": "02/05/2025",
			"Affiliations Question 1": "Yes",
			"Affiliations Question 2": "No",
			"Employment Status": "Employed",
			"Employer Name": "TCS",
			"Job Title": "Systems Engineer",
			"International Wire Transfers": "No",
			"Cash Error Message": "An answer is required."
		},
		"DiffEmulatorQuestion": {
			"Social Security Number": "ReplaceMe",
			"Best Phone Number": "ReplaceMe",
			"Name": "ReplaceMe",
			"Driver's License Number": "ReplaceMe",
			"ProductType": "Savings",
			"AccountType": "Traditional CDs",
			"Email": "skarri@websterbank.com",
			"Address1": "35 ginger street",
			"Address2": "eq=p,qf=p",
			"City": "hartford",
			"Zipcode": "06118",
			"Date of Birth": "02/05/1990",
			"Country of Citizenship Full Name": "United States of America",
			"Country of Citizenship": "US",
			"Driver's License State": "Connecticut",
			"State": "CT",
			"State Full Name": "Connecticut",
			"Driver's License Issue Date": "02/05/2015",
			"Driver's License Expiration Date": "02/05/2025",
			"Affiliations Question 1": "No",
			"Affiliations Question 2": "Yes",
			"Employment Status": "Employed",
			"Employer Name": "TCS",
			"Job Title": "Systems Engineer",
			"International Wire Transfers": "Yes",
			"Send Domestic Wires": "Y",
			"Make Investments": "Y",
			"Direct Deposits and Other": "N",
			"Purchase Monetary Instruments": "Y",
			"None of the Above": "N",
			"Average Monthly Wire Amount": "$5,001 to $10,000",
			"Average Monthly Cash Deposit Amount": "Less than $5,000",
			"Average Monthly Cash Withdrawal Amount": "Less than $5,000",
			"Sign up for Debit Card Overdraft Services": "Yes",
			"Sign up for eDelivery": "No",
			"Emulation Question1": "12",
			"Emulation Question2": "22",
			"CashIn Question": "Federal Law requires financial institutions to obtain this information any time a customer opens a new account.",
			"CashOut Question": "Federal Law requires financial institutions to obtain this information any time a customer opens a new account.",
			"License Number": "This information will be used to validate your identity, which is required by federal law.",
			"List of Bullet Points": "Employment Information,Driver's License Number,Social Security Number",
			"Negative Confirmation Text": "We were unable to open your account online.\nYou can also open an account by visiting your local banking center. Or, contact us at 800-325-2424, 24 hours a day, 7days a week.",
			"Overdraft Lightbox Text": "What You Need to Know about Overdrafts and Overdraft Fees",
			"Routing Number": "211170101"
		},
		"ExistUserCDAccOpening": {
			"Social Security Number": "ReplaceMe",
			"Best Phone Number": "ReplaceMe",
			"Name": "ReplaceMe",
			"Driver's License Number": "ReplaceMe",
			"ProductType": "Savings",
			"AccountType": "Traditional CDs",
			"Account Requested": "5 Year CD",
			"Email": "skarri@websterbank.com",
			"Address1": "35 ginger street",
			"Address2": "eq=p,qf=p",
			"City": "hartford",
			"Zipcode": "06118",
			"Date of Birth": "02/05/1990",
			"Country of Citizenship Full Name": "United States of America",
			"Country of Citizenship": "US",
			"Driver's License State": "Connecticut",
			"State": "CT",
			"State Full Name": "Connecticut",
			"Driver's License Issue Date": "02/05/2015",
			"Driver's License Expiration Date": "02/05/2025",
			"Affiliations Question 1": "No",
			"Affiliations Question 2": "Yes",
			"Employment Status": "Employed",
			"Employer Name": "TCS",
			"Job Title": "Systems Engineer",
			"International Wire Transfers": "No",
			"Average Monthly Cash Deposit Amount": "Less than $5,000",
			"Average Monthly Cash Withdrawal Amount": "Less than $5,000",
			"Sign up for Debit Card Overdraft Services": "Yes",
			"Sign up for eDelivery": "No",
			"Emulation Question1": "11",
			"Emulation Question2": "22",
			"Confirmation Message": "Congratulations! You have successfully applied for a new ReplaceMe account. Your new account will be opened in 1 business day.",
			"CashIn Question": "Federal Law requires financial institutions to obtain this information any time a customer opens a new account.",
			"CashOut Question": "Federal Law requires financial institutions to obtain this information any time a customer opens a new account.",
			"License Number": "This information will be used to validate your identity, which is required by federal law.",
			"Successfully Applied For Account": "You have successfully applied for a new account.",
			"Routing Number": "211170101",
			"Disclosure Content": "What You Need to Know about Overdrafts and Overdraft Fees,What are the standard overdraft practices that come with my account?,What are the standard overdraft practices that come with my account?",
			"Statement eDelivery": "By enrolling in eDelivery of your account statement, you are turning off paper statement delivery and will receive an email notification once your statement is available online. You can resume paper statement delivery at any time by updating your eDelivery Preferences.",
			"Edit Buttons": "Bottom Edit Personal Information,Top Edit Personal Information,Bottom Edit Account Information,Top Edit Account Information"
		},
		"ExistCustNewCDDCD": {
			"Social Security Number": "ReplaceMe",
			"Best Phone Number": "ReplaceMe",
			"Name": "ReplaceMe",
			"Driver's License Number": "ReplaceMe",
			"ProductType": "Savings",
			"AccountType": "Traditional CDs",
			"Account Requested": "5 Year CD",
			"Email": "skarri@websterbank.com",
			"Address1": "35 ginger street",
			"Address2": "eq=p,qf=p",
			"City": "hartford",
			"Zipcode": "06118",
			"Date of Birth": "02/05/1990",
			"Country of Citizenship Full Name": "United States of America",
			"Country of Citizenship": "US",
			"Driver's License State": "Connecticut",
			"State": "CT",
			"State Full Name": "Connecticut",
			"Driver's License Issue Date": "02/05/2015",
			"Driver's License Expiration Date": "02/05/2025",
			"Affiliations Question 1": "No",
			"Affiliations Question 2": "Yes",
			"Employment Status": "Employed",
			"Employer Name": "TCS",
			"Job Title": "Systems Engineer",
			"International Wire Transfers": "No",
			"Average Monthly Wire Amount": "$5,001 to $10,000",
			"Send Domestic Wires": "Y",
			"Make Investments": "Y",
			"Direct Deposits and Other": "N",
			"Purchase Monetary Instruments": "Y",
			"None of the Above": "N",
			"Send Free Webster Visa Debit Card": "Yes",
			"Average Monthly Cash Deposit Amount": "Less than $5,000",
			"Average Monthly Cash Withdrawal Amount": "Less than $5,000",
			"Sign up for Debit Card Overdraft Services": "Yes",
			"Sign up for eDelivery": "No",
			"Emulation Question1": "11",
			"Emulation Question2": "22",
			"Confirmation Message": "Congratulations! You have successfully applied for a new ReplaceMe account. Your new account will be opened in 1 business day.",
			"CashIn Question": "Federal Law requires financial institutions to obtain this information any time a customer opens a new account.",
			"CashOut Question": "Federal Law requires financial institutions to obtain this information any time a customer opens a new account.",
			"License Number": "This information will be used to validate your identity, which is required by federal law.",
			"List of Bullet Points": "Employment Information,Driver's License Number,Social Security Number",
			"Negative Confirmation Text": "We were unable to open your account online.\nYou can also open an account by visiting your local banking center. Or, contact us at 800-325-2424, 24 hours a day, 7days a week.",
			"Routing Number": "211170101",
			"Edit Buttons": "Bottom Edit Personal Information,Top Edit Personal Information,Bottom Edit Account Information,Top Edit Account Information"
		},
		"SSNDOBExist": {
			"Social Security Number": "559108275",
			"Best Phone Number": "ReplaceMe",
			"Name": "ReplaceMe",
			"Driver's License Number": "895623145",
			"ProductType": "Savings",
			"AccountType": "Traditional CDs",
			"Account Requested": "5 Year CD",
			"Email": "skarri@websterbank.com",
			"Address1": "35 ginger street",
			"Address2": "eq=p,qf=p",
			"City": "hartford",
			"Zipcode": "06118",
			"Date of Birth": "05/15/1959",
			"Country of Citizenship Full Name": "United States of America",
			"Country of Citizenship": "US",
			"Driver's License State": "Connecticut",
			"State": "CT",
			"State Full Name": "Connecticut",
			"Driver's License Issue Date": "02/05/2015",
			"Driver's License Expiration Date": "02/05/2025",
			"Affiliations Question 1": "No",
			"Affiliations Question 2": "Yes",
			"Employment Status": "Other",
			"International Wire Transfers": "No",
			"Average Monthly Cash Deposit Amount": "Less than $5,000",
			"Average Monthly Cash Withdrawal Amount": "Less than $5,000",
			"Sign up for Debit Card Overdraft Services": "Yes",
			"Sign up for eDelivery": "No",
			"Emulation Question1": "11",
			"Emulation Question2": "22",
			"Confirmation Message": "Congratulations! You have successfully applied for a new ReplaceMe account. Your new account will be opened in 1 business day.",
			"CashIn Question": "Federal Law requires financial institutions to obtain this information any time a customer opens a new account.",
			"CashOut Question": "Federal Law requires financial institutions to obtain this information any time a customer opens a new account.",
			"License Number": "This information will be used to validate your identity, which is required by federal law.",
			"List of Bullet Points": "Employment Information,Driver's License Number,Social Security Number",
			"Already Enrolled Text": "It looks like you are already enrolled in Online Banking. Please Sign In to make the new account application process faster. We will bring you right back here with your application pre-filled.",
			"Routing Number": "211170101"
		},
		"NonUSNonResAlien": {
			"Social Security Number": "ReplaceMe",
			"Best Phone Number": "ReplaceMe",
			"Name": "ReplaceMe",
			"Driver's License Number": "ReplaceMe",
			"ProductType": "CD",
			"AccountType": "Traditional CDs",
			"Account Requested": "5 Year CD",
			"Email": "skarri@websterbank.com",
			"Address1": "35 ginger street",
			"Address2": "eq=p,qf=p",
			"City": "hartford",
			"Zipcode": "06118",
			"Date of Birth": "02/05/1990",
			"Country of Citizenship Full Name": "India",
			"Resident Status": "Non Resident Alien",
			"Country of Citizenship": "US",
			"Driver's License State": "Connecticut",
			"State": "CT",
			"State Full Name": "Connecticut",
			"Driver's License Issue Date": "02/05/2015",
			"Driver's License Expiration Date": "02/05/2025",
			"Affiliations Question 1": "No",
			"Affiliations Question 2": "Yes",
			"Employment Status": "Employed",
			"Employer Name": "TCS",
			"Job Title": "Systems Engineer",
			"International Wire Transfers": "No",
			"Average Monthly Cash Deposit Amount": "Less than $5,000",
			"Average Monthly Cash Withdrawal Amount": "Less than $5,000",
			"Sign up for Debit Card Overdraft Services": "Yes",
			"Sign up for eDelivery": "No",
			"Emulation Question1": "11",
			"Emulation Question2": "22",
			"CashIn Question": "Federal Law requires financial institutions to obtain this information any time a customer opens a new account.",
			"CashOut Question": "Federal Law requires financial institutions to obtain this information any time a customer opens a new account.",
			"License Number": "This information will be used to validate your identity, which is required by federal law.",
			"Negative Confirmation Text": "We were unable to open your account online.\nYou can also open an account by visiting your local banking center. Or, contact us at 800-325-2424, 24 hours a day, 7days a week."
		},
		"NonUSResAlien": {
			"Social Security Number": "ReplaceMe",
			"Best Phone Number": "ReplaceMe",
			"Name": "ReplaceMe",
			"Driver's License Number": "ReplaceMe",
			"ProductType": "CD",
			"AccountType": "Traditional CDs",
			"Account Requested": "5 Year CD",
			"Email": "skarri@websterbank.com",
			"Address1": "35 ginger street",
			"Address2": "eq=p,qf=p",
			"City": "hartford",
			"Zipcode": "06118",
			"Date of Birth": "02/05/1990",
			"Country of Citizenship Full Name": "India",
			"Resident Status": "Resident Alien",
			"Country of Citizenship": "US",
			"Driver's License State": "Connecticut",
			"State": "CT",
			"State Full Name": "Connecticut",
			"Driver's License Issue Date": "02/05/2015",
			"Driver's License Expiration Date": "02/05/2025",
			"Affiliations Question 1": "No",
			"Affiliations Question 2": "Yes",
			"Employment Status": "Employed",
			"Employer Name": "TCS",
			"Job Title": "Systems Engineer",
			"International Wire Transfers": "No",
			"Average Monthly Cash Deposit Amount": "Less than $5,000",
			"Average Monthly Cash Withdrawal Amount": "Less than $5,000",
			"Sign up for Debit Card Overdraft Services": "Yes",
			"Sign up for eDelivery": "No",
			"Emulation Question1": "11",
			"Emulation Question2": "22",
			"Confirmation Message": "Congratulations! You have successfully applied for a new ReplaceMe account. Your new account will be opened in 1 business day.",
			"CashIn Question": "Federal Law requires financial institutions to obtain this information any time a customer opens a new account.",
			"CashOut Question": "Federal Law requires financial institutions to obtain this information any time a customer opens a new account.",
			"License Number": "This information will be used to validate your identity, which is required by federal law.",
			"Negative Confirmation Text": "We were unable to open your account online.\nYou can also open an account by visiting your local banking center. Or, contact us at 800-325-2424, 24 hours a day, 7days a week.",
			"Routing Number": "211170101"
		},
		"FasterservicesNewCDD": {
			"Social Security Number": "ReplaceMe",
			"Best Phone Number": "ReplaceMe",
			"Name": "ReplaceMe",
			"Driver's License Number": "ReplaceMe",
			"ProductType": "Savings",
			"AccountType": "Traditional CDs",
			"Account Requested": "5 Year CD",
			"Email": "skarri@websterbank.com",
			"Address1": "35 ginger street",
			"Address2": "eq=p,qf=p",
			"City": "hartford",
			"Zipcode": "06118",
			"Date of Birth": "02/05/1990",
			"Country of Citizenship Full Name": "United States of America",
			"Country of Citizenship": "US",
			"Driver's License State": "Connecticut",
			"State": "CT",
			"State Full Name": "Connecticut",
			"Driver's License Issue Date": "02/05/2015",
			"Driver's License Expiration Date": "02/05/2025",
			"Affiliations Question 1": "No",
			"Affiliations Question 2": "Yes",
			"Employment Status": "Employed",
			"Employer Name": "TCS",
			"Job Title": "Systems Engineer",
			"International Wire Transfers": "Yes",
			"Average Monthly Wire Amount": "$5,001 to $10,000",
			"Send Domestic Wires": "Y",
			"Make Investments": "Y",
			"Direct Deposits and Other": "N",
			"Purchase Monetary Instruments": "Y",
			"None of the Above": "N",
			"Send Free Webster Visa Debit Card": "Yes",
			"Average Monthly Cash Deposit Amount": "Less than $5,000",
			"Average Monthly Cash Withdrawal Amount": "Less than $5,000",
			"Sign up for Debit Card Overdraft Services": "Yes",
			"Sign up for eDelivery": "No",
			"Emulation Question1": "11",
			"Emulation Question2": "22",
			"Confirmation Message": "Congratulations! You have successfully applied for a new ReplaceMe account. Your new account will be opened in 1 business day.",
			"CashIn Question": "Federal Law requires financial institutions to obtain this information any time a customer opens a new account.",
			"CashOut Question": "Federal Law requires financial institutions to obtain this information any time a customer opens a new account.",
			"License Number": "This information will be used to validate your identity, which is required by federal law.",
			"List of Bullet Points": "Employment Information,Driver's License Number,Social Security Number",
			"Negative Confirmation Text": "We were unable to open your account online.\nYou can also open an account by visiting your local banking center. Or, contact us at 800-325-2424, 24 hours a day, 7days a week.",
			"Routing Number": "211170101"
		},
		"AddAndRemovePromoCD": {
			"Social Security Number": "ReplaceMe",
			"Best Phone Number": "ReplaceMe",
			"Name": "ReplaceMe",
			"Driver's License Number": "ReplaceMe",
			"ProductType": "Savings",
			"AccountType": "Traditional CDs",
			"Account Requested": "5 Year CD",
			"Email": "skarri@websterbank.com",
			"Address1": "35 ginger street",
			"Address2": "eq=p,qf=p",
			"City": "hartford",
			"Zipcode": "06118",
			"Date of Birth": "02/05/1990",
			"Country of Citizenship Full Name": "United States of America",
			"Country of Citizenship": "US",
			"Driver's License State": "Connecticut",
			"State": "CT",
			"State Full Name": "Connecticut",
			"Driver's License Issue Date": "02/05/2015",
			"Driver's License Expiration Date": "02/05/2025",
			"Affiliations Question 1": "No",
			"Affiliations Question 2": "Yes",
			"Employment Status": "Employed",
			"Employer Name": "TCS",
			"Job Title": "Systems Engineer",
			"International Wire Transfers": "No",
			"Send Free Webster Visa Debit Card": "Yes",
			"Average Monthly Cash Deposit Amount": "Less than $5,000",
			"Average Monthly Cash Withdrawal Amount": "Less than $5,000",
			"Sign up for Debit Card Overdraft Services": "Yes",
			"Sign up for eDelivery": "No",
			"Emulation Question1": "11",
			"Emulation Question2": "22",
			"Confirmation Message": "Congratulations! You have successfully applied for a new ReplaceMe account. Your new account will be opened in 1 business day.",
			"CashIn Question": "Federal Law requires financial institutions to obtain this information any time a customer opens a new account.",
			"CashOut Question": "Federal Law requires financial institutions to obtain this information any time a customer opens a new account.",
			"License Number": "This information will be used to validate your identity, which is required by federal law.",
			"List of Bullet Points": "Employment Information,Driver's License Number,Social Security Number",
			"Routing Number": "211170101",
			"Promo code applied": "WEBSTERCD5659"
		}
	}
}
