{
	"testDataList": {
		"PositiveCheckingFlow": {
			"CheckingAccWithNoNo": {
				"Social Security Number": "ReplaceMe",
				"Best Phone Number": "ReplaceMe",
				"Name": "ReplaceMe",
				"Driver's License Number": "ReplaceMe",
				"ProductType": "Savings",
				"AccountType": "Webster Value Checking",
				"Account Requested": "Webster Value Checking",
				"Email": "skarri@websterbank.com",
				"Address1": "35 ginger street",
				"Address2": "eq=p,qf=p",
				"City": "hartford",
				"Zipcode": "06118",
				"Date of Birth": "02/05/1990",
				"Country of Citizenship Full Name": "United States of America",
				"Country of Citizenship": "US",
				"Driver's License State": "Connecticut",
				"State": "CT",
				"State Full Name": "Connecticut",
				"Driver's License Issue Date": "02/05/2015",
				"Driver's License Expiration Date": "02/05/2025",
				"Affiliations Question 1": "No",
				"Affiliations Question 2": "No",
				"Employment Status": "Employed",
				"Employer Name": "TCS",
				"Job Title": "Systems Engineer",
				"Send Free Webster Visa Debit Card": "Yes",
				"International Wire Transfers": "No",
				"Average Monthly Cash Deposit Amount": "Less than $5,000",
				"Average Monthly Cash Withdrawal Amount": "Less than $5,000",
				"Sign up for Debit Card Overdraft Services": "Yes",
				"Sign up for eDelivery": "No",
				"Emulation Question1": "11",
				"Emulation Question2": "22",
				"CashIn Question": "Federal Law requires financial institutions to obtain this information any time a customer opens a new account.",
				"CashOut Question": "Federal Law requires financial institutions to obtain this information any time a customer opens a new account.",
				"License Number": "This information will be used to validate your identity, which is required by federal law.",
				"Routing Number": "211170101",
				"Confirmation Message": "Congratulations! You have successfully opened your new ReplaceMe account.",
				"Disclosure Content": "What You Need to Know about Overdrafts and Overdraft Fees,What are the standard overdraft practices that come with my account?,What are the standard overdraft practices that come with my account?",
				"Statement eDelivery": "By enrolling in eDelivery of your account statement, you are turning off paper statement delivery and will receive an email notification once your statement is available online. You can resume paper statement delivery at any time by updating your eDelivery Preferences.",
				"Edit Buttons": "Bottom Edit Personal Information,Top Edit Personal Information,Bottom Edit Account Information,Top Edit Account Information"
			},
			"CheckingAccWithYesYes": {
				"Social Security Number": "ReplaceMe",
				"Best Phone Number": "ReplaceMe",
				"Name": "ReplaceMe",
				"Driver's License Number": "ReplaceMe",
				"ProductType": "Savings",
				"AccountType": "Webster Value Checking",
				"Account Requested": "Webster Value Checking",
				"Email": "skarri@websterbank.com",
				"Address1": "35 ginger street",
				"Address2": "eq=p,qf=p",
				"City": "hartford",
				"Zipcode": "06118",
				"Date of Birth": "02/05/1990",
				"Country of Citizenship Full Name": "United States of America",
				"Country of Citizenship": "US",
				"Driver's License State": "Connecticut",
				"State": "CT",
				"State Full Name": "Connecticut",
				"Driver's License Issue Date": "02/05/2015",
				"Driver's License Expiration Date": "02/05/2025",
				"Affiliations Question 1": "Yes",
				"Affiliations Question 2": "Yes",
				"Employment Status": "Employed",
				"Employer Name": "TCS",
				"Job Title": "Systems Engineer",
				"International Wire Transfers": "No",
				"Send Free Webster Visa Debit Card": "Yes",
				"Average Monthly Cash Deposit Amount": "Less than $5,000",
				"Average Monthly Cash Withdrawal Amount": "Less than $5,000",
				"Sign up for Debit Card Overdraft Services": "Yes",
				"Sign up for eDelivery": "No",
				"Emulation Question1": "11",
				"Emulation Question2": "22",
				"Confirmation Message": "Congratulations! You have successfully opened your new ReplaceMe account.",
				"CashIn Question": "Federal Law requires financial institutions to obtain this information any time a customer opens a new account.",
				"CashOut Question": "Federal Law requires financial institutions to obtain this information any time a customer opens a new account.",
				"License Number": "This information will be used to validate your identity, which is required by federal law.",
				"Routing Number": "211170101"
			},
			"CheckingAccWithNoYes": {
				"Social Security Number": "ReplaceMe",
				"Best Phone Number": "ReplaceMe",
				"Name": "ReplaceMe",
				"Driver's License Number": "ReplaceMe",
				"ProductType": "Savings",
				"AccountType": "Webster Value Checking",
				"Account Requested": "Webster Value Checking",
				"Email": "skarri@websterbank.com",
				"Address1": "35 ginger street",
				"Address2": "eq=p,qf=p",
				"City": "hartford",
				"Zipcode": "06118",
				"Date of Birth": "02/05/1990",
				"Country of Citizenship Full Name": "United States of America",
				"Country of Citizenship": "US",
				"Driver's License State": "Connecticut",
				"State": "CT",
				"State Full Name": "Connecticut",
				"Driver's License Issue Date": "02/05/2015",
				"Driver's License Expiration Date": "02/05/2025",
				"Affiliations Question 1": "No",
				"Affiliations Question 2": "Yes",
				"Employment Status": "Employed",
				"Employer Name": "TCS",
				"Job Title": "Systems Engineer",
				"Send Free Webster Visa Debit Card": "Yes",
				"International Wire Transfers": "No",
				"Average Monthly Cash Deposit Amount": "Less than $5,000",
				"Average Monthly Cash Withdrawal Amount": "Less than $5,000",
				"Sign up for Debit Card Overdraft Services": "Yes",
				"Sign up for eDelivery": "No",
				"Emulation Question1": "11",
				"Emulation Question2": "22",
				"Confirmation Message": "Congratulations! You have successfully opened your new ReplaceMe account.",
				"CashIn Question": "Federal Law requires financial institutions to obtain this information any time a customer opens a new account.",
				"CashOut Question": "Federal Law requires financial institutions to obtain this information any time a customer opens a new account.",
				"License Number": "This information will be used to validate your identity, which is required by federal law.",
				"Routing Number": "211170101"
			},
			"FailEquifax": {
				"Social Security Number": "ReplaceMe",
				"Best Phone Number": "ReplaceMe",
				"Name": "ReplaceMe",
				"Driver's License Number": "ReplaceMe",
				"ProductType": "Savings",
				"AccountType": "Webster Value Checking",
				"Account Requested": "Webster Value Checking",
				"Email": "skarri@websterbank.com",
				"Address1": "35 ginger street",
				"Address2": "eq=f",
				"City": "hartford",
				"Zipcode": "06118",
				"Date of Birth": "02/05/1990",
				"Country of Citizenship Full Name": "United States of America",
				"Country of Citizenship": "US",
				"Driver's License State": "Connecticut",
				"State": "CT",
				"State Full Name": "Connecticut",
				"Driver's License Issue Date": "02/05/2015",
				"Driver's License Expiration Date": "02/05/2025",
				"Affiliations Question 1": "No",
				"Affiliations Question 2": "Yes",
				"Employment Status": "Employed",
				"Employer Name": "TCS",
				"Job Title": "Systems Engineer",
				"Send Free Webster Visa Debit Card": "Yes",
				"International Wire Transfers": "No",
				"Average Monthly Cash Deposit Amount": "Less than $5,000",
				"Average Monthly Cash Withdrawal Amount": "Less than $5,000",
				"Sign up for Debit Card Overdraft Services": "Yes",
				"Sign up for eDelivery": "No",
				"Emulation Question1": "11",
				"Emulation Question2": "22",
				"ErrorMessage1": "We were unable to open your account online.",
				"ErrorMessage2": "You can also open an account by visiting your local banking center. Or, contact us at 800-325-2424, 24 hours a day, 7days a week.",
				"CashIn Question": "Federal Law requires financial institutions to obtain this information any time a customer opens a new account.",
				"CashOut Question": "Federal Law requires financial institutions to obtain this information any time a customer opens a new account.",
				"License Number": "This information will be used to validate your identity, which is required by federal law.",
				"Routing Number": "211170101"
			},
			"CheckingAccWithYesNo": {
				"Social Security Number": "ReplaceMe",
				"Best Phone Number": "ReplaceMe",
				"Name": "ReplaceMe",
				"Driver's License Number": "ReplaceMe",
				"ProductType": "Savings",
				"AccountType": "Webster Value Checking",
				"Account Requested": "Webster Value Checking",
				"Email": "skarri@websterbank.com",
				"Address1": "35 ginger street",
				"Address2": "eq=p,qf=p",
				"City": "hartford",
				"Zipcode": "06118",
				"Date of Birth": "02/05/1990",
				"Country of Citizenship Full Name": "United States of America",
				"Country of Citizenship": "US",
				"Driver's License State": "Connecticut",
				"State": "CT",
				"State Full Name": "Connecticut",
				"Driver's License Issue Date": "02/05/2015",
				"Driver's License Expiration Date": "02/05/2025",
				"Affiliations Question 1": "Yes",
				"Affiliations Question 2": "No",
				"Employment Status": "Employed",
				"Employer Name": "TCS",
				"Job Title": "Systems Engineer",
				"International Wire Transfers": "No",
				"Average Monthly Cash Deposit Amount": "Less than $5,000",
				"Average Monthly Cash Withdrawal Amount": "Less than $5,000",
				"Sign up for Debit Card Overdraft Services": "Yes",
				"Sign up for eDelivery": "No",
				"Emulation Question1": "11",
				"Emulation Question2": "22",
				"Send Free Webster Visa Debit Card": "Yes",
				"Confirmation Message": "Congratulations! You have successfully opened your new ReplaceMe account.",
				"CashIn Question": "Federal Law requires financial institutions to obtain this information any time a customer opens a new account.",
				"CashOut Question": "Federal Law requires financial institutions to obtain this information any time a customer opens a new account.",
				"License Number": "This information will be used to validate your identity, which is required by federal law.",
				"Routing Number": "211170101"
			}
		},
		"PEPErrorMessage": {
			"Social Security Number": "ReplaceMe",
			"Best Phone Number": "ReplaceMe",
			"Name": "ReplaceMe",
			"Driver's License Number": "ReplaceMe",
			"ProductType": "Savings",
			"State Full Name": "Connecticut",
			"AccountType": "Webster Value Checking",
			"Email": "skarri@websterbank.com",
			"Address1": "35 ginger street",
			"Address2": "eq=p,qf=p",
			"City": "hartford",
			"Zipcode": "06118",
			"Date of Birth": "02/05/1990",
			"State": "Connecticut",
			"Country of Citizenship Full Name": "United States of America",
			"Country of Citizenship": "US",
			"PEP Error Message": "An answer is required."
		},
		"CashErrorMessage": {
			"Social Security Number": "ReplaceMe",
			"Best Phone Number": "ReplaceMe",
			"Name": "ReplaceMe",
			"Driver's License Number": "ReplaceMe",
			"ProductType": "Savings",
			"AccountType": "Webster Value Checking",
			"Email": "skarri@websterbank.com",
			"Address1": "35 ginger street",
			"Address2": "eq=p,qf=p",
			"City": "hartford",
			"Zipcode": "06118",
			"Date of Birth": "02/05/1990",
			"Country of Citizenship Full Name": "United States of America",
			"Country of Citizenship": "US",
			"Driver's License State": "Connecticut",
			"State": "Connecticut",
			"State Full Name": "Connecticut",
			"Driver's License Issue Date": "02/05/2015",
			"Driver's License Expiration Date": "02/05/2025",
			"Affiliations Question 1": "Yes",
			"Affiliations Question 2": "No",
			"Employment Status": "Employed",
			"Employer Name": "TCS",
			"Job Title": "Systems Engineer",
			"International Wire Transfers": "No",
			"Cash Error Message": "An answer is required."
		},
		"DiffEmulatorQuestion": {
			"Social Security Number": "ReplaceMe",
			"Best Phone Number": "ReplaceMe",
			"Name": "ReplaceMe",
			"Driver's License Number": "ReplaceMe",
			"ProductType": "Savings",
			"AccountType": "Webster Value Checking",
			"Account Requested": "Webster Value Checking",
			"Email": "skarri@websterbank.com",
			"Address1": "35 ginger street",
			"Address2": "eq=p,qf=p",
			"City": "hartford",
			"Zipcode": "06118",
			"Date of Birth": "02/05/1990",
			"Country of Citizenship Full Name": "United States of America",
			"Country of Citizenship": "US",
			"Driver's License State": "Connecticut",
			"State": "CT",
			"State Full Name": "Connecticut",
			"Driver's License Issue Date": "02/05/2015",
			"Driver's License Expiration Date": "02/05/2025",
			"Affiliations Question 1": "No",
			"Affiliations Question 2": "Yes",
			"Employment Status": "Employed",
			"Employer Name": "TCS",
			"Job Title": "Systems Engineer",
			"International Wire Transfers": "Yes",
			"Send Domestic Wires": "Y",
			"Make Investments": "Y",
			"Direct Deposits and Other": "N",
			"Purchase Monetary Instruments": "Y",
			"None of the Above": "N",
			"Average Monthly Wire Amount": "$5,001 to $10,000",
			"Average Monthly Cash Deposit Amount": "Less than $5,000",
			"Average Monthly Cash Withdrawal Amount": "Less than $5,000",
			"Sign up for Debit Card Overdraft Services": "Yes",
			"Sign up for eDelivery": "No",
			"Emulation Question1": "12",
			"Emulation Question2": "22",
			"Disclosure Content": "What You Need to Know about Overdrafts and Overdraft Fees,What are the standard overdraft practices that come with my account?,What are the standard overdraft practices that come with my account?",
			"CashIn Question": "Federal Law requires financial institutions to obtain this information any time a customer opens a new account.",
			"CashOut Question": "Federal Law requires financial institutions to obtain this information any time a customer opens a new account.",
			"License Number": "This information will be used to validate your identity, which is required by federal law.",
			"List of Bullet Points": "Employment Information,Driver's License Number,Social Security Number",
			"Negative Confirmation Text": "We were unable to open your account online.\nYou can also open an account by visiting your local banking center. Or, contact us at 800-325-2424, 24 hours a day, 7days a week.",
			"Overdraft Lightbox Text": "What You Need to Know about Overdrafts and Overdraft Fees",
			"Routing Number": "211170101"
		},
		"ExistUserCheckingAccOpening": {
			"Social Security Number": "ReplaceMe",
			"Best Phone Number": "ReplaceMe",
			"Name": "ReplaceMe",
			"Driver's License Number": "ReplaceMe",
			"ProductType": "Checking",
			"AccountType": "Premier Checking",
			"Account Requested": "Premier Checking",
			"Email": "skarri@websterbank.com",
			"Address1": "35 ginger street",
			"Address2": "eq=p,qf=p",
			"City": "hartford",
			"Zipcode": "06118",
			"Date of Birth": "02/05/1990",
			"Country of Citizenship Full Name": "United States of America",
			"Country of Citizenship": "US",
			"Driver's License State": "Connecticut",
			"State": "CT",
			"State Full Name": "Connecticut",
			"Driver's License Issue Date": "02/05/2015",
			"Driver's License Expiration Date": "02/05/2025",
			"Affiliations Question 1": "No",
			"Affiliations Question 2": "Yes",
			"Employment Status": "Employed",
			"Employer Name": "TCS",
			"Job Title": "Systems Engineer",
			"Send Free Webster Visa Debit Card": "Yes",
			"International Wire Transfers": "No",
			"Average Monthly Cash Deposit Amount": "Less than $5,000",
			"Average Monthly Cash Withdrawal Amount": "Less than $5,000",
			"Sign up for Debit Card Overdraft Services": "Yes",
			"Sign up for eDelivery": "No",
			"Emulation Question1": "11",
			"Emulation Question2": "22",
			"Confirmation Message": "Congratulations! You have successfully opened your new ReplaceMe account.",
			"CashIn Question": "Federal Law requires financial institutions to obtain this information any time a customer opens a new account.",
			"CashOut Question": "Federal Law requires financial institutions to obtain this information any time a customer opens a new account.",
			"License Number": "This information will be used to validate your identity, which is required by federal law.",
			"Routing Number": "211170101"
		},
		"ExistCustNewCDDChecking": {
			"Social Security Number": "ReplaceMe",
			"Best Phone Number": "ReplaceMe",
			"Name": "ReplaceMe",
			"Driver's License Number": "ReplaceMe",
			"ProductType": "Savings",
			"AccountType": "Webster Value Checking",
			"Account Requested": "Webster Value Checking",
			"Email": "skarri@websterbank.com",
			"Address1": "35 ginger street",
			"Address2": "eq=p,qf=p",
			"City": "hartford",
			"Zipcode": "06118",
			"Date of Birth": "02/05/1990",
			"Country of Citizenship Full Name": "United States of America",
			"Country of Citizenship": "US",
			"Driver's License State": "Connecticut",
			"State": "CT",
			"State Full Name": "Connecticut",
			"Driver's License Issue Date": "02/05/2015",
			"Driver's License Expiration Date": "02/05/2025",
			"Affiliations Question 1": "No",
			"Affiliations Question 2": "Yes",
			"Employment Status": "Employed",
			"Employer Name": "TCS",
			"Job Title": "Systems Engineer",
			"International Wire Transfers": "Yes",
			"Average Monthly Wire Amount": "$5,001 to $10,000",
			"Send Domestic Wires": "Y",
			"Make Investments": "Y",
			"Direct Deposits and Other": "N",
			"Purchase Monetary Instruments": "Y",
			"None of the Above": "N",
			"Send Free Webster Visa Debit Card": "Yes",
			"Average Monthly Cash Deposit Amount": "Less than $5,000",
			"Average Monthly Cash Withdrawal Amount": "Less than $5,000",
			"Sign up for Debit Card Overdraft Services": "Yes",
			"Sign up for eDelivery": "No",
			"Emulation Question1": "11",
			"Emulation Question2": "22",
			"CashIn Question": "Federal Law requires financial institutions to obtain this information any time a customer opens a new account.",
			"CashOut Question": "Federal Law requires financial institutions to obtain this information any time a customer opens a new account.",
			"License Number": "This information will be used to validate your identity, which is required by federal law.",
			"List of Bullet Points": "Employment Information,Driver's License Number,Social Security Number",
			"Negative Confirmation Text": "We were unable to open your account online.\nYou can also open an account by visiting your local banking center. Or, contact us at 800-325-2424, 24 hours a day, 7days a week.",
			"Routing Number": "211170101"
		},
		"SSNDOBExist": {
			"Social Security Number": "559108275",
			"Best Phone Number": "ReplaceMe",
			"Name": "ReplaceMe",
			"Driver's License Number": "895623145",
			"ProductType": "Checking",
			"AccountType": "WebsterOne® Relationship Checking",
			"Account Requested": "WebsterOne Checking",
			"Email": "skarri@websterbank.com",
			"Address1": "35 ginger street",
			"Address2": "eq=p,qf=p",
			"City": "hartford",
			"Zipcode": "06118",
			"Date of Birth": "05/15/1959",
			"Country of Citizenship Full Name": "United States of America",
			"Country of Citizenship": "US",
			"Driver's License State": "Connecticut",
			"State": "CT",
			"State Full Name": "Connecticut",
			"Driver's License Issue Date": "02/05/2015",
			"Driver's License Expiration Date": "02/05/2025",
			"Affiliations Question 1": "No",
			"Affiliations Question 2": "Yes",
			"Employment Status": "Other",
			"International Wire Transfers": "No",
			"Average Monthly Cash Deposit Amount": "Less than $5,000",
			"Average Monthly Cash Withdrawal Amount": "Less than $5,000",
			"Sign up for Debit Card Overdraft Services": "Yes",
			"Sign up for eDelivery": "No",
			"Emulation Question1": "11",
			"Emulation Question2": "22",
			"Confirmation Message": "Congratulations! You have successfully opened your new ReplaceMe account.",
			"CashIn Question": "Federal Law requires financial institutions to obtain this information any time a customer opens a new account.",
			"CashOut Question": "Federal Law requires financial institutions to obtain this information any time a customer opens a new account.",
			"License Number": "This information will be used to validate your identity, which is required by federal law.",
			"List of Bullet Points": "Employment Information,Driver's License Number,Social Security Number",
			"Already Enrolled Text": "It looks like you are already enrolled in Online Banking. Please Sign In to make the new account application process faster. We will bring you right back here with your application pre-filled.",
			"Routing Number": "211170101"
		},
		"NonUSNonResAlien": {
			"Social Security Number": "ReplaceMe",
			"Best Phone Number": "ReplaceMe",
			"Name": "ReplaceMe",
			"Driver's License Number": "ReplaceMe",
			"ProductType": "Checking",
			"AccountType": "Webster Value Checking",
			"Account Requested": "Webster Value Checking",
			"Email": "skarri@websterbank.com",
			"Address1": "35 ginger street",
			"Address2": "eq=p,qf=p",
			"City": "hartford",
			"Zipcode": "06118",
			"Date of Birth": "02/05/1990",
			"Country of Citizenship Full Name": "India",
			"Resident Status": "Non Resident Alien",
			"Country of Citizenship": "US",
			"Driver's License State": "Connecticut",
			"State": "CT",
			"State Full Name": "Connecticut",
			"Driver's License Issue Date": "02/05/2015",
			"Driver's License Expiration Date": "02/05/2025",
			"Affiliations Question 1": "No",
			"Affiliations Question 2": "Yes",
			"Employment Status": "Employed",
			"Employer Name": "TCS",
			"Job Title": "Systems Engineer",
			"International Wire Transfers": "No",
			"Average Monthly Cash Deposit Amount": "Less than $5,000",
			"Average Monthly Cash Withdrawal Amount": "Less than $5,000",
			"Sign up for Debit Card Overdraft Services": "Yes",
			"Sign up for eDelivery": "No",
			"Emulation Question1": "11",
			"Emulation Question2": "22",
			"CashIn Question": "Federal Law requires financial institutions to obtain this information any time a customer opens a new account.",
			"CashOut Question": "Federal Law requires financial institutions to obtain this information any time a customer opens a new account.",
			"License Number": "This information will be used to validate your identity, which is required by federal law.",
			"Negative Confirmation Text": "We were unable to open your account online.\nYou can also open an account by visiting your local banking center. Or, contact us at 800-325-2424, 24 hours a day, 7days a week."
		},
		"NonUSResAlien": {
			"Social Security Number": "ReplaceMe",
			"Best Phone Number": "ReplaceMe",
			"Name": "ReplaceMe",
			"Driver's License Number": "ReplaceMe",
			"ProductType": "Checking",
			"AccountType": "Premier Checking",
			"Account Requested": "Premier Checking",
			"Email": "skarri@websterbank.com",
			"Address1": "35 ginger street",
			"Address2": "eq=p,qf=p",
			"City": "hartford",
			"Zipcode": "06118",
			"Date of Birth": "02/05/1990",
			"Country of Citizenship Full Name": "India",
			"Resident Status": "Resident Alien",
			"Country of Citizenship": "India",
			"Driver's License State": "Connecticut",
			"State": "CT",
			"State Full Name": "Connecticut",
			"Driver's License Issue Date": "02/05/2015",
			"Driver's License Expiration Date": "02/05/2025",
			"Affiliations Question 1": "No",
			"Affiliations Question 2": "Yes",
			"Employment Status": "Employed",
			"Employer Name": "TCS",
			"Job Title": "Systems Engineer",
			"International Wire Transfers": "No",
			"Average Monthly Cash Deposit Amount": "Less than $5,000",
			"Average Monthly Cash Withdrawal Amount": "Less than $5,000",
			"Sign up for Debit Card Overdraft Services": "Yes",
			"Sign up for eDelivery": "No",
			"Emulation Question1": "11",
			"Emulation Question2": "22",
			"Confirmation Message": "Congratulations! You have successfully opened your new ReplaceMe account.",
			"CashIn Question": "Federal Law requires financial institutions to obtain this information any time a customer opens a new account.",
			"CashOut Question": "Federal Law requires financial institutions to obtain this information any time a customer opens a new account.",
			"License Number": "This information will be used to validate your identity, which is required by federal law.",
			"Negative Confirmation Text": "We were unable to open your account online.\nYou can also open an account by visiting your local banking center. Or, contact us at 800-325-2424, 24 hours a day, 7days a week.",
			"Routing Number": "211170101"
		},
		"VerifyEditFunctionality": {
			"Social Security Number": "ReplaceMe",
			"Best Phone Number": "ReplaceMe",
			"Name": "ReplaceMe",
			"Driver's License Number": "ReplaceMe",
			"ProductType": "Savings",
			"AccountType": "Premier Checking",
			"Account Requested": "Premier Checking",
			"Email": "skarri@websterbank.com",
			"Address1": "35 ginger street",
			"Address2": "eq=p,qf=p",
			"City": "hartford",
			"Zipcode": "06118",
			"Date of Birth": "02/05/1990",
			"Country of Citizenship Full Name": "United States of America",
			"Country of Citizenship": "US",
			"Driver's License State": "Connecticut",
			"State": "CT",
			"State Full Name": "Connecticut",
			"Driver's License Issue Date": "02/05/2015",
			"Driver's License Expiration Date": "02/05/2025",
			"Affiliations Question 1": "No",
			"Affiliations Question 2": "Yes",
			"Employment Status": "Employed",
			"Employer Name": "TCS",
			"Job Title": "Systems Engineer",
			"International Wire Transfers": "No",
			"Average Monthly Cash Deposit Amount": "Less than $5,000",
			"Average Monthly Cash Withdrawal Amount": "Less than $5,000",
			"Sign up for Debit Card Overdraft Services": "Yes",
			"Sign up for eDelivery": "No",
			"Emulation Question1": "11",
			"Emulation Question2": "22",
			"Confirmation Message": "Congratulations! You have successfully opened your new ReplaceMe account.",
			"CashIn Question": "Federal Law requires financial institutions to obtain this information any time a customer opens a new account.",
			"CashOut Question": "Federal Law requires financial institutions to obtain this information any time a customer opens a new account.",
			"License Number": "This information will be used to validate your identity, which is required by federal law.",
			"Routing Number": "211170101",
			"Disclosure Content": "What You Need to Know about Overdrafts and Overdraft Fees,What are the standard overdraft practices that come with my account?,What are the standard overdraft practices that come with my account?",
			"Statement eDelivery": "By enrolling in eDelivery of your account statement, you are turning off paper statement delivery and will receive an email notification once your statement is available online. You can resume paper statement delivery at any time by updating your eDelivery Preferences.",
			"Edit Buttons": "Bottom Edit Personal Information,Top Edit Personal Information,Bottom Edit Account Information,Top Edit Account Information"
		},
		"ExistingUsernameError": {
			"Social Security Number": "ReplaceMe",
			"Best Phone Number": "ReplaceMe",
			"Name": "ReplaceMe",
			"Driver's License Number": "ReplaceMe",
			"ProductType": "Savings",
			"AccountType": "Webster Value Checking",
			"Account Requested": "Webster Value Checking",
			"Email": "skarri@websterbank.com",
			"Address1": "35 ginger street",
			"Address2": "eq=p,qf=p",
			"City": "hartford",
			"Zipcode": "06118",
			"Date of Birth": "02/05/1990",
			"Country of Citizenship Full Name": "United States of America",
			"Country of Citizenship": "US",
			"Driver's License State": "Connecticut",
			"State": "CT",
			"State Full Name": "Connecticut",
			"Driver's License Issue Date": "02/05/2015",
			"Driver's License Expiration Date": "02/05/2025",
			"Affiliations Question 1": "No",
			"Affiliations Question 2": "No",
			"Employment Status": "Employed",
			"Employer Name": "TCS",
			"Job Title": "Systems Engineer",
			"International Wire Transfers": "No",
			"Send Free Webster Visa Debit Card": "Yes",
			"Average Monthly Cash Deposit Amount": "Less than $5,000",
			"Average Monthly Cash Withdrawal Amount": "Less than $5,000",
			"Sign up for Debit Card Overdraft Services": "Yes",
			"Sign up for eDelivery": "No",
			"Emulation Question1": "11",
			"Emulation Question2": "22",
			"CashIn Question": "Federal Law requires financial institutions to obtain this information any time a customer opens a new account.",
			"CashOut Question": "Federal Law requires financial institutions to obtain this information any time a customer opens a new account.",
			"License Number": "This information will be used to validate your identity, which is required by federal law.",
			"Routing Number": "211170101",
			"Confirmation Message": "Congratulations! You have successfully opened your new ReplaceMe account.",
			"Disclosure Content": "What You Need to Know about Overdrafts and Overdraft Fees,What are the standard overdraft practices that come with my account?,What are the standard overdraft practices that come with my account?",
			"Statement eDelivery": "By enrolling in eDelivery of your account statement, you are turning off paper statement delivery and will receive an email notification once your statement is available online. You can resume paper statement delivery at any time by updating your eDelivery Preferences.",
			"Edit Buttons": "Bottom Edit Personal Information,Top Edit Personal Information,Bottom Edit Account Information,Top Edit Account Information",
			"Existing Username": "2sunshines",
			"Error Message": "The User Name you requested is already in use."
		},
		"PromocodeAndNoCard": {
			"Social Security Number": "ReplaceMe",
			"Best Phone Number": "ReplaceMe",
			"Name": "ReplaceMe",
			"Driver's License Number": "ReplaceMe",
			"ProductType": "Checking",
			"AccountType": "Premier Checking",
			"Account Requested": "Premier Checking",
			"Email": "skarri@websterbank.com",
			"Address1": "35 ginger street",
			"Address2": "eq=p,qf=p",
			"City": "hartford",
			"Zipcode": "06118",
			"Date of Birth": "02/05/1990",
			"Country of Citizenship Full Name": "United States of America",
			"Country of Citizenship": "US",
			"Driver's License State": "Connecticut",
			"State": "CT",
			"State Full Name": "Connecticut",
			"Driver's License Issue Date": "02/05/2015",
			"Driver's License Expiration Date": "02/05/2025",
			"Affiliations Question 1": "No",
			"Affiliations Question 2": "Yes",
			"Employment Status": "Employed",
			"Employer Name": "TCS",
			"Job Title": "Systems Engineer",
			"Send Free Webster Visa Debit Card": "No",
			"International Wire Transfers": "No",
			"Average Monthly Cash Deposit Amount": "Less than $5,000",
			"Average Monthly Cash Withdrawal Amount": "Less than $5,000",
			"Sign up for Debit Card Overdraft Services": "Yes",
			"Sign up for eDelivery": "No",
			"Emulation Question1": "11",
			"Emulation Question2": "22",
			"CashIn Question": "Federal Law requires financial institutions to obtain this information any time a customer opens a new account.",
			"CashOut Question": "Federal Law requires financial institutions to obtain this information any time a customer opens a new account.",
			"License Number": "This information will be used to validate your identity, which is required by federal law.",
			"Confirmation Message": "Congratulations! You have successfully opened your new ReplaceMe account.",
			"Routing Number": "211170101",
			"OverDraft Heading": "Debit Card Overdraft Services?",
			"OverDraft Content": "Yes, I do want Webster Bank to authorize and pay overdrafts on my ATM and everyday debit card transactions.;No, I do not want Webster Bank to authorize and pay overdrafts on my ATM and everyday Debit card transactions.",
			"Promo code applied": "WEBSTER3242"
		},
		"NoOverdraftExistCustNoCard": {
			"Social Security Number": "ReplaceMe",
			"Best Phone Number": "ReplaceMe",
			"Name": "ReplaceMe",
			"Driver's License Number": "ReplaceMe",
			"ProductType": "Checking",
			"AccountType": "Premier Checking",
			"Account Requested": "Premier Checking",
			"Email": "skarri@websterbank.com",
			"Address1": "35 ginger street",
			"Address2": "eq=p,qf=p",
			"City": "hartford",
			"Zipcode": "06118",
			"Date of Birth": "02/05/1990",
			"Country of Citizenship Full Name": "United States of America",
			"Country of Citizenship": "US",
			"Driver's License State": "Connecticut",
			"State": "CT",
			"State Full Name": "Connecticut",
			"Driver's License Issue Date": "02/05/2015",
			"Driver's License Expiration Date": "02/05/2025",
			"Affiliations Question 1": "No",
			"Affiliations Question 2": "Yes",
			"Employment Status": "Employed",
			"Employer Name": "TCS",
			"Job Title": "Systems Engineer",
			"Send Free Webster Visa Debit Card": "No",
			"International Wire Transfers": "No",
			"Average Monthly Cash Deposit Amount": "Less than $5,000",
			"Average Monthly Cash Withdrawal Amount": "Less than $5,000",
			"Sign up for Debit Card Overdraft Services": "Yes",
			"Sign up for eDelivery": "No",
			"Emulation Question1": "11",
			"Emulation Question2": "22",
			"Confirmation Message": "Congratulations! You have successfully opened your new ReplaceMe account.",
			"CashIn Question": "Federal Law requires financial institutions to obtain this information any time a customer opens a new account.",
			"CashOut Question": "Federal Law requires financial institutions to obtain this information any time a customer opens a new account.",
			"License Number": "This information will be used to validate your identity, which is required by federal law.",
			"Routing Number": "211170101",
			"OverDraft Heading": "Debit Card Overdraft Services?",
			"OverDraft Content": "Yes, I do want Webster Bank to authorize and pay overdrafts on my ATM and everyday debit card transactions.;No, I do not want Webster Bank to authorize and pay overdrafts on my ATM and everyday Debit card transactions."
		},
		"RemovePromocode": {
			"Social Security Number": "ReplaceMe",
			"Best Phone Number": "ReplaceMe",
			"Name": "ReplaceMe",
			"Driver's License Number": "ReplaceMe",
			"ProductType": "Checking",
			"AccountType": "Premier Checking",
			"Account Requested": "Premier Checking",
			"Email": "skarri@websterbank.com",
			"Address1": "35 ginger street",
			"Address2": "eq=p,qf=p",
			"City": "hartford",
			"Zipcode": "06118",
			"Date of Birth": "02/05/1990",
			"Country of Citizenship Full Name": "United States of America",
			"Country of Citizenship": "US",
			"Driver's License State": "Connecticut",
			"State": "CT",
			"State Full Name": "Connecticut",
			"Driver's License Issue Date": "02/05/2015",
			"Driver's License Expiration Date": "02/05/2025",
			"Affiliations Question 1": "No",
			"Affiliations Question 2": "Yes",
			"Employment Status": "Employed",
			"Employer Name": "TCS",
			"Job Title": "Systems Engineer",
			"Send Free Webster Visa Debit Card": "Yes",
			"International Wire Transfers": "No",
			"Average Monthly Cash Deposit Amount": "Less than $5,000",
			"Average Monthly Cash Withdrawal Amount": "Less than $5,000",
			"Sign up for Debit Card Overdraft Services": "Yes",
			"Sign up for eDelivery": "No",
			"Emulation Question1": "11",
			"Emulation Question2": "22",
			"Confirmation Message": "Congratulations! You have successfully opened your new ReplaceMe account.",
			"CashIn Question": "Federal Law requires financial institutions to obtain this information any time a customer opens a new account.",
			"CashOut Question": "Federal Law requires financial institutions to obtain this information any time a customer opens a new account.",
			"License Number": "This information will be used to validate your identity, which is required by federal law.",
			"Routing Number": "211170101",
			"OverDraft Heading": "Debit Card Overdraft Services?",
			"OverDraft Content": "Yes, I do want Webster Bank to authorize and pay overdrafts on my ATM and everyday debit card transactions.;No, I do not want Webster Bank to authorize and pay overdrafts on my ATM and everyday Debit card transactions.",
			"Promo code applied": "WEBSTER3242"
		},
		"PromocodePageNewUser": {
			"ProductType": "Checking",
			"AccountType": "Premier Checking",
			"Account Requested": "Premier Checking",
			"Email": "skarri@websterbank.com",
			"Promo Label": "Promo Code (Optional)",
			"ProgressBar Steps": "Tell us about yourself,Setup account features,Verify your identity,Read & accept terms,Create your profile"
		},
		"PromocodePageExistUser": {
			"ProductType": "Checking",
			"AccountType": "Premier Checking",
			"Account Requested": "Premier Checking",
			"Email": "skarri@websterbank.com",
			"Promo Label": "Promo Code (Optional)",
			"ProgressBar Steps": "Review your personal information,Setup account features,Read & Accept terms"
		},
		"AddPromocode": {
			"Social Security Number": "ReplaceMe",
			"Best Phone Number": "ReplaceMe",
			"Name": "ReplaceMe",
			"Driver's License Number": "ReplaceMe",
			"ProductType": "Checking",
			"AccountType": "Premier Checking",
			"Account Requested": "Electronic Checking",
			"Email": "skarri@websterbank.com",
			"Address1": "35 ginger street",
			"Address2": "eq=p,qf=p",
			"City": "hartford",
			"Zipcode": "06118",
			"Date of Birth": "02/05/1990",
			"Country of Citizenship Full Name": "United States of America",
			"Country of Citizenship": "US",
			"Driver's License State": "Connecticut",
			"State": "CT",
			"State Full Name": "Connecticut",
			"Driver's License Issue Date": "02/05/2015",
			"Driver's License Expiration Date": "02/05/2025",
			"Affiliations Question 1": "No",
			"Affiliations Question 2": "Yes",
			"Employment Status": "Employed",
			"Employer Name": "TCS",
			"Job Title": "Systems Engineer",
			"Send Free Webster Visa Debit Card": "Yes",
			"International Wire Transfers": "No",
			"Average Monthly Cash Deposit Amount": "Less than $5,000",
			"Average Monthly Cash Withdrawal Amount": "Less than $5,000",
			"Sign up for Debit Card Overdraft Services": "Yes",
			"Sign up for eDelivery": "No",
			"Emulation Question1": "11",
			"Emulation Question2": "22",
			"NextStepLinks": "Fund your new account,Enroll in balance alerts,View account balances",
			"Confirmation Message": "Congratulations! You have successfully opened your new ReplaceMe account.",
			"CashIn Question": "Federal Law requires financial institutions to obtain this information any time a customer opens a new account.",
			"CashOut Question": "Federal Law requires financial institutions to obtain this information any time a customer opens a new account.",
			"License Number": "This information will be used to validate your identity, which is required by federal law.",
			"Routing Number": "211170101",
			"OverDraft Heading": "Debit Card Overdraft Services?",
			"OverDraft Content": "Yes, I do want Webster Bank to authorize and pay overdrafts on my ATM and everyday debit card transactions.;No, I do not want Webster Bank to authorize and pay overdrafts on my ATM and everyday Debit card transactions.",
			"Promo code applied": "WEBSTER3242",
			"Name of promotion": "Diwali Promo",
			"Account Type": "Electronic Checking"
		},
		"EQ=P": {
			"Social Security Number": "ReplaceMe",
			"Best Phone Number": "ReplaceMe",
			"Name": "ReplaceMe",
			"Driver's License Number": "ReplaceMe",
			"ProductType": "Checking",
			"AccountType": "Premier Checking",
			"Account Requested": "Electronic Checking",
			"Email": "skarri@websterbank.com",
			"Address1": "35 ginger street",
			"Address2": "eq=p",
			"City": "hartford",
			"Zipcode": "06118",
			"Date of Birth": "02/05/1990",
			"Country of Citizenship Full Name": "United States of America",
			"Country of Citizenship": "US",
			"Driver's License State": "Connecticut",
			"State": "CT",
			"State Full Name": "Connecticut",
			"Driver's License Issue Date": "02/05/2015",
			"Driver's License Expiration Date": "02/05/2025",
			"Affiliations Question 1": "No",
			"Affiliations Question 2": "Yes",
			"Employment Status": "Student",
			"Send Free Webster Visa Debit Card": "Yes",
			"International Wire Transfers": "No",
			"Average Monthly Cash Deposit Amount": "Less than $5,000",
			"Average Monthly Cash Withdrawal Amount": "Less than $5,000",
			"Sign up for Debit Card Overdraft Services": "Yes",
			"Sign up for eDelivery": "No",
			"Emulation Question1": "11",
			"Emulation Question2": "22",
			"NextStepLinks": "Fund your new account,Enroll in balance alerts,View account balances",
			"Confirmation Message": "Congratulations! You have successfully opened your new ReplaceMe account.",
			"CashIn Question": "Federal Law requires financial institutions to obtain this information any time a customer opens a new account.",
			"CashOut Question": "Federal Law requires financial institutions to obtain this information any time a customer opens a new account.",
			"License Number": "This information will be used to validate your identity, which is required by federal law.",
			"Routing Number": "211170101",
			"OverDraft Heading": "Debit Card Overdraft Services?",
			"OverDraft Content": "Yes, I do want Webster Bank to authorize and pay overdrafts on my ATM and everyday debit card transactions.;No, I do not want Webster Bank to authorize and pay overdrafts on my ATM and everyday Debit card transactions.",
			"Promo code applied": "WEBSTER3242",
			"Name of promotion": "Diwali Promo",
			"Account Type": "Electronic Checking"
		},
		"FailedEFunds": {
			"Social Security Number": "ReplaceMe",
			"Best Phone Number": "ReplaceMe",
			"Name": "ReplaceMe",
			"Driver's License Number": "ReplaceMe",
			"ProductType": "Savings",
			"AccountType": "Webster Value Checking",
			"Account Requested": "Webster Value Checking",
			"Email": "skarri@websterbank.com",
			"Address1": "35 ginger street",
			"Address2": "eq=p,qf=f",
			"City": "hartford",
			"Zipcode": "06118",
			"Date of Birth": "02/05/1990",
			"Country of Citizenship Full Name": "United States of America",
			"Country of Citizenship": "US",
			"Driver's License State": "Connecticut",
			"State": "CT",
			"State Full Name": "Connecticut",
			"Driver's License Issue Date": "02/05/2015",
			"Driver's License Expiration Date": "02/05/2025",
			"Affiliations Question 1": "No",
			"Affiliations Question 2": "Yes",
			"Employment Status": "Student",
			"International Wire Transfers": "No",
			"Average Monthly Wire Amount": "$5,001 to $10,000",
			"Average Monthly Cash Deposit Amount": "Less than $5,000",
			"Average Monthly Cash Withdrawal Amount": "Less than $5,000",
			"Sign up for Debit Card Overdraft Services": "Yes",
			"Sign up for eDelivery": "No",
			"Emulation Question1": "11",
			"Emulation Question2": "22",
			"Negative Confirmation Text": "We were unable to open your account online.\nYou can also open an account by visiting your local banking center. Or, contact us at 800-325-2424, 24 hours a day, 7days a week."
		},
		"NonUSCitizenNRA": {
			"Social Security Number": "ReplaceMe",
			"Best Phone Number": "ReplaceMe",
			"Name": "ReplaceMe",
			"Driver's License Number": "ReplaceMe",
			"ProductType": "Savings",
			"AccountType": "Webster Value Checking",
			"Account Requested": "Webster Value Checking",
			"Email": "skarri@websterbank.com",
			"Address1": "35 ginger street",
			"Address2": "eq=p,qf=p",
			"Resident Status": "Non Resident Alien",
			"City": "hartford",
			"Zipcode": "06118",
			"Date of Birth": "02/05/1990",
			"Country of Citizenship Full Name": "Afghanistan",
			"Country of Citizenship": "US",
			"Driver's License State": "Connecticut",
			"State": "CT",
			"State Full Name": "Connecticut",
			"Driver's License Issue Date": "02/05/2015",
			"Driver's License Expiration Date": "02/05/2025",
			"Affiliations Question 1": "No",
			"Affiliations Question 2": "Yes",
			"Employment Status": "Retired",
			"International Wire Transfers": "No",
			"Average Monthly Wire Amount": "$5,001 to $10,000",
			"Average Monthly Cash Deposit Amount": "Less than $5,000",
			"Average Monthly Cash Withdrawal Amount": "Less than $5,000",
			"Sign up for Debit Card Overdraft Services": "Yes",
			"Sign up for eDelivery": "No",
			"Emulation Question1": "11",
			"Emulation Question2": "22",
			"Webcom Audit Step": "Audit Step #60: Customer failed CDD questions",
			"Negative Confirmation Text": "We were unable to open your account online.\nYou can also open an account by visiting your local banking center. Or, contact us at 800-325-2424, 24 hours a day, 7days a week."
		},
		"ExistingSSN": {
			"Social Security Number": "949548222",
			"Best Phone Number": "ReplaceMe",
			"Name": "ReplaceMe",
			"Driver's License Number": "ReplaceMe",
			"ProductType": "Savings",
			"AccountType": "Webster Value Checking",
			"Account Requested": "Webster Value Checking",
			"Email": "skarri@websterbank.com",
			"Address1": "35 ginger street",
			"Address2": "eq=p,qf=p",
			"City": "hartford",
			"Zipcode": "06118",
			"Date of Birth": "02/05/1990",
			"Country of Citizenship Full Name": "United States of America",
			"Country of Citizenship": "US",
			"Driver's License State": "Connecticut",
			"State": "CT",
			"State Full Name": "Connecticut",
			"Driver's License Issue Date": "02/05/2015",
			"Driver's License Expiration Date": "02/05/2025",
			"Affiliations Question 1": "No",
			"Affiliations Question 2": "Yes",
			"Employment Status": "Retired",
			"International Wire Transfers": "No",
			"Average Monthly Wire Amount": "$5,001 to $10,000",
			"Average Monthly Cash Deposit Amount": "Less than $5,000",
			"Average Monthly Cash Withdrawal Amount": "Less than $5,000",
			"Sign up for Debit Card Overdraft Services": "Yes",
			"Sign up for eDelivery": "No",
			"Emulation Question1": "11",
			"Emulation Question2": "22",
			"Sign In for Existing SSN": "As an existing customer, please sign in to complete your application."
		},
		"EQ=F": {
			"Social Security Number": "ReplaceMe",
			"Best Phone Number": "ReplaceMe",
			"Name": "ReplaceMe",
			"Driver's License Number": "ReplaceMe",
			"ProductType": "Checking",
			"AccountType": "Webster Value Checking",
			"Account Requested": "Webster Value Checking",
			"Email": "skarri@websterbank.com",
			"Address1": "35 ginger street",
			"Address2": "EQ=F",
			"City": "hartford",
			"Zipcode": "06118",
			"Date of Birth": "02/05/1990",
			"Country of Citizenship Full Name": "United States of America",
			"Country of Citizenship": "US",
			"Driver's License State": "Connecticut",
			"State": "CT",
			"State Full Name": "Connecticut",
			"Driver's License Issue Date": "02/05/2015",
			"Driver's License Expiration Date": "02/05/2025",
			"Affiliations Question 1": "No",
			"Affiliations Question 2": "Yes",
			"Employment Status": "Retired",
			"International Wire Transfers": "No",
			"Average Monthly Wire Amount": "$5,001 to $10,000",
			"Average Monthly Cash Deposit Amount": "Less than $5,000",
			"Average Monthly Cash Withdrawal Amount": "Less than $5,000",
			"Sign up for Debit Card Overdraft Services": "Yes",
			"Sign up for eDelivery": "No",
			"Emulation Question1": "11",
			"Emulation Question2": "22",
			"Webcom Audit Step": "Audit Step #40: Customer failed Equifax",
			"Negative Confirmation Text": "We were unable to open your account online.\nYou can also open an account by visiting your local banking center. Or, contact us at 800-325-2424, 24 hours a day, 7days a week."
		},
		"EQAsP": {
			"Social Security Number": "ReplaceMe",
			"Best Phone Number": "ReplaceMe",
			"Name": "ReplaceMe",
			"Driver's License Number": "ReplaceMe",
			"ProductType": "Checking",
			"AccountType": "Webster Value Checking",
			"Account Requested": "Webster Value Checking",
			"Email": "skarri@websterbank.com",
			"Address1": "35 ginger street",
			"Address2": "EQ=P",
			"City": "hartford",
			"Zipcode": "06118",
			"Date of Birth": "02/05/1990",
			"Country of Citizenship Full Name": "United States of America",
			"Country of Citizenship": "US",
			"Driver's License State": "Connecticut",
			"State": "CT",
			"State Full Name": "Connecticut",
			"Driver's License Issue Date": "02/05/2015",
			"Driver's License Expiration Date": "02/05/2025",
			"Affiliations Question 1": "No",
			"Affiliations Question 2": "Yes",
			"Employment Status": "Retired",
			"International Wire Transfers": "No",
			"Average Monthly Wire Amount": "$5,001 to $10,000",
			"Average Monthly Cash Deposit Amount": "Less than $5,000",
			"Average Monthly Cash Withdrawal Amount": "Less than $5,000",
			"Sign up for Debit Card Overdraft Services": "Yes",
			"Sign up for eDelivery": "No",
			"Emulation Question1": "11",
			"Emulation Question2": "22",
			"Webcom Audit Step": "Audit Step #40: Customer failed Equifax",
			"Confirmation Message": "Congratulations! You have successfully opened your new ReplaceMe account."
		},
		"AddAnotherPremierSaving": {
			"Social Security Number": "ReplaceMe",
			"Best Phone Number": "ReplaceMe",
			"Name": "ReplaceMe",
			"Driver's License Number": "ReplaceMe",
			"ProductType": "Checking",
			"AccountType": "Premier Savings",
			"Account Requested": "Premier Savings",
			"Email": "skarri@websterbank.com",
			"Address1": "35 ginger street",
			"Address2": "EQ=P",
			"City": "hartford",
			"Zipcode": "06118",
			"Date of Birth": "02/05/1990",
			"Country of Citizenship Full Name": "United States of America",
			"Country of Citizenship": "US",
			"Driver's License State": "Connecticut",
			"State": "CT",
			"State Full Name": "Connecticut",
			"Driver's License Issue Date": "02/05/2015",
			"Driver's License Expiration Date": "02/05/2025",
			"Affiliations Question 1": "No",
			"Affiliations Question 2": "Yes",
			"Employment Status": "Retired",
			"International Wire Transfers": "No",
			"Average Monthly Wire Amount": "$5,001 to $10,000",
			"Average Monthly Cash Deposit Amount": "Less than $5,000",
			"Average Monthly Cash Withdrawal Amount": "Less than $5,000",
			"Sign up for Debit Card Overdraft Services": "Yes",
			"Sign up for eDelivery": "No",
			"Emulation Question1": "11",
			"Emulation Question2": "22",
			"Confirmation Message": "Congratulations! You have successfully opened your new ReplaceMe account."
		}
	}
}
