{
	"testDataList": {
		"CustomerInformation": {
			"Security Info Text": "It is a good idea to change your security information often. The challenge questions are used for identity verification when you are logging on from a computer that is unregistered with WebsterOnline. If you are required to answer a Challenge Question, your answer must match exactly as you have entered it here. Your answer must be a minimum of 3 and maximum of 18 characters. Special characters or punctuation cannot be used.",
			"SimplifyLogin1": "You can let WebsterOnline recognize this computer. By doing so, you will not have to answer an additional security question every time you login - you'll only need to supply your User Name and Password.",
			"SimplifyLogin2": "This is not a public computer, such as in a library.",
			"SimplifyLogin3": "This is the computer that you normally use for your Online Banking.",
			"AnswerError": "Please enter an answer for each Challenge Question."
		},
		"Address only Integer": {
			"Address *": "123"
		},
		"Address only Special char": {
			"Address *": "$$"
		},
		"Address Integer special char": {
			"Address *": "123$$"
		},
		"Empty Address": {
			"Address *": " "
		},
		"Valid Address 1": {
			"Address *": "9543 IDITAROD CIRCLE"
		},
		"Message": {
			"SplNewPassword": "password1239",
			"Update Service": "You are updating your Online Services profile only. To change your address or update any information on your Webster Bank accounts please contact a WebsterOnline Services Associate at 800.995.9995.",
			"NewEmail": "Please enter your new email address",
			"Username Password Update": "Your User Name and Password have been updated",
			"Password Update": "Your Password has been updated.",
			"Username Update": "Your User Name has been updated.",
			"Online Update": "Your online information has been updated",
			"VerifyNewEmail": "Please verify your new email address",
			"NotMatchVerifyNewEmail": "Your new and verified email address do not match.",
			"Current Password": "password",
			"NewPassword": "password123",
			"NewUsername": "password",
			"Problem Details": "There are problems with the information entered. See below for details.",
			"Top Problem Details": "Please review and correct the issues we have identified with the information you provided",
			"Password Mismatch": "Your New Password and Re-typed New Password do not match. Please try again.",
			"Incorrect Current Password": "Your Current Password is incorrect. Please try again.",
			"Used Username": "The user name you have chosen is already in use. Please choose a different one.",
			"New Username Error": "User name is case sensitive and must be between 8 and 18 characters. You may use a combination of letters and numbers. Spaces, special characters and punctuation marks cannot be used and your user name and password cannot be the same",
			"Same Username Password": "Your User Name cannot be the same as your Password. Please try again.",
			"Same Current Username": "Your new user name cannot be the same as your current user name.",
			"Short Password Message Error": "Your password must be at least 8 characters and no longer than 18 characters.",
			"Error Password Message": "Please review and correct the issues we have identified with the information you provided",
			"Address line 1 error": "Address line 1 can contain periods, commas, number signs (#), hyphens, slashes, or spaces. All other special characters are not allowed.",
			"Address line 1 requried": "Address line 1 is required.",
			"Security Info update": "Your security information has been updated.",
			"AnswerError": "Please enter an answer for each Challenge Question."
		},
		"ValidPasswordUsername": {
			"Current Password": "password",
			"New Password": "password123",
			"Re-Type New Password": "password123"
		},
		"ResetPasswordUsername": {
			"Current Password": "password123",
			"New Password": "password",
			"Re-Type New Password": "password"
		},
		"ResetPassword": {
			"Current Password": "password1239",
			"New Password": "password",
			"Re-Type New Password": "password"
		},
		"ShortPassword": {
			"Current Password": "password",
			"New Password": "passwor",
			"Re-Type New Password": "passwor"
		},
		"LongPassword": {
			"Current Password": "password",
			"New Password": "password1234",
			"Re-Type New Password": "password123456789"
		},
		"EmptyPassword": {
			"Current Password": "password",
			"New Password": "",
			"Re-Type New Password": ""
		},
		"WrongPassword": {
			"Current Password": "pass12345",
			"New Password": "password12",
			"Re-Type New Password": "password12"
		},
		"NewValidPasswordUsername": {
			"New Password": "password123"
		},
		"ExistingUsernameNewPassword": {
			"New User Name": "rvillano",
			"New Password": "password123"
		},
		"SameUsernameNewPassword": {
			"New Password": "password123"
		},
		"SpecialUsernameNewPassword": {
			"New User Name": "websterbank!",
			"New Password": "password123"
		},
		"ShortUsername": {
			"Current Password": "password",
			"New Password": "passwor",
			"Re-Type New Password": "passwor"
		},
		"ValidPassword": {
			"Current Password": "password",
			"New Password": "password1239",
			"Re-Type New Password": "password1239"
		},
		"Valid Address": {
			"Address *": "9543 IDITAROD CIRCLE",
			"City *": "SEYMOUR",
			"State *": "Connecticut",
			"Zip Code *": "06283",
			"Business Phone *": "204"
		}
	}
}
