<?xml version="1.0" encoding="UTF-8"?>
<dataProvider>
	<runList>
		<testDataName>Test Data for valid user credentials 1</testDataName>
		<userName>testuser1</userName>
		<password>password1</password>
	</runList>
	<runList>
		<testDataName>Test Data for valid user credentials 2</testDataName>
		<userName>testuser2</userName>
		<password>password2</password>
	</runList>
	<runList>
		<testDataName>Test Data for valid user credentials 3</testDataName>
		<userName>testuser3</userName>
		<password>password3</password>
	</runList>
	<runList>
		<testDataName>Test Data for invalid user credentials</testDataName>
		<userName>testuser4</userName>
		<password>testuser4</password>
	</runList>
</dataProvider>