{
	"testDataList": {
		"Headers": {
			"Header1": "Accounts enrolled for online statements only",
			"Header2": "Accounts to Receive Paper Statements",
			"Header3": "Other Deposit Account Notices",
			"Header4": "Electronic"
		},
		"Messages": {
			"eDeliveryAgreement Options": "You can update your eDelivery Preferences for your account statements and/or banking notices by selecting or deselecting the check box(es) below",
			"eDeliveryAgreement Note": "By selecting your deposit and/or loan accounts and other deposit account notices, you are opting into electronic delivery of your statements and/or other banking notices and turning off paper delivery",
			"Account Statement": "By selecting your checking or savings accounts, you are opting in to electronic delivery of your statements and turning off paper delivery. Accounts with an asterisk are currently on a combined statement. Turning on eDelivery for a combined statement automatically turns on eDelivery for all accounts",
			"Other Deposit Account Notices": "By selecting Other Deposit Account Notices, you are opting into receiving the following electronically: notices, policy disclosures, reports or forms",
			"Preference updated": "Your eDelivery preferences have been updated",
			"Correct Email": "Account Alerts and other important communications are delivered to your email address. Please ensure the email address in your Online Profile is correct",
			"New Email Address": "A valid email address is required.",
			"Removed Statement": "removed from Statement eDelivery. Paper statements will be resumed.",
			"Enrolled Statement": "enrolled in Statement eDelivery."
		},
		"Labels": {
			"label1": "Banking Notices.",
			"label2": "Electronic Delivery of Tax Forms.",
			"label3": "Account Statements."
		}
	}
}			
