{
	"testDataList": {
		"StudentLoan": {
			"LoanAccountNumber": "6511"
		}, "StudentLoanAccount": {
			"SelectStmtPeriodDate": "10/30/2018 - 11/29/2018",
			"UpdateEdeliveryErrorMessage":"Your account cannot be deleted because (a) pending transfers and/or payments exist; and/or (b) this account is enrolled in Statement eDelivery.",
			"RemoveAccountErrorMessage": "Account 00005002016511 cannot be removed from Online Profile because it is enrolled in Statement eDelivery",
			"EnrolledInEdeliveryMessage":"This account is enrolled in eDelivery",
			"StudentLoanAccountNumber":"00005002016511",
			"EDeliveryStudentLoanAccountNumber":"xxxxxx 6511",
			"EDeliveryPreferConfMessage":"Your eDelivery preferences have been updated",
			"EnrollFormat":"xxxxxx6511",
			"NotificationDeliveredTo":"Notifications delivered to:",
			"NotificationDeliveredEmailAddress":"@WebsterBank.com",
			"LoanAccountNumber": "6511",
			"Loan Account Number": "6511",
			"EnrollStmtEDeliveryMessage": "enrolled in Statement eDelivery.",
			"RemoveStmtEDeliveryMessage": "removed from Statement eDelivery. Paper statements will be resumed.",
			"UpdateAccountErrorMessage":"Enrollment in eDelivery is pending. Customer must accept agreement"
		}
	}
}