{
	"testDataList": {
		"ExportTransaction": {
			"PersonalUser": {
				"AccountNumber": "xxxxxx3580 WebsterOne Checking",
				"FormatOptions": "Quicken;QuickBooks;Text;CSV;Excel",
				"FormatType": "QuickBooks",
				"CustomRange": "Custom Range",
				"FromDate": "55",
				"ToDate": "0",
				"LastStatement": "Since Last Statement"
			},
			"BusinessUser": {
				"AccountNumber": "xxxxxx9793 Webster Complete Business Ckg",
				"FormatOptions": "Quicken;QuickBooks;Text;CSV;Excel",
				"FormatType": "QuickBooks",
				"CustomRange": "Custom Range",
				"FromDate": "55",
				"ToDate": "0",
				"LastStatement": "Since Last Statement"
			}
		},
		"ExportTransWebcom": {
			"TransactionFields": "Account Number;Format;Date Exported;Time Period"
		}
	}
}
	
