{
	"testDataList": {
		"CommonNotes": {
			"Timing of Transfers": "Transfers initiated after 5:00 PM ET may be processed on the next business day. Transfers scheduled for non-business days will be processed on the next business day. When transferring from your Webster account, we cannot guarantee when your financial institution will process the transfer and post the transaction to your account. In most cases the transaction will be posted and viewable, within 1 to 2 business days. When transferring into your Webster account, a hold is placed on your deposit and these funds will not become available for 3 business days following the date of your transfer request.",
			"Transfer Limits": "The number of transfers allowed for savings and money market accounts is limited. For more details, please refer to your Deposit Account Disclosure for Consumer Accounts.",
			"Timing of Transfers in Confirmation Page": "Transfers initiated after 5:00 PM ET may be processed on the next business day. Transfers scheduled for non-business days will be processed on the next business day.  When transferring from your Webster account, we cannot guarantee when your financial institution will process the transfer and post the transaction to your account. In most cases the transaction will be posted and viewable, within 1 to 2 business days. When transferring into your Webster account, a hold is placed on your deposit and these funds will not become available for 3 business days following the date of your transfer request.  The number of transfers allowed for savings and money market accounts is limited. For more details, please refer to your Deposit Account Disclosure for Consumer Accounts.",
			"Weekly": "110",
			"Every Two Weeks": "120",
			"Monthly": "140",
			"Every Two Months": "150",
			"Quarterly": "160",
			"Every Four Months": "170",
			"Twice a Year": "180",
			"Yearly": "190",
			"Select": "-1",
			"Public Holidays": "2019-09-02,2019-10-14,2019-11-11,2019-11-28,2020-01-01,2020-01-20,2020-02-17,2020-05-25,2020-07-03,2020-09-07,2020-10-12,2020-11-11,2020-11-26,2020-12-25",
			"Review Heading": "Please review the following information and verify that it is correct.",
			"Manage Transfers SubHeading": "Provide the following information, then click Continue."
		},
		"Payment1": {
			"fromAcct": "1975",
			"toAcct": "Automation",
			"transferType": "O",
			"amount": "10",
			"frequency": "",
			"Transfers": "",
			"days": "3"
		},
		"Payment2": {
			"fromAcct": "1975",
			"toAcct": "Automation",
			"transferType": "R",
			"amount": "10",
			"frequency": "Weekly",
			"Transfers": "3",
			"days": "3"
		},
		"Payment3": {
			"fromAcct": "1975",
			"toAcct": "Automation",
			"transferType": "O",
			"amount": "10",
			"frequency": "",
			"Transfers": "",
			"days": "3",
			"Invalid Date With No Day Component": "02/2019",
			"Invalid Date With No Year Component": "02/08",
			"Invalid Chars": "@^%!",
			"Invalid Date Format": "08--10--2019",
			"Blank Date": "",
			"Enter Date": "Please enter a transfer date.",
			"Invalid Transfer Date": "You have entered an invalid transfer date.",
			"Timing of Transfers": "Transfers initiated after 5:00 PM ET may be processed on the next business day. Transfers scheduled for non-business days will be processed on the next business day. When transferring from your Webster account, we cannot guarantee when your financial institution will process the transfer and post the transaction to your account. In most cases the transaction will be posted and viewable, within 1 to 2 business days. When transferring into your Webster account, a hold is placed on your deposit and these funds will not become available for 3 business days following the date of your transfer request.",
			"Transfer Limits": "The number of transfers allowed for savings and money market accounts is limited. For more details, please refer to your Deposit Account Disclosure for Consumer Accounts.",
			"Timing of Transfers in Confirmation Page": "Transfers initiated after 5:00 PM ET may be processed on the next business day. Transfers scheduled for non-business days will be processed on the next business day.  When transferring from your Webster account, we cannot guarantee when your financial institution will process the transfer and post the transaction to your account. In most cases the transaction will be posted and viewable, within 1 to 2 business days. When transferring into your Webster account, a hold is placed on your deposit and these funds will not become available for 3 business days following the date of your transfer request.  The number of transfers allowed for savings and money market accounts is limited. For more details, please refer to your Deposit Account Disclosure for Consumer Accounts.",
			"Review Heading": "Please review the following information and verify that it is correct.",
			"Manage Transfers SubHeading": "Provide the following information, then click Continue."
		},
		"Payment4": {
			"fromAcct": "0278",
			"toAcct": "Automation",
			"transferType": "O",
			"amount": "10",
			"frequency": "",
			"Transfers": "3"
		},
		"Payment5": {
			"fromAcct": "0278",
			"toAcct": "Automation",
			"transferType": "R",
			"amount": "10",
			"frequency": "Weekly",
			"Transfers": "3"
		},
		"BothWebsterAccounts": {
			"fromAcct": "0278",
			"toAcct": "0278",
			"transferType": "O",
			"amount": "10",
			"frequency": "",
			"Transfers": "",
			"Both Webster Accounts": "Your From and To accounts cannot be the same.\nYour From and To accounts cannot both be Webster accounts."
		},
		"BothNonWebsterAccounts": {
			"fromAcct": "PlsDontChangeName",
			"toAcct": "PlsDontChangeName",
			"transferType": "O",
			"amount": "10",
			"frequency": "",
			"Transfers": "",
			"Both NonWebster Accounts": "Your From and To accounts cannot be the same.\nYour From and To accounts cannot both be Non-Webster accounts."
		},
		"EmptyDate": {
			"fromAcct": "0278",
			"toAcct": "PlsDontChangeName",
			"transferType": "R",
			"amount": "10001.00",
			"frequency": "",
			"Transfers": "",
			"Empty Date": "Your transfer amount limit of $10,000.00 has been exceeded.\nA transfer frequency is required.\nPlease provide the number of transfers you would like to schedule.\nPlease enter a transfer start date."
		},
		"PastDate": {
			"fromAcct": "0278",
			"toAcct": "PlsDontChangeName",
			"transferType": "R",
			"amount": "05",
			"frequency": "Weekly",
			"Transfers": "3",
			"Past Date": "Your transfer date must be a date in the future."
		},
		"InvalidDate": {
			"fromAcct": "0278",
			"toAcct": "PlsDontChangeName",
			"transferType": "R",
			"amount": "05",
			"frequency": "Weekly",
			"Transfers": "3",
			"Invalid Date": "You have entered an invalid transfer date."
		},
		"EmptyTransfers": {
			"fromAcct": "0278",
			"toAcct": "PlsDontChangeName",
			"transferType": "R",
			"amount": "10001.00",
			"frequency": "Weekly",
			"Transfers": "",
			"Empty Transfers": "Your transfer amount limit of $10,000.00 has been exceeded.\nPlease provide the number of transfers you would like to schedule."
		},
		"MonthlyRecurring": {
			"fromAcct": "1975",
			"toAcct": "PlsDontChangeName",
			"transferType": "R",
			"amount": "10",
			"frequency": "Monthly",
			"Transfers": "2",
			"Empty Transfers": "Your transfer amount limit of $10,000.00 has been exceeded.\nPlease provide the number of transfers you would like to schedule."
		},
		"EveryTwoWeeksRecurring": {
			"fromAcct": "0278",
			"toAcct": "PlsDontChangeName",
			"transferType": "R",
			"amount": "10",
			"frequency": "Every Two Weeks",
			"Transfers": "2"
		},
		"EditRecurringPayment": {
			"fromAcct": "0278",
			"toAcct": "PlsDontChangeName",
			"transferType": "R",
			"amount": "15",
			"frequency": "Every Two Weeks",
			"Transfers": "2"
		},
		"VerifyDetailsForReccurring": {
			"fromAcct": "0278",
			"toAcct": "PlsDontChangeName",
			"transferType": "R",
			"amount": "10",
			"frequency": "Monthly",
			"Transfers": "2"
		},
		"AddNonWebsterAcc": {
			"fromAcct": "5477",
			"toAcct": "ExistingAccount",
			"transferType": "O",
			"amount": "5",
			"frequency": "",
			"Transfers": ""
		},
		"PayBills": {
			"fromAcct": "1779",
			"toAcct": "Automation",
			"transferType": "O",
			"amount": "10",
			"days": "3"
		}
	}
}

