{
	"testDataList": {
		"ExternalFundTransfer": {
			"qa": {
				"ALM-56441": {
					"fromAcct": "3107",
					"toAcct": "Automation1",
					"amount": "1.01",
					"days": "3",
					"transferType": "O",
					"frequency": "",
					"Transfers": ""
				},
				"ALM-56456": {
					"fromAcct": "3107",
					"toAcct": "Automation2",
					"amount": "2.02",
					"days": "3",
					"transferType": "O",
					"frequency": "",
					"Transfers": ""
				},
				"ALM-56465": {
					"fromAcct": "0572",
					"toAcct": "Suffer2",
					"amount": "3.03",
					"days": "3",
					"transferType": "O",
					"frequency": "",
					"Transfers": ""
				},
				"ALM-56476": {
					"fromAcct": "0572",
					"toAcct": "Suffer3",
					"amount": "4.04",
					"days": "3",
					"transferType": "O",
					"frequency": "",
					"Transfers": ""
				},
				"ALM-56479": {
					"fromAcct": "0572",
					"toAcct": "Suffer4",
					"amount": "5.05",
					"days": "3",
					"transferType": "O",
					"frequency": "",
					"Transfers": ""
				},
				"ALM-56490": {
					"fromAcct": "0572",
					"toAcct": "Suffer5",
					"amount": "6.06",
					"days": "3",
					"transferType": "O",
					"frequency": "",
					"Transfers": ""
				},
				"ALM-56493": {
					"fromAcct": "0572",
					"toAcct": "Suffer6",
					"amount": "7.07",
					"days": "3",
					"transferType": "O",
					"frequency": "",
					"Transfers": ""
				},
				"ALM-56499": {
					"fromAcct": "4684",
					"toAcct": "Automation",
					"amount": "8.08",
					"days": "3",
					"transferType": "O",
					"frequency": "",
					"Transfers": ""
				},
				"ALM-56503": {
					"fromAcct": "4684",
					"toAcct": "PlsDontChangeName",
					"amount": "9.09",
					"days": "3",
					"transferType": "O",
					"frequency": "",
					"Transfers": ""
				},
				"ALM-56442": {
					"fromAcct": "8368",
					"toAcct": "Automation1",
					"amount": "20.02",
					"days": "3",
					"transferType": "O",
					"frequency": "",
					"Transfers": ""
				},
				"ALM-56449": {
					"fromAcct": "8368",
					"toAcct": "Automation2",
					"amount": "20.01",
					"days": "3",
					"transferType": "O",
					"frequency": "",
					"Transfers": ""
				},
				"ALM-56466": {
					"fromAcct": "8368",
					"toAcct": "Automation3",
					"amount": "20.03",
					"days": "3",
					"transferType": "O",
					"frequency": "",
					"Transfers": ""
				},
				"ALM-56475": {
					"fromAcct": "8368",
					"toAcct": "Automation4",
					"amount": "20.04",
					"days": "3",
					"transferType": "O",
					"frequency": "",
					"Transfers": ""
				},
				"ALM-56480": {
					"fromAcct": "8368",
					"toAcct": "Automation5",
					"amount": "20.05",
					"days": "3",
					"transferType": "O",
					"frequency": "",
					"Transfers": ""
				},
				"ALM-56489": {
					"fromAcct": "8368",
					"toAcct": "Automation6",
					"amount": "20.06",
					"days": "3",
					"transferType": "O",
					"frequency": "",
					"Transfers": ""
				},
				"ALM-56444": {
					"fromAcct": "0763",
					"toAcct": "Automation1",
					"amount": "40.00",
					"days": "3",
					"transferType": "O",
					"frequency": "",
					"Transfers": ""
				},
				"ALM-56453": {
					"fromAcct": "0763",
					"toAcct": "Automation2",
					"amount": "50.00",
					"days": "3",
					"transferType": "O",
					"frequency": "",
					"Transfers": ""
				},
				"ALM-56467": {
					"fromAcct": "0763",
					"toAcct": "Automation3",
					"amount": "60.00",
					"days": "3",
					"transferType": "O",
					"frequency": "",
					"Transfers": ""
				},
				"ALM-56474": {
					"fromAcct": "0763",
					"toAcct": "Automation4",
					"amount": "20.00",
					"days": "3",
					"transferType": "O",
					"frequency": "",
					"Transfers": ""
				},
				"ALM-56481": {
					"fromAcct": "0763",
					"toAcct": "Automation5",
					"amount": "30.00",
					"days": "3",
					"transferType": "O",
					"frequency": "",
					"Transfers": ""
				},
				"ALM-56488": {
					"fromAcct": "0763",
					"toAcct": "Automation6",
					"amount": "70.00",
					"days": "3",
					"transferType": "O",
					"frequency": "",
					"Transfers": ""
				},
				"ALM-56440": {
					"fromAcct": "Automation1",
					"toAcct": "2999",
					"amount": "15",
					"days": "3",
					"transferType": "O",
					"frequency": "",
					"Transfers": ""
				},
				"ALM-56443": {
					"fromAcct": "Automation2",
					"toAcct": "2999",
					"amount": "15",
					"days": "3",
					"transferType": "R",
					"frequency": "Weekly",
					"Transfers": "2"
				},
				"ALM-56454": {
					"fromAcct": "2999",
					"toAcct": "Automation3",
					"amount": "15",
					"days": "3",
					"transferType": "R",
					"frequency": "Weekly",
					"Transfers": "2"
				}
			},
			"stage": {
				"ALM-56441": {
					"fromAcct": "6165",
					"toAcct": "Automation1",
					"amount": "1.01",
					"days": "3",
					"transferType": "O",
					"frequency": "",
					"Transfers": ""
				},
				"ALM-56456": {
					"fromAcct": "6165",
					"toAcct": "Automation2",
					"amount": "2.02",
					"days": "3",
					"transferType": "O",
					"frequency": "",
					"Transfers": ""
				},
				"ALM-56465": {
					"fromAcct": "0572",
					"toAcct": "Suffer2",
					"amount": "3.03",
					"days": "3",
					"transferType": "O",
					"frequency": "",
					"Transfers": ""
				},
				"ALM-56476": {
					"fromAcct": "0572",
					"toAcct": "Suffer3",
					"amount": "4.04",
					"days": "3",
					"transferType": "O",
					"frequency": "",
					"Transfers": ""
				},
				"ALM-56479": {
					"fromAcct": "0572",
					"toAcct": "Suffer4",
					"amount": "5.05",
					"days": "3",
					"transferType": "O",
					"frequency": "",
					"Transfers": ""
				},
				"ALM-56490": {
					"fromAcct": "0572",
					"toAcct": "Suffer5",
					"amount": "6.06",
					"days": "3",
					"transferType": "O",
					"frequency": "",
					"Transfers": ""
				},
				"ALM-56493": {
					"fromAcct": "0572",
					"toAcct": "Suffer6",
					"amount": "7.07",
					"days": "3",
					"transferType": "O",
					"frequency": "",
					"Transfers": ""
				},
				"ALM-56499": {
					"fromAcct": "4684",
					"toAcct": "Automation",
					"amount": "8.08",
					"days": "3",
					"transferType": "O",
					"frequency": "",
					"Transfers": ""
				},
				"ALM-56503": {
					"fromAcct": "4684",
					"toAcct": "PlsDontChangeName",
					"amount": "9.09",
					"days": "3",
					"transferType": "O",
					"frequency": "",
					"Transfers": ""
				},
				"ALM-56442": {
					"fromAcct": "8368",
					"toAcct": "Automation1",
					"amount": "20.02",
					"days": "3",
					"transferType": "O",
					"frequency": "",
					"Transfers": ""
				},
				"ALM-56449": {
					"fromAcct": "8368",
					"toAcct": "Automation2",
					"amount": "20.01",
					"days": "3",
					"transferType": "O",
					"frequency": "",
					"Transfers": ""
				},
				"ALM-56466": {
					"fromAcct": "8368",
					"toAcct": "Automation3",
					"amount": "20.03",
					"days": "3",
					"transferType": "O",
					"frequency": "",
					"Transfers": ""
				},
				"ALM-56475": {
					"fromAcct": "8368",
					"toAcct": "Automation4",
					"amount": "20.04",
					"days": "3",
					"transferType": "O",
					"frequency": "",
					"Transfers": ""
				},
				"ALM-56480": {
					"fromAcct": "8368",
					"toAcct": "Automation5",
					"amount": "20.05",
					"days": "3",
					"transferType": "O",
					"frequency": "",
					"Transfers": ""
				},
				"ALM-56489": {
					"fromAcct": "8368",
					"toAcct": "Automation6",
					"amount": "20.06",
					"days": "3",
					"transferType": "O",
					"frequency": "",
					"Transfers": ""
				},
				"ALM-56444": {
					"fromAcct": "0763",
					"toAcct": "Automation1",
					"amount": "40.00",
					"days": "3",
					"transferType": "O",
					"frequency": "",
					"Transfers": ""
				},
				"ALM-56453": {
					"fromAcct": "0763",
					"toAcct": "Automation2",
					"amount": "50.00",
					"days": "3",
					"transferType": "O",
					"frequency": "",
					"Transfers": ""
				},
				"ALM-56467": {
					"fromAcct": "0763",
					"toAcct": "Automation3",
					"amount": "60.00",
					"days": "3",
					"transferType": "O",
					"frequency": "",
					"Transfers": ""
				},
				"ALM-56474": {
					"fromAcct": "0763",
					"toAcct": "Automation4",
					"amount": "20.00",
					"days": "3",
					"transferType": "O",
					"frequency": "",
					"Transfers": ""
				},
				"ALM-56481": {
					"fromAcct": "0763",
					"toAcct": "Automation5",
					"amount": "30.00",
					"days": "3",
					"transferType": "O",
					"frequency": "",
					"Transfers": ""
				},
				"ALM-56488": {
					"fromAcct": "0763",
					"toAcct": "Automation6",
					"amount": "70.00",
					"days": "3",
					"transferType": "O",
					"frequency": "",
					"Transfers": ""
				},
				"ALM-56440": {
					"fromAcct": "Automation1",
					"toAcct": "2999",
					"amount": "15",
					"days": "3",
					"transferType": "O",
					"frequency": "",
					"Transfers": ""
				},
				"ALM-56443": {
					"fromAcct": "Automation2",
					"toAcct": "2999",
					"amount": "15",
					"days": "3",
					"transferType": "R",
					"frequency": "Weekly",
					"Transfers": "2"
				},
				"ALM-56454": {
					"fromAcct": "2999",
					"toAcct": "Automation3",
					"amount": "15",
					"days": "3",
					"transferType": "R",
					"frequency": "Weekly",
					"Transfers": "2"
				}
			}
		}
	}
}


  
  
  