{
	"testDataList": {
		"FeeInitiative": {
			"Test1": {
				"TransName": "SCHED MAINT SVC CHRG",
				"Amount": "5.00",
				"Loan Account Number": "7285",
				"SelectStmtPeriodDate": "10/22/2018 - 11/20/2018"
			},
			"Test2": {
				"TransName": "FEE-NON-WEBSTER ATM",
				"Amount": "2.50",
				"Loan Account Number": "7026",
				"SelectStmtPeriodDate": "10/21/2018 - 11/20/2018"
			},
			"Test3": {
				"TransName": "FEE-NON-WEBSTER ATM",
				"Amount": "2.50",
				"Loan Account Number": "5453",
				"SelectStmtPeriodDate": "10/14/2018 - 11/13/2018"
			},
			"Test4": {
				"TransName": "DEBIT CARD REPLACEMENT FEE",
				"Amount": "5.00",
				"Loan Account Number": "7776",
				"SelectStmtPeriodDate": "10/21/2018 - 11/20/2018"
			},
			"Test5": {
				"TransName": "SCHED MAINT SVC CHRG",
				"Amount": "5.00",
				"Loan Account Number": "7285",
				"SelectStmtPeriodDate": "10/22/2018 - 11/20/2018"
			},
			"Test6": {
				"TransName": "SCHED MAINT SVC CHRG",
				"Amount": "10.00",
				"Loan Account Number": "3432",
				"SelectStmtPeriodDate": "10/22/2018 - 11/20/2018"
			}
		}
	}
}
