{
	"testDataList": {
		"ResetPasswordSecurity": {
			"Password": "Resetpassword",
			"Question1": "2",
			"Question2": "2",
			"Question3": "2",
			"Answer1": "answer",
			"Answer2": "answer",
			"Answer3": "answer",
			"Register": "No",
			"Email": "pjanyavulavlm@websterbank.com",
			"Disclosure1": "ON",
			"Disclosure2": "ON"
		},
		"RequestPassword": {
			"QuestionLabel": "Challenge Question",
			"Answer": "answer",
			"Cnfrm Msg": "Your temporary password has been sent",
			"Tooltip": "A confirmation has been sent to the email address in your online profile"
		},
		"InactiveCustomer": {
			"Inactive Msg": "The Customer is currently Inactive",
			"Active Msg": "The Customer Services have been successfully Activated",
			"Error Msg": "Your online profile has been temporarily suspended."
		},
		"ExceedInvalidAnswer": {
			"Answer": "asdfggg",
			"Error Msg": "We are unable to process your request at this time"
		},
		"PasswordErr": {
			"Answer": "answer",
			"Error Msg": "Please enter your password."
		},
		"AnswerErr": {
			"Error Msg": "Please enter an answer."
		},
		"WebLinkErr": {
			"Error Msg": "Your password cannot be reset online. Please contact Cash Management Sales & Service at 888.932.2256 for password assistance"
		},
		"Progress Step1": {
			"User Label": "User Name",
			"Label": "Enter your user name",
			"Number": "1",
			"Content": "Please enter your username."
		},
		"Progress Step2": {
			"QuestionLabel": "Challenge Question",
			"Label": "Answer your challenge question",
			"Number": "2",
			"Content": "In order to help you with your password, we need to verify your identity by asking you to answer a challenge question."
		},
		"Progress Step3": {
			"Label": "Get your temporary password",
			"Number": "3",
			"Content": "An email will be sent to your email address (WOLTestDefaultEmail@websterbank.com) from Webster Bank with the subject"
		}
	}
}
