{
	"testDataList": {
		"AcctErrorsBus": {
			"Blank": {
				"UserType": "Business",
				"SSN": "199496290",
				"Acct Number": "",
				"Error Msg": "Please enter a valid account number."
			},
			"Invalid": {
				"UserType": "Business",
				"SSN": "199496290",
				"Acct Number": "789654123",
				"Error Msg": "We're sorry, but we couldn't find a user name matching the information you provided."
			}
		},
		"SSNErrorsBus": {
			"Blank": {
				"UserType": "Business",
				"SSN": "",
				"Acct Number": "14795445",
				"Error Msg": "A social security number must have nine numbers."
			},
			"Invalid": {
				"UserType": "Business",
				"SSN": "199789290",
				"Acct Number": "789654123",
				"Error Msg": "We're sorry, but we couldn't find a user name matching the information you provided."
			}
		},
		"AcctErrorsPer": {
			"Blank": {
				"UserType": "Personal",
				"SSN": "199496290",
				"Acct Number": "",
				"Error Msg": "Please enter a valid account number."
			},
			"Invalid": {
				"UserType": "Personal",
				"SSN": "199496290",
				"Acct Number": "789654123",
				"Error Msg": "We're sorry, but we couldn't find a user name matching the information you provided."
			}
		},
		"SSNErrorsPer": {
			"Blank": {
				"UserType": "Personal",
				"SSN": "",
				"Acct Number": "14795445",
				"Error Msg": "A social security number must have nine numbers."
			},
			"Invalid": {
				"UserType": "Personal",
				"SSN": "199789290",
				"Acct Number": "789654123",
				"Error Msg": "We're sorry, but we couldn't find a user name matching the information you provided."
			}
		},
		"Multiple": {
			"UserType": "Business",
			"SSN": "272062477",
			"Acct Number": "0010459313",
			"Error Msg": "We found more than one user name that matches the information you provided."
		},
		"Challenge Question Err": {
			"UserType": "Business",
			"SSN": "307102278",
			"Acct Number": "9320371168",
			"Answer": "asdfggg",
			"Error Msg": "The answer entered does not match exactly as you entered it when you registered for Enhanced Online Security or when you updated your security options. Please try again."
		},
		"Cancel": {
			"Cancel Msg": "Are you sure you want to cancel this transaction?"
		},
		"Valid Answer": {
			"Answer": "answer",
			"Cnfrm Msg": "You have successfully retrieved your user name."
		},
		"Request Flow": {
			"UserType": "Business",
			"SSN": "307102278",
			"Acct Number": "9320371168",
			"Answer": "answer",
			"Cnfrm Msg": "You have successfully retrieved your user name."
		},
		"Preceeding Zeros": {
			"UserType": "Business",
			"SSN": "307102278",
			"Acct Number": "00010107422031",
			"Answer": "answer",
			"Cnfrm Msg": "You have successfully retrieved your user name."
		},
		"No Zeros Personal": {
			"UserType": "Personal",
			"SSN": "742793155",
			"Acct Number": "23665488",
			"Answer": "answer",
			"Cnfrm Msg": "You have successfully retrieved your user name."
		},
		"No Zeros Business": {
			"UserType": "Business",
			"SSN": "307102278",
			"Acct Number": "10107422031",
			"Answer": "answer",
			"Cnfrm Msg": "You have successfully retrieved your user name."
		},
		"Intermediate Zeros Business": {
			"UserType": "Business",
			"SSN": "307102278",
			"Acct Number": "000010107422031",
			"Answer": "answer",
			"Cnfrm Msg": "You have successfully retrieved your user name."
		},
		"Intermediate Zeros Personal": {
			"UserType": "Personal",
			"SSN": "742793155",
			"Acct Number": "0000023665488",
			"Answer": "answer",
			"Cnfrm Msg": "You have successfully retrieved your user name."
		},
		"Exceed Invalid Answer Errors": {
			"Blank": {
				"UserType": "Personal",
				"SSN": "529648279",
				"Acct Number": "8006187364",
				"Answer": "",
				"Error Msg": "Please enter an answer."
			},
			"Invalid First": {
				"Answer": "asdfggg",
				"Error Msg": "The answer entered does not match exactly as you entered it when you registered for Enhanced Online Security or when you updated your security options. Please try again."
			},
			"Invalid": {
				"Answer": "asdfggg",
				"Error Msg": "The answer entered does not match exactly as you entered it when you registered for Enhanced Online Security"
			},
			"Special Characters": {
				"Answer": ")(*&^",
				"Error Msg": "Please do not use special characters or punctuation when entering an answer."
			},
			"Less": {
				"Answer": "as",
				"Error Msg": "Your answer must be at least 3 and no more than 18 characters."
			},
			"Exceed": {
				"Answer": "asdfggg",
				"Error Msg": "Your online profile has been temporarily suspended."
			}
		},
		"SignInErrValid": {
			"Password": "password",
			"Error Msg": "The User Name or Password you entered was not recognized.  Fields are case sensitive.  Please try again."
		},
		"SignInErrInvalid": {
			"Password": "password1",
			"Error Msg": "The User Name or Password you entered was not recognized.  Fields are case sensitive.  Please try again."
		},
		"UsernameErr": {
			"Error Msg": "Please enter a valid user name"
		},
		"NotExistedUser": {
			"UserType": "Personal",
			"SSN": "199496290",
			"Password": "password1",
			"Acct Number": "789654123",
			"Error Msg": "We're sorry, but we couldn't find a user name matching the information you provided."
		},
		"ChallengeBus": {
			"Invalid First": {
				"UserType": "Business",
				"SSN": "307102278",
				"Acct Number": "9320371168",
				"Answer": "answ114572",
				"Error Msg": "The answer entered does not match exactly as you entered it when you registered for Enhanced Online Security or when you updated your security options. Please try again."
			},
			"Invalid": {
				"Answer": "asdfggg",
				"Error Msg": "The answer entered does not match exactly as you entered it when you registered for Enhanced Online Security"
			}
		}
	}
}