{
	"testDataList": {
		"CheckToSav": {
			"FromAcct": "1708",
			"ToAcct": "6807",
			"Type": "Immediate",
			"Amount": "10",
			"Days": "3",
			"CnfrmMsg": "Your transfer has been processed"
		},
		"SavToCheckImm": {
			"FromAcct": "6807",
			"ToAcct": "1708",
			"Type": "Immediate",
			"Amount": "10",
			"Days": "3",
			"CnfrmMsg": "Your transfer has been processed"
		},
		"SavToCheck": {
			"FromAcct": "6807",
			"ToAcct": "1708",
			"Type": "Recurring",
			"Amount": "10",
			"Frequency": "Weekly",
			"Days": "3",
			"Transfers": "5",
			"loanPayType": "Principal",
			"CnfrmMsg": "Your transfers have been scheduled"
		},
		"CheckToMM": {
			"FromAcct": "5266",
			"ToAcct": "3657",
			"Type": "Recurring",
			"Amount": "10",
			"Frequency": "Weekly",
			"Days": "3",
			"Transfers": "5",
			"loanPayType": "Principal",
			"CnfrmMsg": "Your transfers have been scheduled"
		},
		"SavToMM": {
			"FromAcct": "4753",
			"ToAcct": "3657",
			"Type": "Future",
			"Amount": "10",
			"Frequency": "Weekly",
			"Days": "3",
			"Transfers": "5",
			"loanPayType": "Principal",
			"CnfrmMsg": "Your transfer has been scheduled"
		},
		"CheckToLoan": {
			"FromAcct": "3203",
			"ToAcct": "4906",
			"Type": "Future",
			"Amount": "10",
			"Frequency": "Weekly",
			"Days": "3",
			"Transfers": "5",
			"loanPayType": "Principal",
			"CnfrmMsg": "Your transfer has been scheduled"
		},
		"MortgageNote": {
			"FromAcct": "3203",
			"ToAcct": "5945",
			"Type": "Immediate",
			"Amount": "10",
			"Frequency": "Weekly",
			"Days": "3",
			"Transfers": "5",
			"loanPayType": "Principal",
			"Principal": "You have a balance on your account. Principal Only immediate transfers can be made only if account is current. Principal Only scheduled transfers can be made, but the account must be current on the scheduled date.",
			"MSP": "Payments to your Mortgage and Home Equity loans or line of credit will be credited as of the date the payment is made. When you select a \"Regular Payment\", any payment over your minimum amount due may be applied to any outstanding fees and the late charges first, and then to the loan principal balance."
		},
		"LessThanTwoAccts": {
			"ErrorMsg": "We could not process your request because you do not have any eligible accounts for transfers."
		},
		"CLToLoanImm": {
			"FromAcct": "8555",
			"ToAcct": "Line of Credit",
			"Type": "Immediate",
			"Amount": "10",
			"Frequency": "Weekly",
			"Days": "3",
			"Transfers": "5",
			"loanPayType": "Principal",
			"ErrorMsg": "We are unable to process a transfer between two loan accounts. Please select another account."
		},
		"CLToLoanFuture": {
			"FromAcct": "8555",
			"ToAcct": "Line of Credit",
			"Type": "Future",
			"Amount": "10",
			"Frequency": "Weekly",
			"Days": "3",
			"Transfers": "5",
			"loanPayType": "Principal",
			"ErrorMsg": "We are unable to process a transfer between two loan accounts. Please select another account."
		},
		"CLToLoanRecurring": {
			"FromAcct": "8555",
			"ToAcct": "Line of Credit",
			"Type": "Recurring",
			"Amount": "10",
			"Frequency": "Weekly",
			"Days": "3",
			"Transfers": "5",
			"loanPayType": "Principal",
			"ErrorMsg": "We are unable to process a transfer between two loan accounts. Please select another account."
		},
		"CheckToLoanRec": {
			"FromAcct": "1189",
			"ToAcct": "4906",
			"Type": "Recurring",
			"Amount": "10",
			"Frequency": "Weekly",
			"Days": "3",
			"Transfers": "5",
			"loanPayType": "Principal",
			"CnfrmMsg": "Your transfers have been scheduled"
		},
		"CheckToBusLoanRec": {
			"FromAcct": "3288",
			"ToAcct": "0606",
			"Type": "Recurring",
			"Amount": "10",
			"Frequency": "Weekly",
			"Days": "3",
			"Transfers": "5",
			"loanPayType": "Principal",
			"CnfrmMsg": "Your transfers have been scheduled"
		},
		"CLToCheckRec": {
			"FromAcct": "Credit Line",
			"ToAcct": "Checking",
			"Type": "Recurring",
			"Amount": "10",
			"Frequency": "Weekly",
			"Days": "3",
			"Transfers": "5",
			"loanPayType": "Principal",
			"CnfrmMsg": "Your transfers have been scheduled"
		},
		"CLToSavRec": {
			"FromAcct": "Credit Line",
			"ToAcct": "Savings",
			"Type": "Recurring",
			"Amount": "10",
			"Frequency": "Weekly",
			"Days": "3",
			"Transfers": "5",
			"loanPayType": "Principal",
			"CnfrmMsg": "Your transfers have been scheduled"
		},
		"HECLToLoanImm": {
			"FromAcct": "5080",
			"ToAcct": "5811",
			"Type": "Immediate",
			"Amount": "10",
			"Frequency": "Weekly",
			"Days": "3",
			"Transfers": "5",
			"loanPayType": "Principal",
			"ErrorMsg": "We are unable to process a transfer between two loan accounts. Please select another account."
		},
		"HECLToLoanFuture": {
			"FromAcct": "5080",
			"ToAcct": "5811",
			"Type": "Future",
			"Amount": "10",
			"Frequency": "Weekly",
			"Days": "3",
			"Transfers": "5",
			"loanPayType": "Principal",
			"ErrorMsg": "We are unable to process a transfer between two loan accounts. Please select another account."
		},
		"HECLToLoanRecurring": {
			"FromAcct": "5080",
			"ToAcct": "5811",
			"Type": "Recurring",
			"Amount": "10",
			"Frequency": "Weekly",
			"Days": "3",
			"Transfers": "5",
			"loanPayType": "Principal",
			"ErrorMsg": "We are unable to process a transfer between two loan accounts. Please select another account."
		},
		"LOCToLoanImm": {
			"FromAcct": "7133",
			"ToAcct": "5629",
			"Type": "Immediate",
			"Amount": "10",
			"Frequency": "Weekly",
			"Days": "3",
			"Transfers": "5",
			"loanPayType": "Principal",
			"ErrorMsg": "We are unable to process a transfer between two loan accounts. Please select another account."
		},
		"LOCToLoanFuture": {
			"FromAcct": "7133",
			"ToAcct": "5629",
			"Type": "Future",
			"Amount": "10",
			"Frequency": "Weekly",
			"Days": "3",
			"Transfers": "5",
			"loanPayType": "Principal",
			"ErrorMsg": "We are unable to process a transfer between two loan accounts. Please select another account."
		},
		"LOCToLoanRecurring": {
			"FromAcct": "7133",
			"ToAcct": "5629",
			"Type": "Recurring",
			"Amount": "10",
			"Frequency": "Weekly",
			"Days": "3",
			"Transfers": "5",
			"loanPayType": "Principal",
			"ErrorMsg": "We are unable to process a transfer between two loan accounts. Please select another account."
		},
		"ContentPer": {
			"FromAcct": "5080",
			"ToAcct": "5811",
			"Type": "Recurring",
			"Amount": "10",
			"Frequency": "Weekly",
			"Days": "3",
			"Transfers": "5",
			"loanPayType": "Principal",
			"Immediate": "Immediate transfers initiated after 9:00 PM ET or on non-business days will be processed on the next business day.",
			"Future": "Future and recurring transfers are processed at 7:00 PM ET on the business day that you select."
		},
		"ContentBus": {
			"FromAcct": "8021",
			"ToAcct": "4037",
			"Type": "Recurring",
			"Amount": "10",
			"Frequency": "Weekly",
			"Days": "3",
			"Transfers": "5",
			"loanPayType": "Principal",
			"Immediate": "Immediate transfers initiated after 9:00 PM ET or on non-business days will be processed on the next business day.",
			"Future": "Future and recurring transfers are processed at 7:00 PM ET on the business day that you select."
		},
		"UpdateLook": {
			"FromAcct": "6807",
			"ToAcct": "1708",
			"Type": "Recurring",
			"Amount": "10",
			"Frequency": "Weekly",
			"Days": "3",
			"Transfers": "5",
			"loanPayType": "Principal",
			"Update Amount": "20",
			"CnfrmMsg": "Your transfers have been scheduled",
			"DeleteMsg":"Your pending transfers have been deleted"
		},
		"FutureToRec": {
			"FromAcct": "1708",
			"ToAcct": "6807",
			"Type": "Future",
			"Update Type": "Recurring",
			"Amount": "10",
			"Frequency": "Weekly",
			"Days": "3",
			"Transfers": "2",
			"loanPayType": "Principal",
			"Update Amount": "20",
			"CnfrmMsg": "Your transfer has been scheduled"
		},
		"RecToFuture": {
			"FromAcct": "1708",
			"ToAcct": "6807",
			"Type": "Recurring",
			"Update Type": "Future",
			"Amount": "10",
			"Frequency": "Weekly",
			"Days": "3",
			"Transfers": "2",
			"loanPayType": "Principal",
			"Update Amount": "20",
			"CnfrmMsg": "Your transfers have been scheduled"
		},
		"Update Transfer Errors": {
			"Transfer": {
				"FromAcct": "1708",
				"ToAcct": "6807",
				"Type": "Recurring",
				"Update Type": "Future",
				"Amount": "10",
				"Frequency": "Weekly",
				"Days": "3",
				"Transfers": "2",
				"loanPayType": "Principal",
				"Update Amount": "20",
				"CnfrmMsg": "Your transfers have been scheduled"
			},
			"Neg Amount": {
				"Update Amount": "-20",
				"Error Msg": "Your transfer amount must be greater than zero."
			},
			"Zero Amount": {
				"Update Amount": "0",
				"Error Msg": "Your transfer amount must be greater than zero."
			},
			"Char Amount": {
				"Update Amount": ")(**&",
				"Error Msg": "The transfer amount is not valid dollar amount."
			},
			"Prior Date": {
				"Update Date": "-2",
				"Error Msg": "The transfer date cannot be a date prior to today."
			},
			"Char Date": {
				"Update Date": "*&^%",
				"Error Msg": "Please select which type of transfer you would like to do."
			},
			"Frequency": {
				"Update Type": "Recurring",
				"Amount": "10",
				"Frequency": "Select",
				"Days": "3",
				"Transfers": "2",
				"Error Msg": "You must select the frequency you would like to perform this recurring transfer."
			},
			"Num Transfers": {
				"Update Type": "Recurring",
				"Amount": "10",
				"Frequency": "Weekly",
				"Days": "3",
				"Transfers": "-2",
				"Error Msg": "Please provide the number of transfers you would like to schedule."
			},
			"Update Transfers": {
				"Update Type": "Recurring",
				"Amount": "10",
				"Frequency": "Weekly",
				"Days": "3",
				"Transfers": "2"
			}
		},
		"CLToLoanImmBus": {
			"FromAcct": "Credit",
			"ToAcct": "Home",
			"Type": "Immediate",
			"Amount": "10",
			"Frequency": "Weekly",
			"Days": "3",
			"Transfers": "5",
			"loanPayType": "Principal",
			"ErrorMsg": "We are unable to process a transfer between two loan accounts. Please select another account."
		},
		"CLToLoanFutureBus": {
			"FromAcct": "Credit",
			"ToAcct": "Home",
			"Type": "Future",
			"Amount": "10",
			"Frequency": "Weekly",
			"Days": "3",
			"Transfers": "5",
			"loanPayType": "Principal",
			"ErrorMsg": "We are unable to process a transfer between two loan accounts. Please select another account."
		},
		"CLToLoanRecurringBus": {
			"FromAcct": "Credit",
			"ToAcct": "Home",
			"Type": "Recurring",
			"Amount": "10",
			"Frequency": "Weekly",
			"Days": "3",
			"Transfers": "5",
			"loanPayType": "Principal",
			"ErrorMsg": "We are unable to process a transfer between two loan accounts. Please select another account."
		},
		"HECLToLoanImmBus": {
			"FromAcct": "5080",
			"ToAcct": "5107",
			"Type": "Immediate",
			"Amount": "10",
			"Frequency": "Weekly",
			"Days": "3",
			"Transfers": "5",
			"loanPayType": "Principal",
			"ErrorMsg": "We are unable to process a transfer between two loan accounts. Please select another account."
		},
		"HECLToLoanFutureBus": {
			"FromAcct": "5080",
			"ToAcct": "5107",
			"Type": "Future",
			"Amount": "10",
			"Frequency": "Weekly",
			"Days": "3",
			"Transfers": "5",
			"loanPayType": "Principal",
			"ErrorMsg": "We are unable to process a transfer between two loan accounts. Please select another account."
		},
		"HECLToLoanRecurringBus": {
			"FromAcct": "5080",
			"ToAcct": "5107",
			"Type": "Recurring",
			"Amount": "10",
			"Frequency": "Weekly",
			"Days": "3",
			"Transfers": "5",
			"loanPayType": "Principal",
			"ErrorMsg": "We are unable to process a transfer between two loan accounts. Please select another account."
		},
		"WC Yes": {
			"Appl Code": "AM",
			"Appl Type": "S06",
			"From": "FromYes",
			"To": "ToYes",
			"Msg": "Product updated successfully"
		},
		"WC No": {
			"Appl Code": "AM",
			"Appl Type": "S06",
			"From": "FromNo",
			"To": "ToYes",
			"Msg": "Product updated successfully"
		},
		"LOCLoanImmError": {
			"FromAcct": "5107",
			"ToAcct": "5080",
			"Type": "Immediate",
			"Amount": "10",
			"Frequency": "Weekly",
			"Days": "3",
			"Transfers": "5",
			"loanPayType": "Principal",
			"ErrorMsg": "We are unable to process a transfer between two loan accounts. Please select another account."
		},
		"LOCLoanFutureError": {
			"FromAcct": "5107",
			"ToAcct": "5080",
			"Type": "Future",
			"Amount": "10",
			"Frequency": "Weekly",
			"Days": "3",
			"Transfers": "5",
			"loanPayType": "Principal",
			"ErrorMsg": "We are unable to process a transfer between two loan accounts. Please select another account."
		},
		"LOCLoanRecurringError": {
			"FromAcct": "5107",
			"ToAcct": "5080",
			"Type": "Recurring",
			"Amount": "10",
			"Frequency": "Weekly",
			"Days": "3",
			"Transfers": "5",
			"loanPayType": "Principal",
			"ErrorMsg": "We are unable to process a transfer between two loan accounts. Please select another account."
		},
		"HUGE Per": {
			"FromAcct": "1708",
			"ToAcct": "6807",
			"Type": "Recurring",
			"Amount": "100000",
			"Frequency": "Weekly",
			"Days": "3",
			"Transfers": "5",
			"loanPayType": "Principal",
			"CnfrmMsg": "Your transfers have been scheduled"
		},
		"HUGE Bus": {
			"FromAcct": "8021",
			"ToAcct": "1148",
			"Type": "Recurring",
			"Amount": "100000",
			"Frequency": "Weekly",
			"Days": "3",
			"Transfers": "5",
			"loanPayType": "Principal",
			"CnfrmMsg": "Your transfers have been scheduled"
		},
		"Zero Per": {
			"FromAcct": "1148",
			"ToAcct": "4037",
			"Type": "Recurring",
			"Amount": "100000",
			"Frequency": "Weekly",
			"Days": "3",
			"Transfers": "5",
			"loanPayType": "Principal",
			"CnfrmMsg": "Your transfers have been scheduled"
		},
		"Zero Bus": {
			"FromAcct": "0174",
			"ToAcct": "9063",
			"Type": "Recurring",
			"Amount": "100000",
			"Frequency": "Weekly",
			"Days": "3",
			"Transfers": "5",
			"loanPayType": "Principal",
			"CnfrmMsg": "Your transfers have been scheduled"
		},
		"WC ST1 No": {
			"Appl Code": "ST1",
			"Appl Type": "101",
			"From": "FromNo",
			"To": "ToNo",
			"Msg": "Product updated successfully",
			"Account Type": "Passbook Savings"
		},
		"WC ST1 Yes": {
			"Appl Code": "ST1",
			"Appl Type": "101",
			"From": "FromYes",
			"To": "ToYes",
			"Msg": "Product updated successfully",
			"Account Type": "Passbook Savings"
		},
		"WC ST1 102 No": {
			"Appl Code": "ST1",
			"Appl Type": "102",
			"From": "FromNo",
			"To": "ToNo",
			"Msg": "Product updated successfully",
			"Account Type": "Money Market Passbook"
		},
		"WC ST1 102 Yes": {
			"Appl Code": "ST1",
			"Appl Type": "102",
			"From": "FromYes",
			"To": "ToYes",
			"Msg": "Product updated successfully",
			"Account Type": "Money Market Passbook"
		},
		"Account": {
			"Account Type": "Premium Passbook"
		},
		"WC ST1 Yes Bus": {
			"Appl Code": "ST1",
			"Appl Type": "105",
			"From": "FromYes",
			"To": "ToYes",
			"Msg": "Product updated successfully",
			"Account Type": "Premium Passbook"
		},
		"WC ST1 No Bus": {
			"Appl Code": "ST1",
			"Appl Type": "105",
			"From": "FromNo",
			"To": "ToNo",
			"Msg": "Product updated successfully",
			"Account Type": "Premium Passbook"
		},
		"HELImmediate": {
			"FromAcct": "9883",
			"ToAcct": "5080",
			"Type": "Immediate",
			"Amount": "10",
			"Frequency": "Weekly",
			"Days": "3",
			"Transfers": "5",
			"loanPayType": "Escrow",
			"CnfrmMsg": "Your transfer has been processed"
		},
		"HELRecurring": {
			"FromAcct": "9883",
			"ToAcct": "5080",
			"Type": "Recurring",
			"Amount": "10",
			"Frequency": "Weekly",
			"Days": "3",
			"Transfers": "5",
			"loanPayType": "Regular",
			"CnfrmMsg": "Your transfers have been scheduled"
		},
		"HELFuture": {
			"FromAcct": "9883",
			"ToAcct": "5080",
			"Type": "Future",
			"Amount": "10",
			"Frequency": "Weekly",
			"Days": "3",
			"Transfers": "5",
			"loanPayType": "Regular",
			"CnfrmMsg": "Your transfer has been scheduled"
		},
		"VerifyAcctBus": {
			"FromAcct": "8888",
			"ToAcct": "4064",
			"Account Type": "xxxxxx4064",
			"Type": "Future",
			"Amount": "10",
			"Frequency": "Weekly",
			"Days": "3",
			"Transfers": "5",
			"loanPayType": "Principal"
		},
		"VerifyAcctCo": {
			"FromAcct": "8888",
			"ToAcct": "6278",
			"Account Type": "xxxxxx6278",
			"Type": "Future",
			"Amount": "10",
			"Frequency": "Weekly",
			"Days": "3",
			"Transfers": "5",
			"loanPayType": "Principal"
		},
		"AcctSelectBus": {
			"Account": "8526",
			"Account Type": "xxxxxx7219"
		},
		"AcctSelectPer": {
			"Account": "4569",
			"Account Type": "xxxxxx4592"
		},
		"LoanEdit": {
			"FromAcct": "9883",
			"ToAcct": "5080",
			"Type": "Future",
			"Amount": "10",
			"Frequency": "Weekly",
			"Days": "3",
			"Transfers": "5",
			"loanPayType": "Principal",
			"CnfrmMsg": "Your transfer has been scheduled"
		},
		"TransferErrors": {
			"Frequency": {
				"FromAcct": "6807",
				"ToAcct": "1708",
				"Type": "Recurring",
				"Amount": "10",
				"Frequency": "Select",
				"Days": "3",
				"Transfers": "",
				"FrequencyErr": "Please choose a valid period between transfers.",
				"TransfersErr": "Please enter valid number of transfers."
			},
			"Blank": {
				"FromErr": "Please select a valid account.",
				"ToErr": "Please select a valid account.",
				"AmountErr": "Please enter a valid amount. Do not include"
			},
			"Neg Amount": {
				"FromAcct": "6807",
				"ToAcct": "1708",
				"Type": "Immediate",
				"Amount": "-10",
				"AmountErr": "Please enter a valid amount. Do not include"
			},
			"Zero Amount": {
				"FromAcct": "6807",
				"ToAcct": "1708",
				"Type": "Immediate",
				"Amount": "0",
				"AmountErr": "Please enter a valid amount. Do not include"
			},
			"Greater Amount": {
				"FromAcct": "6807",
				"ToAcct": "1708",
				"Type": "Immediate",
				"Amount": "80000",
				"AmountErr": "The transfer amount is greater than your available balance."
			}
		}
	}
}