{
	"testDataList": {
		"InactiveWeblinkCustomer": {
			"Inactive Msg": "The Customer is currently Inactive",
			"Active Msg": "The Customer Services have been successfully Activated",
			"Error Msg": "Your Web-Link profile has been temporarily suspended.",
			"Answer": "answer1"
		},
		"InactiveCustomer": {
			"Inactive Msg": "The Customer is currently Inactive",
			"Active Msg": "The Customer Services have been successfully Activated",
			"Error Msg": "Your online profile has been temporarily suspended."
		},
		"Password Err": {
			"Blank": {
				"Answer": "answer",
				"Register": "No",
				"Password":"",
				"Error Msg": "Please enter your password.",
				"Page Error": "Please review and correct the issues we have identified with the information you provided."
			},
			"First": {
				"Answer": "answer",
				"Register": "No",
				"Password": "passwoodjv",
				"Error Msg": "The Password entered is not recognized",
				"Page Error": "Please review and correct the issues we have identified with the information you provided."
			},
			"Second": {
				"Password": "pasodjv",
				"Error Msg": "The Password entered is not recognized"
			},
			"Third": {
				"Password": "748596456",
				"Error Msg": "The Password entered is not recognized"
			},
			"Fourth": {
				"Password": "odjvkldfnjv",
				"Error Msg": "The Password entered is not recognized",
				"Page Error": "Please review and correct the issues we have identified with the information you provided."
			},
			"Fifth": {
				"Answer": "answer",
				"Register": "No",
				"Password":"mfdmlnnpoiu",
				"Error Msg": "Your WebsterOnline account has been locked because of too many incorrect login attempts"
			},
			"Valid": {
				"Answer": "answer",
				"Password": "password",
				"Register": "No"
			}
		},
		"Security Content": {
			"Content": "It is a good idea to change your security information often. The challenge questions"
		},
		"NAO Error": {
			"Error Msg": "We are unable to open your account online."
		},
		"RSA Look": {
			"Password": "password",
			"Tooltip": "The activation process is easy and only takes a few minutes.",
			"Content": "These questions will be used to verify your identity when you sign in to Webster Online from an",
			"Unregistered Content": "A computer that has not been registered through Enhanced Online Security activation.",
			"Step 2 Content": " your device, you will only need to enter your User Name and Password next time you sign in.",
			"Hover": "We suggest that you select",
			"Step 3 Content": "This email address will be used for important account information.",
			"Label": "Register this device?"
		},
		"Blank Answer": {
			"Answer":"",
			"Error Msg": "Please enter an answer for the challenge question.",
			"Page Error": "Please review and correct the issues we have identified with the information you provided."
		},
		"RSA Errors": {
			"Blank": {
				"Password": "password",
				"Question": "0",
				"Answer": "",
				"Question Error": "You must select the Challenge Questions.",
				"Answer Error": "Please enter an answer for the selected Challenge Question."
			},
			"Special": {
				"Question": "1",
				"Answer": "^&%$#",
				"Question Error": "You must select the Challenge Questions.",
				"Answer Error": "Please do not use special characters or punctuation when entering an answer."
			},
			"Less": {
				"Question": "1",
				"Answer": "an",
				"Question Error": "You must select the Challenge Questions.",
				"Answer Error": "Your answer must be at least 3 and no more than 18 characters."
			},
			"Block": {
				"Question": "1",
				"Answer": "xxx",
				"Question Error": "You must select the Challenge Questions.",
				"Answer Error": "Your answer contains word(s) that are not allowed."
			},
			"Valid": {
				"Question": "1",
				"Answer": "answer",
				"Register": "No"
			}
		},
		"FirstLoginUsernameError": {
			"Less": {
				"Username": "poiu",
				"Password1": "password",
				"Password2": "password",
				"Error Msg": "User name is case sensitive and must be between 8 and 18 characters. You may use a combination of letters and numbers. Spaces, special characters and punctuation marks cannot be used and your user name and password cannot be the same.",
				"Error Type": "UserErr"
			},
			"Exist": {
				"Username": "devinerd",
				"Password1": "password",
				"Password2": "password",
				"Error Msg": "The user name you have chosen is already in use. Please choose a different one.",
				"Error Type": "UserErr"
			},
			"password": {
				"Username": "password",
				"Password1": "password",
				"Password2": "password",
				"Error Msg": "Your Password can not be the same as your username.",
				"Error Type": "Password",
				"Page Error": "Please review and correct the issues we have identified with the information you provided."
			}
		},
		"FirstLoginPasswordError": {
			"Blank": {
				"Username": "poiuytrqwer",
				"Password1": "",
				"Password2": "",
				"Error Msg": "Please enter your new password into both password fields.",
				"Error Type": "Password",
				"Page Error": "Please review and correct the issues we have identified with the information you provided."
			},
			"Less": {
				"Username": "poiuytrqwer",
				"Password1": "pass",
				"Password2": "pass",
				"Error Msg": "Your password must be at least 8 characters and no longer than 18 characters.",
				"Error Type": "Password",
				"Page Error": "Please review and correct the issues we have identified with the information you provided."
			},
			"Special": {
				"Username": "poiuytrqwer",
				"Password1": "¤§¤§¤§¤§",
				"Password2": "¤§¤§¤§¤§",
				"Error Msg": "Your password is case sensitive and must be between 8 and 18 characters. You may use a combination of letters and numbers and special characters. Spaces cannot be used and your password and user name cannot be the same.",
				"Error Type": "Password",
				"Page Error": "Please review and correct the issues we have identified with the information you provided."
			}
		},
		"Email": {
			"Label": "Current Email Address",
			"Email Label": "Is this Email Address correct?",
			"Error Msg": "Please confirm the email address in your Online Profile is correct.",
			"Page Error": "Please review and correct the issues we have identified with the information you provided.",
			"Change": "No"
		},
		"New Email": {
			"Label": "New Email Address",
			"Change": "Yes"
		},
		"First Login": {
			"Label": "Current User Name",
			"Change": "Yes",
			"Message": "You have successfully registered for Enhanced Online Security."
		},
		"Username": {
			"Label": "Current User Name",
			"Username Help": "Your user name is case sensitive and must be between 8 and 18 characters. You may use a combination of letters and numbers. Spaces cannot be used. Your user name and your password cannot be the same.",
			"Password Help": "Your password is case sensitive and must be between 8 and 18 characters. You may use a combination of letters and numbers and can contain special characters. Spaces cannot be used. Your user name and your password cannot be the same."
		}
	}
}
