{
	"testDataList": {
		"Text": {
			"serviceMessage": "If you need immediate assistance, please call 800-995-9995,",
			"Empty Message": "Please enter a message. ",
			"Empty Subject": "You have not entered a subject. ",
			"updated": "Your Message has been Submitted."
		},
		"ProfileLinks": {
			"Link1": "User Name and Password",
			"Link2": "Email Address",
			"Link3": "Security Information",
			"Link4": "Update Address / Phone",
			"Link5": "Sign Out",
			"Welcome": "Welcome",
			"Login": "Your last login was",
			"Message": "You have"
		},
		"Review Messages": {
			"label1": "Subject",
			"label2": "From",
			"label3": "Date",
			"label4": "Delete Message(s)"
		},
		"Send Message": {
			"label1": "To",
			"label2": "From",
			"label3": "Select an account",
			"label4": "Subject *",
			"label5": "Message *"
		},
		"Review Sent Message": {
			"label1": "To",
			"label2": "From",
			"label3": "Date",
			"label4": "Time",
			"label5": "Subject"
		},
		"Review Sent Messages": {
			"label1": "To",
			"label2": "Date",
			"label3": "Delete Message(s)",
			"label4": "Subject"
		},
		"QuickLinks": {
			"label1": "Return to review messages",
			"label2": "Review Sent Messages",
			"label3": "View your account balances"
		},
		"Read Message": {
			"label1": "To",
			"label2": "From",
			"label3": "Date",
			"label4": "Time",
			"label5": "Subject"
		},
		"Compose Mail": {
			"label1": "To",
			"label2": "Subject",
			"label3": "Message",
			"label4": "Standard Message"
		},
		"Message Details": {
			"label1": "Message",
			"label2": "Subject"
		},
		"Replay Message": {
			"label1": "Name",
			"label2": "SSN / TIN",
			"label3": "Subject",
			"label4": "Date",
			"label5": "From",
			"label6": "Message",
			"label7": "Standard Reply"
		}
	}
}