{
	"testDataList": {
		"NAO User Info": {
			"All": {
				"Social Security Number": "223366551",
				"Date of Birth": "02/05/1995",
				"Best Phone Number": "8605959555",
				"First Name": "Sanjay",
				"Middle Name": "Rama",
				"Last Name": "Swamy",
				"Address1": "35 ginger street",
				"Address2": "eq=p,qf=p",
				"City": "hartford",
				"Zipcode": "06118",
				"State Full Name": "Connecticut",
				"Message": "A social security number must have nine numbers.",
				"Email": "skarri@websterbank.com"
			},
			"All Missing Data": {
				"AccountType": "Premium Money Market Savings",
				"Account Requested": "Premium Money Market Savings",
				"Email": "skarri@websterbank.com",
				"Message": "A social security number must have nine numbers.;Please enter a valid Birth Date;Please enter a name using only A - Z, periods, apostrophes, hyphens, or spaces.;A Valid 10-digit phone number is required.;Please enter your street address.;A city is required for a valid address.;A zip code must have five or nine numbers.;A state is required."
			},
			"Account Details": {
				"AccountType": "Premium Money Market Savings",
				"Account Requested": "Premium Money Market Savings",
				"Email": "skarri@websterbank.com"
			},
			"Future DOB": {
				"Social Security Number": "223366551",
				"Date of Birth": "02/05/2021",
				"Best Phone Number": "8605959555",
				"First Name": "Sanjay",
				"Middle Name": "Rama",
				"Last Name": "Swamy",
				"Address1": "35 ginger street",
				"Address2": "eq=p,qf=p",
				"City": "hartford",
				"Zipcode": "06118",
				"State Full Name": "Connecticut",
				"Message": "You must be at least 18 years old to open an account.",
				"Email": "skarri@websterbank.com"
			},
			"Age<18": {
				"Social Security Number": "895623159",
				"Date of Birth": "02/05/2010",
				"Best Phone Number": "8605959555",
				"First Name": "Sanjay",
				"Middle Name": "Rama",
				"Last Name": "Swamy",
				"ProductType": "Savings",
				"Email": "skarri@websterbank.com",
				"Address1": "35 ginger street",
				"Address2": "eq=p,qf=p",
				"City": "hartford",
				"Zipcode": "06118",
				"State Full Name": "Connecticut",
				"Message": "You must be at least 18 years old to open an account."
			},
			"Social Security Number": {
				"Social Security Number": "",
				"Date of Birth": "02/05/1990",
				"Best Phone Number": "8605959555",
				"First Name": "Sanjay",
				"Middle Name": "Rama",
				"Last Name": "Swamy",
				"ProductType": "Savings",
				"Email": "skarri@websterbank.com",
				"Address1": "35 ginger street",
				"Address2": "eq=p,qf=p",
				"City": "hartford",
				"Zipcode": "06118",
				"State Full Name": "Connecticut",
				"Message": "A social security number must have nine numbers."
			},
			"Invalid Data": {
				"Social Security Number": "223366551",
				"Date of Birth": "02/05/2005",
				"Best Phone Number": "8605959555",
				"First Name": "Sanjay",
				"Middle Name": "Rama",
				"Last Name": "Swamy",
				"ProductType": "Savings",
				"Email": "skarri@websterbank.com",
				"Address1": "345#$",
				"Address2": "eq=p,qf=p",
				"City": "sdf%^",
				"Zipcode": "06118",
				"State Full Name": "Connecticut",
				"Message": "You must be at least 18 years old to open an account.;Address can only contain periods, apostrophes, commas, number signs (#), hyphens, slashes, or spaces. All other special characters are not allowed.;City can only contain hyphens, apostrophes, periods, or spaces. All other special characters are not allowed."
			},
			"Date Of Birth": {
				"Social Security Number": "895623159",
				"Date of Birth": "",
				"Best Phone Number": "8605959555",
				"First Name": "Sanjay",
				"Middle Name": "Rama",
				"Last Name": "Swamy",
				"ProductType": "Savings",
				"Email": "skarri@websterbank.com",
				"Address1": "35 ginger street",
				"Address2": "eq=p,qf=p",
				"City": "hartford",
				"Zipcode": "06118",
				"State Full Name": "Connecticut",
				"Message": "Please enter a valid Birth Date"
			},
			"First Name": {
				"Social Security Number": "895623159",
				"Date of Birth": "02/05/1995",
				"Best Phone Number": "8605959555",
				"First Name": "",
				"Middle Name": "R",
				"Last Name": "Swamy",
				"ProductType": "Savings",
				"Email": "skarri@websterbank.com",
				"Address1": "35 ginger street",
				"Address2": "eq=p,qf=p",
				"City": "hartford",
				"Zipcode": "06118",
				"State Full Name": "Connecticut",
				"Message": "Please enter a name using only A - Z, periods, apostrophes, hyphens, or spaces."
			},
			"Last Name": {
				"Social Security Number": "895623159",
				"Date of Birth": "02/05/1995",
				"Best Phone Number": "8605959555",
				"First Name": "Sanjay",
				"Middle Name": "R",
				"Last Name": "",
				"ProductType": "Savings",
				"Email": "skarri@websterbank.com",
				"Address1": "35 ginger street",
				"Address2": "eq=p,qf=p",
				"City": "hartford",
				"Zipcode": "06118",
				"State Full Name": "Connecticut",
				"Message": "Please enter a name using only A - Z, periods, apostrophes, hyphens, or spaces."
			},
			"Best Phone Number": {
				"Social Security Number": "895623159",
				"Date of Birth": "02/05/1995",
				"Best Phone Number": "",
				"First Name": "Sanjay",
				"Middle Name": "R",
				"Last Name": "Swamy",
				"ProductType": "Savings",
				"Email": "skarri@websterbank.com",
				"Address1": "35 ginger street",
				"Address2": "eq=p,qf=p",
				"City": "hartford",
				"Zipcode": "06118",
				"State Full Name": "Connecticut",
				"Message": "A Valid 10-digit phone number is required."
			},
			"Email": {
				"Social Security Number": "895623159",
				"Date of Birth": "02/05/1995",
				"Best Phone Number": "8605959555",
				"First Name": "Sanjay",
				"Middle Name": "R",
				"Last Name": "Swamy",
				"ProductType": "Savings",
				"Email": "",
				"Address1": "35 ginger street",
				"Address2": "eq=p,qf=p",
				"City": "hartford",
				"Zipcode": "06118",
				"State Full Name": "Connecticut",
				"Message": "A valid email address is required. Example: myname@webster.com"
			},
			"Address1": {
				"Social Security Number": "895623159",
				"Date of Birth": "02/05/1995",
				"Best Phone Number": "8605959555",
				"First Name": "Sanjay",
				"Middle Name": "R",
				"Last Name": "Swamy",
				"ProductType": "Savings",
				"Email": "skarri@websterbank.com",
				"Address1": "",
				"Address2": "eq=p,qf=p",
				"City": "hartford",
				"Zipcode": "06118",
				"State Full Name": "Connecticut",
				"Message": "Please enter your street address."
			},
			"City": {
				"Social Security Number": "895623159",
				"Date of Birth": "02/05/1995",
				"Best Phone Number": "8605959555",
				"First Name": "Sanjay",
				"Middle Name": "R",
				"Last Name": "Swamy",
				"ProductType": "Savings",
				"Email": "skarri@websterbank.com",
				"Address1": "35 ginger street",
				"Address2": "eq=p,qf=p",
				"City": "",
				"Zipcode": "06118",
				"State Full Name": "Connecticut",
				"Message": "A city is required for a valid address."
			},
			"Zipcode": {
				"Social Security Number": "895623159",
				"Date of Birth": "02/05/1995",
				"Best Phone Number": "8605959555",
				"First Name": "Sanjay",
				"Middle Name": "R",
				"Last Name": "Swamy",
				"ProductType": "Savings",
				"Email": "skarri@websterbank.com",
				"Address1": "35 ginger street",
				"Address2": "eq=p,qf=p",
				"City": "hartford",
				"Zipcode": "",
				"State Full Name": "Connecticut",
				"Message": "A zip code must have five or nine numbers."
			},
			"State": {
				"Social Security Number": "895623159",
				"Date of Birth": "02/05/1995",
				"Best Phone Number": "8605959555",
				"First Name": "Sanjay",
				"Middle Name": "R",
				"Last Name": "Swamy",
				"ProductType": "Savings",
				"Email": "skarri@websterbank.com",
				"Address1": "35 ginger street",
				"Address2": "eq=p,qf=p",
				"City": "hartford",
				"Zipcode": "06118",
				"State Full Name": "Select",
				"Message": "A state is required."
			}
		},
		"NAO Identification Info": {
			"Citizenship": {
				"Country of Citizenship Full Name": "Select",
				"Affiliations Question 1": "No",
				"Affiliations Question 2": "Yes",
				"Message": "Select your country of citizenship."
			},
			"All": {
				"Country of Citizenship Full Name": "India",
				"Affiliations Question 1": "No",
				"Affiliations Question 2": "Yes"
			},
			"Citizenship USA": {
				"Country of Citizenship Full Name": "United States of America",
				"Affiliations Question 1": "No",
				"Affiliations Question 2": "Yes"
			},
			"Resident Status": {
				"Message": "Your resident status is required.",
				"Resident Status": "Resident Alien"
			}
		},
		"NAO DL Info": {
			"All Data Missing": {
				"License State": "Please select your driver's license state.",
				"License Number": "A driver's license number is required.",
				"Issue Date": "Please enter a valid Driver's License Issue Date.",
				"Expiration Date": "Please enter a valid Driver's license Expiration Date."
			},
			"Valid Data": {
				"Driver's License Number": "895623569",
				"State Full Name": "Connecticut",
				"Driver's License Issue Date": "02/05/2015",
				"Driver's License Expiration Date": "02/05/2025"
			},
			"Future Issue Date": {
				"Driver's License Number": "895623569",
				"State Full Name": "Connecticut",
				"Driver's License Issue Date": "02/05/2025",
				"Driver's License Expiration Date": "02/05/2035",
				"Message": "Please enter a valid Drivers License Issue Date."
			},
			"Old Expiration Date": {
				"Driver's License Number": "895623569",
				"State Full Name": "Connecticut",
				"Driver's License Issue Date": "02/05/2015",
				"Driver's License Expiration Date": "02/05/2005",
				"Message": "Please enter a valid Driver's license Expiration Date."
			}
		},
		"NAO Employment Info": {
			"All Data Missing": {
				"Message": "Please select your employment status."
			},
			"Invalid Employer Name": {
				"Job Title": "Systems Engineer",
				"Employment Status": "Employed",
				"Employer Name": "",
				"Message": "Please provide the name of your employer."
			},
			"Invalid Job Title": {
				"Job Title": "",
				"Employment Status": "Employed",
				"Employer Name": "TCS",
				"Message": "Please provide your job title."
			},
			"Self-Employed No Data": {
				"Employment Status": "Self-Employed",
				"Message": "Please provide the name of your business.;Please provide the date your business was established in MM/DD/YYYY format.;Please provide the primary activity of your business. (e.g. Financial Services)"
			},
			"Self-Employed Future Date": {
				"Business Name": "Scorpion",
				"Business Established Date": "05/02/2025",
				"Primary Activity": "Intellectual Services",
				"Message": "A future date cannot be accepted. Please enter a valid date."
			},
			"Self-Employed Valid Data": {
				"Business Name": "Scorpion",
				"Business Established Date": "05/02/2015",
				"Primary Activity": "Intellectual Services",
				"Page Level Message": "Before you continue, please correct the following information."
			},
			"valid Data": {
				"Employment Status": "Student"
			}
		},
		"Error Data": {
			"AccountType": "Premium Money Market Savings",
			"Account Requested": "Premium Money Market Savings",
			"Social Security Number": "895623159",
			"Date of Birth": "02/05/2005",
			"Best Phone Number": "123456789",
			"First Name": "1234",
			"Middle Name": "12",
			"Last Name": "12345",
			"ProductType": "Savings",
			"Email": "skarri@websterbank.com",
			"Address1": "P O Box 1",
			"Address2": "",
			"City": "123456789",
			"Zipcode": "abcde",
			"State Full Name": "Connecticut",
			"Message": "A state is required.",
			"Country of Citizenship Full Name": "United States of America",
			"Affiliations Question 1": "No",
			"Affiliations Question 2": "Yes",
			"Driver's License Number": "895623569",
			"Driver's License Issue Date": "02/05/2015",
			"Driver's License Expiration Date": "02/05/2025",
			"Employment Status": "Student",
			"Page Level Message": "Before you continue, please correct the following information."
		},
		"Invalid Username And Password": {
			"All Data Missing": {
				"User Name": "",
				"Password": "",
				"Confirm Password": "",
				"Page Level Message": "Before you continue, please correct the following information.",
				"Message": "User Name is required.;A Password is required.;A Confirm Password is required."
			},
			"Blank Confirm Password": {
				"User Name": "ipityyouu",
				"Password": "password",
				"Confirm Password": "",
				"Page Level Message": "Before you continue, please correct the following information.",
				"Message": "A Confirm Password is required."
			},
			"Special Chars In Username": {
				"User Name": "ipityyouu$%",
				"Password": "password",
				"Confirm Password": "password",
				"Page Level Message": "Before you continue, please correct the following information.",
				"Message": "Your user name is case sensitive and must be between 8 and 18 characters. You may use a combination of letters and numbers. Spaces cannot be used. Your user name and your password cannot be the same."
			},
			"Different Password And ReEnter password": {
				"User Name": "ipityyouu",
				"Password": "password",
				"Confirm Password": "password1",
				"Page Level Message": "Before you continue, please correct the following information.",
				"Message": "Your Passwords do not match.;Your Passwords do not match."
			},
			"Blank Username": {
				"User Name": "",
				"Password": "password",
				"Confirm Password": "password",
				"Page Level Message": "Before you continue, please correct the following information.",
				"Message": "User Name is required."
			}
		},
		"Disclosure Page Message": {
			"Disclosures Error Message": "Before you continue to open your new account, you must read and agree to each individual disclosure."
		},
		"Emualtor Questions Error Message": {
			"Page Level Message": "An answer for the challenge question is required."
		},
		"Page Level Error": {
			"Page Level Message": "Before you continue, please correct the following information."
		},
		"Emulator Questions": {
			"Emulation Question1": "11",
			"Emulation Question2": "22"
		}
	}
}			
