{
	"testDataList": {
		"RemovePromocode": {
			"Social Security Number": "ReplaceMe",
			"Best Phone Number": "ReplaceMe",
			"Name": "ReplaceMe",
			"Driver's License Number": "ReplaceMe",
			"AccountType": "Webster Value Checking",
			"Account Requested": "Opportunity Checking",
			"Email": "skarri@websterbank.com",
			"Address1": "35 ginger street",
			"Address2": "eq=p,qf=p,oc=y",
			"City": "hartford",
			"Zipcode": "06118",
			"Date of Birth": "02/05/1990",
			"Country of Citizenship Full Name": "United States of America",
			"Country of Citizenship": "US",
			"Driver's License State": "Connecticut",
			"State": "CT",
			"State Full Name": "Connecticut",
			"Driver's License Issue Date": "02/05/2015",
			"Driver's License Expiration Date": "02/05/2025",
			"Affiliations Question 1": "No",
			"Affiliations Question 2": "Yes",
			"Employment Status": "Employed",
			"Employer Name": "TCS",
			"Job Title": "Systems Engineer",
			"Send Free Webster Visa Debit Card": "Yes",
			"International Wire Transfers": "No",
			"Average Monthly Cash Deposit Amount": "Less than $5,000",
			"Average Monthly Cash Withdrawal Amount": "Less than $5,000",
			"Sign up for Debit Card Overdraft Services": "Yes",
			"Sign up for eDelivery": "No",
			"Emulation Question1": "11",
			"Emulation Question2": "22",
			"Confirmation Message": "Congratulations! You have successfully opened your new ReplaceMe account.",
			"CashIn Question": "Federal Law requires financial institutions to obtain this information any time a customer opens a new account.",
			"CashOut Question": "Federal Law requires financial institutions to obtain this information any time a customer opens a new account.",
			"License Number": "This information will be used to validate your identity, which is required by federal law.",
			"Routing Number": "211170101",
			"OverDraft Heading": "Debit Card Overdraft Services?",
			"OverDraft Content": "Yes, I do want Webster Bank to authorize and pay overdrafts on my ATM and everyday debit card transactions.;No, I do not want Webster Bank to authorize and pay overdrafts on my ATM and everyday Debit card transactions.",
			"Promo code applied": "WEBSTER3242"
		},
		"DifferentStates": {
			"StateMA": {
				"Social Security Number": "ReplaceMe",
				"Best Phone Number": "ReplaceMe",
				"Name": "ReplaceMe",
				"Driver's License Number": "ReplaceMe",
				"AccountType": "Webster Value Checking",
				"Account Requested": "Opportunity Checking",
				"Email": "skarri@websterbank.com",
				"Address1": "35 ginger street",
				"Address2": "eq=p,qf=p,oc=y",
				"City": "hampshire",
				"Zipcode": "01053",
				"Date of Birth": "02/05/1990",
				"Country of Citizenship Full Name": "United States of America",
				"Country of Citizenship": "US",
				"Driver's License State": "Connecticut",
				"State": "MA",
				"State Full Name": "Massachusetts",
				"Driver's License Issue Date": "02/05/2015",
				"Driver's License Expiration Date": "02/05/2025",
				"Affiliations Question 1": "No",
				"Affiliations Question 2": "Yes",
				"Employment Status": "Employed",
				"Employer Name": "TCS",
				"Job Title": "Systems Engineer",
				"Send Free Webster Visa Debit Card": "Yes",
				"International Wire Transfers": "No",
				"Average Monthly Cash Deposit Amount": "Less than $5,000",
				"Average Monthly Cash Withdrawal Amount": "Less than $5,000",
				"Sign up for Debit Card Overdraft Services": "Yes",
				"Sign up for eDelivery": "No",
				"Emulation Question1": "11",
				"Emulation Question2": "22",
				"CashIn Question": "Federal Law requires financial institutions to obtain this information any time a customer opens a new account.",
				"CashOut Question": "Federal Law requires financial institutions to obtain this information any time a customer opens a new account.",
				"License Number": "This information will be used to validate your identity, which is required by federal law.",
				"Routing Number": "211170101",
				"Confirmation Message": "Congratulations! You have successfully opened your new ReplaceMe account.",
				"OverDraft Heading": "Debit Card Overdraft Services?",
				"OverDraft Content": "Yes, I do want Webster Bank to authorize and pay overdrafts on my ATM and everyday debit card transactions.;No, I do not want Webster Bank to authorize and pay overdrafts on my ATM and everyday Debit card transactions."
			},
			"StateNY": {
				"Social Security Number": "ReplaceMe",
				"Best Phone Number": "ReplaceMe",
				"Name": "ReplaceMe",
				"Driver's License Number": "ReplaceMe",
				"AccountType": "Webster Value Checking",
				"Account Requested": "Opportunity Checking",
				"Email": "skarri@websterbank.com",
				"Address1": "35 ginger street",
				"Address2": "eq=p,qf=p,oc=y",
				"City": "hampshire",
				"Zipcode": "10006",
				"Date of Birth": "02/05/1990",
				"Country of Citizenship Full Name": "United States of America",
				"Country of Citizenship": "US",
				"Driver's License State": "Connecticut",
				"State": "NY",
				"State Full Name": "New York",
				"Driver's License Issue Date": "02/05/2015",
				"Driver's License Expiration Date": "02/05/2025",
				"Affiliations Question 1": "No",
				"Affiliations Question 2": "Yes",
				"Employment Status": "Employed",
				"Employer Name": "TCS",
				"Job Title": "Systems Engineer",
				"Send Free Webster Visa Debit Card": "Yes",
				"International Wire Transfers": "No",
				"Average Monthly Cash Deposit Amount": "Less than $5,000",
				"Average Monthly Cash Withdrawal Amount": "Less than $5,000",
				"Sign up for Debit Card Overdraft Services": "Yes",
				"Sign up for eDelivery": "No",
				"Emulation Question1": "11",
				"Emulation Question2": "22",
				"Confirmation Message": "Congratulations! You have successfully opened your new ReplaceMe account.",
				"CashIn Question": "Federal Law requires financial institutions to obtain this information any time a customer opens a new account.",
				"CashOut Question": "Federal Law requires financial institutions to obtain this information any time a customer opens a new account.",
				"License Number": "This information will be used to validate your identity, which is required by federal law.",
				"Routing Number": "211170101",
				"OverDraft Heading": "Debit Card Overdraft Services?",
				"OverDraft Content": "Yes, I do want Webster Bank to authorize and pay overdrafts on my ATM and everyday debit card transactions.;No, I do not want Webster Bank to authorize and pay overdrafts on my ATM and everyday Debit card transactions."
			},
			"StateRI": {
				"Social Security Number": "ReplaceMe",
				"Best Phone Number": "ReplaceMe",
				"Name": "ReplaceMe",
				"Driver's License Number": "8956159",
				"AccountType": "Webster Value Checking",
				"Account Requested": "Opportunity Checking",
				"Email": "skarri@websterbank.com",
				"Address1": "35 ginger street",
				"Address2": "eq=p,qf=p,oc=y",
				"City": "hampshire",
				"Zipcode": "02802",
				"Date of Birth": "02/05/1990",
				"Country of Citizenship Full Name": "United States of America",
				"Country of Citizenship": "US",
				"Driver's License State": "Connecticut",
				"State": "RI",
				"State Full Name": "Rhode Island",
				"Driver's License Issue Date": "02/05/2015",
				"Driver's License Expiration Date": "02/05/2025",
				"Affiliations Question 1": "No",
				"Affiliations Question 2": "Yes",
				"Employment Status": "Employed",
				"Employer Name": "TCS",
				"Job Title": "Systems Engineer",
				"Send Free Webster Visa Debit Card": "Yes",
				"International Wire Transfers": "No",
				"Average Monthly Cash Deposit Amount": "Less than $5,000",
				"Average Monthly Cash Withdrawal Amount": "Less than $5,000",
				"Sign up for Debit Card Overdraft Services": "Yes",
				"Sign up for eDelivery": "No",
				"Emulation Question1": "11",
				"Emulation Question2": "22",
				"Confirmation Message": "Congratulations! You have successfully opened your new ReplaceMe account.",
				"CashIn Question": "Federal Law requires financial institutions to obtain this information any time a customer opens a new account.",
				"CashOut Question": "Federal Law requires financial institutions to obtain this information any time a customer opens a new account.",
				"License Number": "This information will be used to validate your identity, which is required by federal law.",
				"Routing Number": "211170101",
				"OverDraft Heading": "Debit Card Overdraft Services?",
				"OverDraft Content": "Yes, I do want Webster Bank to authorize and pay overdrafts on my ATM and everyday debit card transactions.;No, I do not want Webster Bank to authorize and pay overdrafts on my ATM and everyday Debit card transactions."
			}
		},
		"UnpaidFunds": {
			"Social Security Number": "ReplaceMe",
			"Best Phone Number": "ReplaceMe",
			"Name": "ReplaceMe",
			"Driver's License Number": "ReplaceMe",
			"AccountType": "Webster Value Checking",
			"Account Requested": "Opportunity Checking",
			"Email": "skarri@websterbank.com",
			"Address1": "35 ginger street",
			"Address2": "eq=p,qf=f,oc=y",
			"City": "hampshire",
			"Zipcode": "01053",
			"Date of Birth": "02/05/1990",
			"Country of Citizenship Full Name": "United States of America",
			"Country of Citizenship": "US",
			"Driver's License State": "Connecticut",
			"State": "MA",
			"State Full Name": "Massachusetts",
			"Driver's License Issue Date": "02/05/2015",
			"Driver's License Expiration Date": "02/05/2025",
			"Affiliations Question 1": "No",
			"Affiliations Question 2": "Yes",
			"Employment Status": "Employed",
			"Employer Name": "TCS",
			"Job Title": "Systems Engineer",
			"Send Free Webster Visa Debit Card": "Yes",
			"International Wire Transfers": "No",
			"Average Monthly Cash Deposit Amount": "Less than $5,000",
			"Average Monthly Cash Withdrawal Amount": "Less than $5,000",
			"Sign up for Debit Card Overdraft Services": "Yes",
			"Sign up for eDelivery": "No",
			"Emulation Question1": "11",
			"Emulation Question2": "22",
			"Confirmation Message": "Congratulations! You have successfully opened your new ReplaceMe account.",
			"CashIn Question": "Federal Law requires financial institutions to obtain this information any time a customer opens a new account.",
			"CashOut Question": "Federal Law requires financial institutions to obtain this information any time a customer opens a new account.",
			"License Number": "This information will be used to validate your identity, which is required by federal law.",
			"Routing Number": "211170101",
			"OverDraft Heading": "Debit Card Overdraft Services?",
			"OverDraft Content": "Yes, I do want Webster Bank to authorize and pay overdrafts on my ATM and everyday debit card transactions.;No, I do not want Webster Bank to authorize and pay overdrafts on my ATM and everyday Debit card transactions."
		},
		"EQ=P,QF=P,OC=N": {
			"Social Security Number": "ReplaceMe",
			"Best Phone Number": "ReplaceMe",
			"Name": "ReplaceMe",
			"Driver's License Number": "ReplaceMe",
			"AccountType": "WebsterOne® Relationship Checking",
			"Account Requested": "WebsterOne Checking",
			"Email": "skarri@websterbank.com",
			"Address1": "35 ginger street",
			"Address2": "EQ=P,QF=P, OC=N",
			"City": "hartford",
			"Zipcode": "06118",
			"Date of Birth": "02/05/1990",
			"Country of Citizenship Full Name": "United States of America",
			"Country of Citizenship": "US",
			"Driver's License State": "Connecticut",
			"State": "CT",
			"State Full Name": "Connecticut",
			"Driver's License Issue Date": "02/05/2015",
			"Driver's License Expiration Date": "02/05/2025",
			"Affiliations Question 1": "No",
			"Affiliations Question 2": "Yes",
			"Employment Status": "Employed",
			"Employer Name": "TCS",
			"Job Title": "Systems Engineer",
			"Send Free Webster Visa Debit Card": "Yes",
			"International Wire Transfers": "No",
			"Average Monthly Cash Deposit Amount": "Less than $5,000",
			"Average Monthly Cash Withdrawal Amount": "Less than $5,000",
			"Sign up for Debit Card Overdraft Services": "Yes",
			"Sign up for eDelivery": "No",
			"Emulation Question1": "11",
			"Emulation Question2": "22",
			"Confirmation Message": "Congratulations! You have successfully opened your new ReplaceMe account.",
			"Routing Number": "211170101",
			"Account Type": "WebsterOne Checking"
		},
		"EQ=P,QF=F,OC=Y": {
			"Social Security Number": "ReplaceMe",
			"Best Phone Number": "ReplaceMe",
			"Name": "ReplaceMe",
			"Driver's License Number": "ReplaceMe",
			"AccountType": "WebsterOne® Relationship Checking",
			"Account Requested": "Opportunity Checking",
			"Email": "skarri@websterbank.com",
			"Address1": "35 ginger street",
			"Address2": "EQ=P,QF=F,OC=Y",
			"City": "hartford",
			"Zipcode": "06118",
			"Date of Birth": "02/05/1990",
			"Country of Citizenship Full Name": "United States of America",
			"Country of Citizenship": "US",
			"Driver's License State": "Connecticut",
			"State": "CT",
			"State Full Name": "Connecticut",
			"Driver's License Issue Date": "02/05/2015",
			"Driver's License Expiration Date": "02/05/2025",
			"Affiliations Question 1": "No",
			"Affiliations Question 2": "Yes",
			"Employment Status": "Employed",
			"Employer Name": "TCS",
			"Job Title": "Systems Engineer",
			"Send Free Webster Visa Debit Card": "Yes",
			"International Wire Transfers": "No",
			"Average Monthly Cash Deposit Amount": "Less than $5,000",
			"Average Monthly Cash Withdrawal Amount": "Less than $5,000",
			"Sign up for Debit Card Overdraft Services": "Yes",
			"Sign up for eDelivery": "No",
			"Emulation Question1": "11",
			"Emulation Question2": "22",
			"Confirmation Message": "Congratulations! You have successfully opened your new ReplaceMe account.",
			"Routing Number": "211170101",
			"Account Type": "WebsterOne Checking"
		},
		"EQ=P,QF=F,OC=N": {
			"Social Security Number": "ReplaceMe",
			"Best Phone Number": "ReplaceMe",
			"Name": "ReplaceMe",
			"Driver's License Number": "ReplaceMe",
			"AccountType": "WebsterOne® Relationship Checking",
			"Account Requested": "Opportunity Checking",
			"Email": "skarri@websterbank.com",
			"Address1": "35 ginger street",
			"Address2": "EQ=P,QF=F,OC=N",
			"City": "hartford",
			"Zipcode": "06118",
			"Date of Birth": "02/05/1990",
			"Country of Citizenship Full Name": "United States of America",
			"Country of Citizenship": "US",
			"Driver's License State": "Connecticut",
			"State": "CT",
			"State Full Name": "Connecticut",
			"Driver's License Issue Date": "02/05/2015",
			"Driver's License Expiration Date": "02/05/2025",
			"Affiliations Question 1": "No",
			"Affiliations Question 2": "Yes",
			"Employment Status": "Employed",
			"Employer Name": "TCS",
			"Job Title": "Systems Engineer",
			"Send Free Webster Visa Debit Card": "Yes",
			"International Wire Transfers": "No",
			"Average Monthly Cash Deposit Amount": "Less than $5,000",
			"Average Monthly Cash Withdrawal Amount": "Less than $5,000",
			"Sign up for Debit Card Overdraft Services": "Yes",
			"Sign up for eDelivery": "No",
			"Emulation Question1": "11",
			"Emulation Question2": "22",
			"Routing Number": "211170101",
			"Account Type": "WebsterOne Checking",
			"Negative Confirmation Text": "We were unable to open your account online.\nYou can also open an account by visiting your local banking center. Or, contact us at 800-325-2424, 24 hours a day, 7days a week."
		},
		"EQ=P,QF=F,OC=Y For CD": {
			"Social Security Number": "ReplaceMe",
			"Best Phone Number": "ReplaceMe",
			"Name": "ReplaceMe",
			"Driver's License Number": "ReplaceMe",
			"AccountType": "Traditional CDs",
			"Account Requested": "5 Year CD",
			"Email": "skarri@websterbank.com",
			"Address1": "35 ginger street",
			"Address2": "EQ=P,QF=F,OC=Y",
			"City": "hartford",
			"Zipcode": "06118",
			"Date of Birth": "02/05/1990",
			"Country of Citizenship Full Name": "United States of America",
			"Country of Citizenship": "US",
			"Driver's License State": "Connecticut",
			"State": "CT",
			"State Full Name": "Connecticut",
			"Driver's License Issue Date": "02/05/2015",
			"Driver's License Expiration Date": "02/05/2025",
			"Affiliations Question 1": "No",
			"Affiliations Question 2": "Yes",
			"Employment Status": "Employed",
			"Employer Name": "TCS",
			"Job Title": "Systems Engineer",
			"Send Free Webster Visa Debit Card": "Yes",
			"International Wire Transfers": "No",
			"Average Monthly Cash Deposit Amount": "Less than $5,000",
			"Average Monthly Cash Withdrawal Amount": "Less than $5,000",
			"Sign up for Debit Card Overdraft Services": "Yes",
			"Sign up for eDelivery": "No",
			"Emulation Question1": "11",
			"Emulation Question2": "22",
			"Routing Number": "211170101",
			"Account Type": "5 Year CD",
			"Confirmation Message": "Congratulations! You have successfully applied for a new ReplaceMe account. Your new account will be opened in 1 business day."
		},
		"EQ=P,QF=F,OC=N For CD": {
			"Social Security Number": "ReplaceMe",
			"Best Phone Number": "ReplaceMe",
			"Name": "ReplaceMe",
			"Driver's License Number": "ReplaceMe",
			"AccountType": "Traditional CDs",
			"Account Requested": "5 Year CD",
			"Email": "skarri@websterbank.com",
			"Address1": "35 ginger street",
			"Address2": "EQ=P,QF=F,OC=N",
			"City": "hartford",
			"Zipcode": "06118",
			"Date of Birth": "02/05/1990",
			"Country of Citizenship Full Name": "United States of America",
			"Country of Citizenship": "US",
			"Driver's License State": "Connecticut",
			"State": "CT",
			"State Full Name": "Connecticut",
			"Driver's License Issue Date": "02/05/2015",
			"Driver's License Expiration Date": "02/05/2025",
			"Affiliations Question 1": "No",
			"Affiliations Question 2": "Yes",
			"Employment Status": "Employed",
			"Employer Name": "TCS",
			"Job Title": "Systems Engineer",
			"Send Free Webster Visa Debit Card": "Yes",
			"International Wire Transfers": "No",
			"Average Monthly Cash Deposit Amount": "Less than $5,000",
			"Average Monthly Cash Withdrawal Amount": "Less than $5,000",
			"Sign up for Debit Card Overdraft Services": "Yes",
			"Sign up for eDelivery": "No",
			"Emulation Question1": "11",
			"Emulation Question2": "22",
			"Routing Number": "211170101",
			"Account Type": "5 Year CD",
			"Negative Confirmation Text": "We were unable to open your account online.\nYou can also open an account by visiting your local banking center. Or, contact us at 800-325-2424, 24 hours a day, 7days a week."
		},
		"EQ=P,QF=P,OC=Y For CD": {
			"Social Security Number": "ReplaceMe",
			"Best Phone Number": "ReplaceMe",
			"Name": "ReplaceMe",
			"Driver's License Number": "ReplaceMe",
			"AccountType": "Traditional CDs",
			"Account Requested": "5 Year CD",
			"Email": "skarri@websterbank.com",
			"Address1": "35 ginger street",
			"Address2": "EQ=P,QF=P,OC=Y",
			"City": "hartford",
			"Zipcode": "06118",
			"Date of Birth": "02/05/1990",
			"Country of Citizenship Full Name": "United States of America",
			"Country of Citizenship": "US",
			"Driver's License State": "Connecticut",
			"State": "CT",
			"State Full Name": "Connecticut",
			"Driver's License Issue Date": "02/05/2015",
			"Driver's License Expiration Date": "02/05/2025",
			"Affiliations Question 1": "No",
			"Affiliations Question 2": "Yes",
			"Employment Status": "Employed",
			"Employer Name": "TCS",
			"Job Title": "Systems Engineer",
			"Send Free Webster Visa Debit Card": "Yes",
			"International Wire Transfers": "No",
			"Average Monthly Cash Deposit Amount": "Less than $5,000",
			"Average Monthly Cash Withdrawal Amount": "Less than $5,000",
			"Sign up for Debit Card Overdraft Services": "Yes",
			"Sign up for eDelivery": "No",
			"Emulation Question1": "11",
			"Emulation Question2": "22",
			"Routing Number": "211170101",
			"Account Type": "5 Year CD",
			"Confirmation Message": "Congratulations! You have successfully applied for a new ReplaceMe account. Your new account will be opened in 1 business day."
		},
		"EQ=P,QF=F,OC=Y Savings": {
			"Social Security Number": "ReplaceMe",
			"Best Phone Number": "ReplaceMe",
			"Name": "ReplaceMe",
			"Driver's License Number": "ReplaceMe",
			"AccountType": "Webster Value Savings",
			"Account Requested": "Webster Value Savings",
			"Email": "skarri@websterbank.com",
			"Address1": "35 ginger street",
			"Address2": "EQ=P,QF=F,OC=Y",
			"City": "hartford",
			"Zipcode": "06118",
			"Date of Birth": "02/05/1990",
			"Country of Citizenship Full Name": "United States of America",
			"Country of Citizenship": "US",
			"Driver's License State": "Connecticut",
			"State": "CT",
			"State Full Name": "Connecticut",
			"Driver's License Issue Date": "02/05/2015",
			"Driver's License Expiration Date": "02/05/2025",
			"Affiliations Question 1": "No",
			"Affiliations Question 2": "Yes",
			"Employment Status": "Employed",
			"Employer Name": "TCS",
			"Job Title": "Systems Engineer",
			"Send Free Webster Visa Debit Card": "Yes",
			"International Wire Transfers": "No",
			"Average Monthly Cash Deposit Amount": "Less than $5,000",
			"Average Monthly Cash Withdrawal Amount": "Less than $5,000",
			"Sign up for Debit Card Overdraft Services": "Yes",
			"Sign up for eDelivery": "No",
			"Emulation Question1": "11",
			"Emulation Question2": "22",
			"Routing Number": "211170101",
			"Account Type": "Webster Value Savings",
			"Confirmation Message": "Congratulations! You have successfully opened your new ReplaceMe account."
		},
		"EQ=P,QF=F,OC=N Savings": {
			"Social Security Number": "ReplaceMe",
			"Best Phone Number": "ReplaceMe",
			"Name": "ReplaceMe",
			"Driver's License Number": "ReplaceMe",
			"AccountType": "Webster Value Savings",
			"Account Requested": "Webster Value Savings",
			"Email": "skarri@websterbank.com",
			"Address1": "35 ginger street",
			"Address2": "EQ=P,QF=F,OC=N",
			"City": "hartford",
			"Zipcode": "06118",
			"Date of Birth": "02/05/1990",
			"Country of Citizenship Full Name": "United States of America",
			"Country of Citizenship": "US",
			"Driver's License State": "Connecticut",
			"State": "CT",
			"State Full Name": "Connecticut",
			"Driver's License Issue Date": "02/05/2015",
			"Driver's License Expiration Date": "02/05/2025",
			"Affiliations Question 1": "No",
			"Affiliations Question 2": "Yes",
			"Employment Status": "Employed",
			"Employer Name": "TCS",
			"Job Title": "Systems Engineer",
			"Send Free Webster Visa Debit Card": "Yes",
			"International Wire Transfers": "No",
			"Average Monthly Cash Deposit Amount": "Less than $5,000",
			"Average Monthly Cash Withdrawal Amount": "Less than $5,000",
			"Sign up for Debit Card Overdraft Services": "Yes",
			"Sign up for eDelivery": "No",
			"Emulation Question1": "11",
			"Emulation Question2": "22",
			"Routing Number": "211170101",
			"Account Type": "Webster Value Savings",
			"Negative Confirmation Text": "We were unable to open your account online.\nYou can also open an account by visiting your local banking center. Or, contact us at 800-325-2424, 24 hours a day, 7days a week."
		},
		"EQ=P,QF=F,OC=N for MA": {
			"Social Security Number": "ReplaceMe",
			"Best Phone Number": "ReplaceMe",
			"Name": "ReplaceMe",
			"Driver's License Number": "ReplaceMe",
			"AccountType": "Webster Value Checking",
			"Account Requested": "Opportunity Checking",
			"Email": "skarri@websterbank.com",
			"Address1": "35 ginger street",
			"Address2": "EQ=P,QF=F,OC=N",
			"City": "Hartfo",
			"Zipcode": "01053",
			"Date of Birth": "02/05/1990",
			"Country of Citizenship Full Name": "United States of America",
			"Country of Citizenship": "US",
			"Driver's License State": "Connecticut",
			"State": "MA",
			"State Full Name": "Massachusetts",
			"Driver's License Issue Date": "02/05/2015",
			"Driver's License Expiration Date": "02/05/2025",
			"Affiliations Question 1": "No",
			"Affiliations Question 2": "Yes",
			"Employment Status": "Employed",
			"Employer Name": "TCS",
			"Job Title": "Systems Engineer",
			"Send Free Webster Visa Debit Card": "Yes",
			"International Wire Transfers": "No",
			"Average Monthly Cash Deposit Amount": "Less than $5,000",
			"Average Monthly Cash Withdrawal Amount": "Less than $5,000",
			"Sign up for Debit Card Overdraft Services": "Yes",
			"Sign up for eDelivery": "No",
			"Emulation Question1": "11",
			"Emulation Question2": "22",
			"Routing Number": "211170101",
			"Account Type": "Webster Value Checking",
			"Negative Confirmation Text": "We were unable to open your account online.\nYou can also open an account by visiting your local banking center. Or, contact us at 800-325-2424, 24 hours a day, 7days a week."
		}
	}
}
