{
	"testDataList": {
		"Messages": {
			"Enrolled": "This account is enrolled in eDelivery",
			"ErroreDeliveryMessage": "Your account cannot be deleted because (a) pending transfers and/or payments exist; and/or (b) this account is enrolled in Statement eDelivery.",
			"Label3": "Account Number",
			"Label4": "Status"
		},
		"Account Overview": {
			"Label1": "Account Type",
			"Label2": "Nickname",
			"Label3": "Account Number",
			"Label4": "Status"
		},
		"Interest": {
			"Label1": "Current Interest Rate",
			"Label2": "Year-to-Date Interest Paid",
			"Label3": "Previous Year-to-Date Interest Paid"
		},
		"Payment Information": {
			"Label1": "Next Payment Due",
			"Label2": "Last Payment Date",
			"Label3": "Late Charges",
			"Label4": "Fees"
		},
		"Account Numbers": {
			"Account1": "5630",
			"Account2": "5818",
			"Account3": "2759"
		},
		"Loan Statments1": {
			"Account1": "5497",
			"Account2": "2840"
		},
		"Loan Statments2": {
			"Account1": "5497"
		},
		"Loan Statments3": {
			"Account1": "5412"
		},
		"Delete AccountNumber": {
			"Account1": "4704685189",
			"Account2": "4705680710"
		},
		"optout AccountNumbers": {
			"Account1": "4700247361",
			"Account2": "4706875630"
		},
		"Statement AccountNumbers": {
			"Account1": "4707603490"
		},
		"loan delete AccountNumbers": {
			"Account1": "4700247361"
		},
		"Customer Loan statement list": {
			"Label1": "Customer Name",
			"Label2": "Account Number",
			"Label3": "eDelivery",
			"Label4": "IRS Tax ID",
			"Label5": "Print Options",
			"Label6": "Appl Code",
			"Label7": "Cycle Date",
			"Label8": "View Statement",
			"Label9": "Print"
		},
		"Loan Detail": {
			"Label1": "Personal Name",
			"Label2": "Account Number",
			"Label3": "Balance Information",
			"Label4": "Mortgage Information",
			"Label5": "Payment Information"
		}
	}
}
