{
	"testDataList": {
		"ALM-56383": {
			"PayFrom": "AnyAccount",
			"PayTo": "Webster Mortgage & Home Equity (Webcrline)",
			"Type": "Electronic",
			"Amount": "8.08",
			"Memo": "RC08_PersonalPayee"
		},
		"ALM-56389": {
			"PayFrom": "AnyAccount",
			"PayTo": "Webster Mortgage & Home Equity (Webmortg)",
			"Type": "Electronic",
			"Amount": "9.09",
			"Memo": "RC09_PersonalPayee"
		},
		"ALM-56356": {
			"PayFrom": "AnyAccount",
			"PayTo": "Webster Mortgage & Home Equity (Mortgage)",
			"Type": "Electronic",
			"Amount": "3.03",
			"Memo": "RC03_PersonalPayee"
		},
		"ALM-56363": {
			"PayFrom": "AnyAccount",
			"PayTo": "Webster Mortgage & Home Equity (Home Equit)",
			"Type": "Electronic",
			"Amount": "4.04",
			"Memo": "RC04_PersonalPayee"
		},
		"ALM-56369": {
			"PayFrom": "AnyAccount",
			"PayTo": "Webster Mortgage & Home Equity (Automation1)",
			"Type": "Electronic",
			"Amount": "5.05",
			"Memo": "RC05_PersonalPayee"
		},
		"ALM-56374": {
			"PayFrom": "AnyAccount",
			"PayTo": "Webster Mortgage & Home Equity (Automation2)",
			"Type": "Electronic",
			"Amount": "6.06",
			"Memo": "RC06_PersonalPayee"
		},
		"ALM-56380": {
			"PayFrom": "AnyAccount",
			"PayTo": "Webster Mortgage & Home Equity (Automation3)",
			"Type": "Electronic",
			"Amount": "7.07",
			"Memo": "RC07_PersonalPayee"
		},
		"ALM-56345": {
			"PayFrom": "AnyAccount",
			"PayTo": "Webster Mortgage & Home Equity (Automation1)",
			"Type": "Electronic",
			"Amount": "1.01",
			"Memo": "RC01_PersonalPayee"
		},
		"ALM-56351": {
			"PayFrom": "AnyAccount",
			"PayTo": "Webster Mortgage & Home Equity (Automation2)",
			"Type": "Electronic",
			"Amount": "2.02",
			"Memo": "RC02_PersonalPayee"
		},
		"ALM-56392": {
			"PayFrom": "AnyAccount",
			"PayTo": "Webster Mortgage & Home Equity (Automation1)",
			"Type": "Electronic",
			"Amount": "1.01",
			"Memo": "RC01_BusinessPayee"
		},
		"ALM-56398": {
			"PayFrom": "AnyAccount",
			"PayTo": "Webster Mortgage & Home Equity (Automation2)",
			"Type": "Electronic",
			"Amount": "2.02",
			"Memo": "RC02_BusinessPayee"
		},
		"ALM-56401": {
			"PayFrom": "AnyAccount",
			"PayTo": "Webster Mortgage & Home Equity (Automation3)",
			"Type": "Electronic",
			"Amount": "3.03",
			"Memo": "RC03_BusinessPayee"
		},
		"ALM-56407": {
			"PayFrom": "AnyAccount",
			"PayTo": "Webster Mortgage & Home Equity (Automation4)",
			"Type": "Electronic",
			"Amount": "4.04",
			"Memo": "RC04_BusinessPayee"
		},
		"ALM-56410": {
			"PayFrom": "AnyAccount",
			"PayTo": "Webster Mortgage & Home Equity (Automation5)",
			"Type": "Electronic",
			"Amount": "5.05",
			"Memo": "RC05_BusinessPayee"
		},
		"ALM-56415": {
			"PayFrom": "AnyAccount",
			"PayTo": "Webster Mortgage & Home Equity (Automation1)",
			"Type": "Electronic",
			"Amount": "6.06",
			"Memo": "RC06_BusinessPayee"
		},
		"ALM-56418": {
			"PayFrom": "AnyAccount",
			"PayTo": "Webster Mortgage & Home Equity (Automation2)",
			"Type": "Electronic",
			"Amount": "7.07",
			"Memo": "RC07_BusinessPayee"
		},
		"ALM-56424": {
			"PayFrom": "AnyAccount",
			"PayTo": "Webster Mortgage & Home Equity (Automation1)",
			"Type": "Electronic",
			"Amount": "8.08",
			"Memo": "RC08_BusinessPayee"
		},
		"ALM-56427": {
			"PayFrom": "AnyAccount",
			"PayTo": "Webster Mortgage & Home Equity (Automation2)",
			"Type": "Electronic",
			"Amount": "9.09",
			"Memo": "RC09_BusinessPayee"
		},
		"PayBillsData": {
			"Onetime_PersonalPayee": {
				"Delivery Date": "Default",
				"Payment Amount": "15",
				"Payment Memo": "Onetime_PersonalPayee_ValidAmt",
				"Frequency of Payments": "One time",
				"Number of Payments": "1",
				"Payee Type": "Electronic",
				"Column1": "payee",
				"Column2": "Debit Date",
				"Column3": "DeliveryDate",
				"Column4": "Amount"
			},
			"Weekly_PersonalPayee": {
				"Column1": "payee",
				"Column2": "Debit Date",
				"Column3": "DeliveryDate",
				"Column4": "Amount",
				"Delivery Date": "Default",
				"Payment Amount": "15",
				"Payment Memo": "Weekly_PersonalPayee_ValidAmt",
				"Frequency of Payments": "Weekly",
				"Number of Payments": "1",
				"Payee Type": "Electronic"
			},
			"OnetimePayment": {
				"Column1": "payee",
				"Column2": "Debit Date",
				"Column3": "DeliveryDate",
				"Column4": "Amount",
				"Delivery Date": "Default",
				"Payment Amount": "15",
				"Payment Memo": "Onetime_BusinessPayee_ValidAmt",
				"Frequency of Payments": "One time",
				"Number of Payments": "1",
				"Payee Type": "Electronic"
			},
			"WeeklyPayment": {
				"Column1": "payee",
				"Column2": "Debit Date",
				"Column3": "DeliveryDate",
				"Column4": "Amount",
				"Delivery Date": "Default",
				"Payment Amount": "15",
				"Payment Memo": "Weekly_BusinessPayee_ValidAmt",
				"Frequency of Payments": "Weekly",
				"Number of Payments": "1",
				"Payee Type": "Electronic"
			}
		}
	}
}


  
  
  