{
	"testDataList": {
		"PayBillsCheckList": {
			"SortByOptions": "Payee A-Z,Payee Z-A,Nickname A-Z,Nickname Z-A",
			"ShowOnlyOptions": "All,Check,Electronic,On Shortlist,Not on Shortlist",
			"FrequencyofPaymentsOptions": "One time,Weekly,Every two weeks,Monthly,Every two months,Quarterly,Every four months,Twice a year,Yearly",
			"TimingWarning": "Payments scheduled after 5:00 PM will be processed on the next business day. The number of transactions allowed for money market accounts is limited. For more details, please refer to your Deposit Account Disclosure for Business Accounts",
			"PayeeWarning": "Please be sure to set up your payments to allow sufficient time for both delivery and processing before the payment due date printed on your billing statement, excluding any applicable grace period.",
			"PayeeWithNickName": "CitiBusiness",
			"PayeeWithoutNickName": "PlsDontChangeName",
			"PayeeWithoutNickName1": "AutomationPayee"
		},
		"CheckRecurringImpact": {
			"InfoTitle": "This page will be retired on September 25, 2019.",
			"WarningMessage": "This page will be retired on September 25, 2019.\nRecurring payments can now be made from the Pay Bills page (Payments > Pay Bills)",
			"Recurring PageTitle": "Set Up Recurring Payments"
		},
		"Payment Setup": {
			"Column1": "payee",
			"Column2": "Debit Date",
			"Column3": "DeliveryDate",
			"Column4": "Amount",
			"NextStepLinks": "Set up alerts for these payments,View all pending payments,Pay more bills",
			"More than 5 paymemts": " more not shown",
			"Pay Bill QuickLink": "Pay Bills",
			"Public Holidays": "2020-01-01,2020-01-20,2020-02-17,2020-05-25,2020-07-03,2020-09-07,2020-10-12,2020-11-11,2020-11-26,2020-12-25"
		},
		"AlertConfNextSteps": {
			"Column1": "payee",
			"Column2": "Debit Date",
			"Column3": "DeliveryDate",
			"Column4": "Amount",
			"NextStepLinks": "View pending payments,Pay Bills,View Payment Center"
		},
		"ManageNWAccountNextSteps": {
			"NextStepLinks": "Add a Non-Webster transfer account,Pay Bills,View your account balances"
		},
		"ManagePaymentsNextSteps": {
			"NextStepLinks": "Pay Bills,View Payment Center"
		},
		"ToolTip": {
			"Message": "<p>Select the desired delivery date from the calendar, then press the 'Add Payment' button.<br/>Payments will not be scheduled until you press the 'Review and Schedule Payments' button and verify your payment information.</p>"
		},
		"AddNewCheckPayeeNextSteps": {
			"NextStepLinks": "Add Another Payee,Pay Bills,View Payment Center",
			"DeletePayeeNextStepLinks": "Manage Payees,Pay Bills,View Payment Center",
			"Payee Name": "CheckAutoPayee",
			"ShortList": "Yes",
			"Payee Type": "Personal",
			"Address One": "35 Ginger Street",
			"Address 2": "eq=p,qf=p",
			"City": "Hartford",
			"Zip": "06118",
			"Add Message": "Your payee has been added",
			"Delete Msg": "Your payee has been deleted."
		},
		"AddNewElectronicPayeeNextSteps": {
			"NextStepLinks": "Add Another Payee,Pay Bills,View Payment Center",
			"DeletePayeeNextStepLinks": "Manage Payees,Pay Bills,View Payment Center",
			"Payee Name": "Capital One",
			"ShortList": "Yes",
			"Payee Type": "Personal",
			"Add Message": "Your payee has been added",
			"Delete Msg": "Your payee has been deleted."
		},
		"InvoiceNextSteps": {
			"NextStepLinks": "Set up alerts for these scheduled payments,Add A Payee,Pay Bills",
			"PayeeName": "Anne Hall",
			"Description": "This is invoice description",
			"Amount": "5",
			"Additional Description": "Additional Description"
		},
		"ErrorMessages": {
			"Common Error Message": "Please review and correct the issues we have identified with the information you provided.",
			"Payment Exceeds 10 years": "Payment exceeds the 10 year limit.",
			"Invalid Number of Payments": "Please enter a valid number.",
			"Invalid Delivery Date": "Please select a valid business day.",
			"No Delivery Date": "Delivery date is not valid.",
			"Invalid Amount": "Please enter a valid amount.",
			"High Payment Amount": "Payment amount is too high.",
			"Invalid Char in Amount": "Please enter a valid payment amount. Do not include \"$\" or \",\".",
			"Confirmation Message Content": "Your payments have been scheduled.",
			"Existing Payment Message": "Your account cannot be deleted because (a) pending transfers and/or payments exist; and/or (b) this account is enrolled in Statement eDelivery."
		},
		"UpdatePayeeNextSteps": {
			"NextStepLinks": "Manage Payees,Pay Bills,View Payment Center",
			"Payee Name": "Connecticut Natural Gas",
			"ShortList": "Yes",
			"Payee Type": "Personal",
			"Add Message": "Your payee has been added",
			"Delete Msg": "Your payee has been updated."
		},
		"LabelsList": {
			"Frequency of Payments": "Frequency of Payments",
			"Number of Payments": "Number of Payments",
			"Payee Type": "Payee Type",
			"Last Paid": "Last Paid",
			"Payment Memo": "Payment Memo",
			"Additonal Details": "Additonal Details"
		},
		"One time": {
			"Delivery Date": "Default",
			"Payment Amount": "5",
			"Payment Memo": "One time",
			"Frequency of Payments": "One time",
			"Number of Payments": "1",
			"Payee Type": "Check",
			"Column1": "payee",
			"Column2": "Debit Date",
			"Column3": "DeliveryDate",
			"Column4": "Amount",
			"NextStepLinks": "Set up alerts for these payments,View all pending payments,Pay more bills",
			"More than 5 paymemts": " more not shown",
			"Public Holidays": "2020-01-01,2020-01-20,2020-02-17,2020-05-25,2020-07-03,2020-09-07,2020-10-12,2020-11-11,2020-11-26,2020-12-25"
		},
		"Weekly": {
			"Delivery Date": "Default",
			"Payment Amount": "5",
			"Payment Memo": "Weekly",
			"Frequency of Payments": "Weekly",
			"Number of Payments": "5",
			"Payee Type": "Electronic",
			"Column1": "payee",
			"Column2": "Debit Date",
			"Column3": "DeliveryDate",
			"Column4": "Amount",
			"NextStepLinks": "Set up alerts for these payments,View all pending payments,Pay more bills",
			"More than 5 paymemts": " more not shown",
			"Public Holidays": "2020-01-01,2020-01-20,2020-02-17,2020-05-25,2020-07-03,2020-09-07,2020-10-12,2020-11-11,2020-11-26,2020-12-25"
		},
		"Every two weeks": {
			"Delivery Date": "Default",
			"Payment Amount": "5",
			"Payment Memo": "Every two weeks",
			"Frequency of Payments": "Every two weeks",
			"Number of Payments": "2",
			"Payee Type": "Check",
			"Column1": "payee",
			"Column2": "Debit Date",
			"Column3": "DeliveryDate",
			"Column4": "Amount",
			"NextStepLinks": "Set up alerts for these payments,View all pending payments,Pay more bills",
			"More than 5 paymemts": " more not shown",
			"Public Holidays": "2020-01-01,2020-01-20,2020-02-17,2020-05-25,2020-07-03,2020-09-07,2020-10-12,2020-11-11,2020-11-26,2020-12-25"
		},
		"Monthly": {
			"Delivery Date": "Default",
			"Payment Amount": "5",
			"Payment Memo": "Monthly",
			"Frequency of Payments": "Monthly",
			"Number of Payments": "4",
			"Payee Type": "Electronic",
			"Column1": "payee",
			"Column2": "Debit Date",
			"Column3": "DeliveryDate",
			"Column4": "Amount",
			"NextStepLinks": "Set up alerts for these payments,View all pending payments,Pay more bills",
			"More than 5 paymemts": " more not shown",
			"Public Holidays": "2020-01-01,2020-01-20,2020-02-17,2020-05-25,2020-07-03,2020-09-07,2020-10-12,2020-11-11,2020-11-26,2020-12-25"
		},
		"Every two months": {
			"Delivery Date": "Default",
			"Payment Amount": "5",
			"Payment Memo": "Every two months",
			"Frequency of Payments": "Every two months",
			"Number of Payments": "3",
			"Payee Type": "Check",
			"Column1": "payee",
			"Column2": "Debit Date",
			"Column3": "DeliveryDate",
			"Column4": "Amount",
			"NextStepLinks": "Set up alerts for these payments,View all pending payments,Pay more bills",
			"More than 5 paymemts": " more not shown",
			"Public Holidays": "2020-01-01,2020-01-20,2020-02-17,2020-05-25,2020-07-03,2020-09-07,2020-10-12,2020-11-11,2020-11-26,2020-12-25"
		},
		"Quarterly": {
			"Delivery Date": "Default",
			"Payment Amount": "5",
			"Payment Memo": "Quarterly",
			"Frequency of Payments": "Quarterly",
			"Number of Payments": "3",
			"Payee Type": "Electronic",
			"Column1": "payee",
			"Column2": "Debit Date",
			"Column3": "DeliveryDate",
			"Column4": "Amount",
			"NextStepLinks": "Set up alerts for these payments,View all pending payments,Pay more bills",
			"More than 5 paymemts": " more not shown",
			"Public Holidays": "2020-01-01,2020-01-20,2020-02-17,2020-05-25,2020-07-03,2020-09-07,2020-10-12,2020-11-11,2020-11-26,2020-12-25"
		},
		"Yearly": {
			"Delivery Date": "Default",
			"Payment Amount": "5",
			"Payment Memo": "Yearly",
			"Frequency of Payments": "Yearly",
			"Number of Payments": "2",
			"Payee Type": "Check",
			"Column1": "payee",
			"Column2": "Debit Date",
			"Column3": "DeliveryDate",
			"Column4": "Amount",
			"NextStepLinks": "Set up alerts for these payments,View all pending payments,Pay more bills",
			"More than 5 paymemts": " more not shown",
			"Public Holidays": "2020-01-01,2020-01-20,2020-02-17,2020-05-25,2020-07-03,2020-09-07,2020-10-12,2020-11-11,2020-11-26,2020-12-25"
		},
		"Every four months": {
			"Delivery Date": "Default",
			"Payment Amount": "5",
			"Payment Memo": "Every four months",
			"Frequency of Payments": "Every four months",
			"Number of Payments": "2",
			"Payee Type": "Check",
			"Column1": "payee",
			"Column2": "Debit Date",
			"Column3": "DeliveryDate",
			"Column4": "Amount",
			"NextStepLinks": "Set up alerts for these payments,View all pending payments,Pay more bills",
			"More than 5 paymemts": " more not shown",
			"Public Holidays": "2020-01-01,2020-01-20,2020-02-17,2020-05-25,2020-07-03,2020-09-07,2020-10-12,2020-11-11,2020-11-26,2020-12-25"
		},
		"Twice a year": {
			"Delivery Date": "Default",
			"Payment Amount": "5",
			"Payment Memo": "Twice a year",
			"Frequency of Payments": "Twice a year",
			"Number of Payments": "2",
			"Payee Type": "Electronic",
			"Column1": "payee",
			"Column2": "Debit Date",
			"Column3": "DeliveryDate",
			"Column4": "Amount",
			"NextStepLinks": "Set up alerts for these payments,View all pending payments,Pay more bills",
			"More than 5 paymemts": " more not shown",
			"Public Holidays": "2020-01-01,2020-01-20,2020-02-17,2020-05-25,2020-07-03,2020-09-07,2020-10-12,2020-11-11,2020-11-26,2020-12-25"
		},
		"MoreThan5Payments": {
			"Delivery Date": "Default",
			"Payment Amount": "5",
			"Payment Memo": "Weekly",
			"Frequency of Payments": "Weekly",
			"Number of Payments": "8",
			"Payee Type": "Electronic",
			"Column1": "payee",
			"Column2": "Debit Date",
			"Column3": "DeliveryDate",
			"Column4": "Amount",
			"NextStepLinks": "Set up alerts for these payments,View all pending payments,Pay more bills",
			"More than 5 payments": " more not shown",
			"No.of Cycles": "8",
			"Cycle Frequency": "Weekly",
			"Public Holidays": "2020-01-01,2020-01-20,2020-02-17,2020-05-25,2020-07-03,2020-09-07,2020-10-12,2020-11-11,2020-11-26,2020-12-25"
		},
		"LessThan5Payments": {
			"Column1": "payee",
			"Column2": "Debit Date",
			"Column3": "DeliveryDate",
			"Column4": "Amount",
			"Delivery Date": "Default",
			"Payment Amount": "5",
			"Payment Memo": "Weekly",
			"Frequency of Payments": "Weekly",
			"Payee Type": "Electronic",
			"Number of Payments": "3",
			"NextStepLinks": "Set up alerts for these payments,View all pending payments,Pay more bills",
			"More than 5 payments": " more not shown",
			"No.of Cycles": "3",
			"Cycle Frequency": "Weekly",
			"Public Holidays": "2020-01-01,2020-01-20,2020-02-17,2020-05-25,2020-07-03,2020-09-07,2020-10-12,2020-11-11,2020-11-26,2020-12-25"
		},
		"NoPayeesForPersonalAccount": {
			"NoPayee Messsage Content": "There are no payees to display. Adjust your filter settings or add a new payee."
		},
		"BPUCheckValidPayment": {
			"Delivery Date": "Default",
			"Payment Amount": "15",
			"Payment Memo": "One time-valid amount",
			"Frequency of Payments": "One time",
			"Number of Payments": "1",
			"Payee Type": "Check",
			"Column1": "payee",
			"Column2": "Debit Date",
			"Column3": "DeliveryDate",
			"Column4": "Amount",
			"NextStepLinks": "Set up alerts for these payments,View all pending payments,Pay more bills",
			"More than 5 paymemts": " more not shown",
			"Public Holidays": "2020-01-01,2020-01-20,2020-02-17,2020-05-25,2020-07-03,2020-09-07,2020-10-12,2020-11-11,2020-11-26,2020-12-25"
		},
		"BPUCheckValidRecurrPayment": {
			"Delivery Date": "Default",
			"Payment Amount": "15",
			"Payment Memo": "Weekly-valid amount",
			"Frequency of Payments": "Weekly",
			"Number of Payments": "3",
			"Payee Type": "Check",
			"Column1": "payee",
			"Column2": "Debit Date",
			"Column3": "DeliveryDate",
			"Column4": "Amount",
			"NextStepLinks": "Set up alerts for these payments,View all pending payments,Pay more bills",
			"More than 5 paymemts": " more not shown",
			"Public Holidays": "2020-01-01,2020-01-20,2020-02-17,2020-05-25,2020-07-03,2020-09-07,2020-10-12,2020-11-11,2020-11-26,2020-12-25"
		},
		"BPUCheckStoppedPayment": {
			"Delivery Date": "Default",
			"Payment Amount": "9",
			"Payment Memo": "Stopped",
			"Frequency of Payments": "One time",
			"Number of Payments": "1",
			"Payee Type": "Check",
			"Column1": "payee",
			"Column2": "Debit Date",
			"Column3": "DeliveryDate",
			"Column4": "Amount",
			"NextStepLinks": "Set up alerts for these payments,View all pending payments,Pay more bills",
			"More than 5 paymemts": " more not shown",
			"Public Holidays": "2020-01-01,2020-01-20,2020-02-17,2020-05-25,2020-07-03,2020-09-07,2020-10-12,2020-11-11,2020-11-26,2020-12-25"
		},
		"BPUCheckDeliveredPayment": {
			"Delivery Date": "Default",
			"Payment Amount": "99.99",
			"Payment Memo": "Delivered",
			"Frequency of Payments": "One time",
			"Number of Payments": "1",
			"Payee Type": "Check",
			"Column1": "payee",
			"Column2": "Debit Date",
			"Column3": "DeliveryDate",
			"Column4": "Amount",
			"NextStepLinks": "Set up alerts for these payments,View all pending payments,Pay more bills",
			"More than 5 paymemts": " more not shown",
			"Public Holidays": "2020-01-01,2020-01-20,2020-02-17,2020-05-25,2020-07-03,2020-09-07,2020-10-12,2020-11-11,2020-11-26,2020-12-25"
		}
	}
}


