{
	"testDataList": {
		"Personal": {
			"1DayAlert": {
				"PayFrom": "AnyAccount",
				"PayTo": "Target",
				"Type": "Electronic",
				"Amount": "5",
				"Memo": "1DayAlert",
				"SuccessfulPaymentSchedule": "Your payment has been scheduled.",
				"Days": "1"
			},
			"2DaysAlert": {
				"PayFrom": "AnyAccount",
				"PayTo": "Capital One",
				"Type": "Check",
				"Amount": "5",
				"Memo": "2DaysAlert",
				"SuccessfulPaymentSchedule": "Your payment has been scheduled.",
				"Days": "2"
			},
			"3DaysAlert": {
				"PayFrom": "AnyAccount",
				"PayTo": "Kohl's",
				"Type": "Check",
				"Amount": "5",
				"Memo": "3DaysAlert",
				"SuccessfulPaymentSchedule": "Your payment has been scheduled.",
				"Days": "3"
			},
			"4DaysAlert": {
				"PayFrom": "AnyAccount",
				"PayTo": "Capital One",
				"Type": "Check",
				"Amount": "5",
				"Memo": "4DaysAlert",
				"SuccessfulPaymentSchedule": "Your payment has been scheduled.",
				"Days": "4"
			},
			"5DaysAlert": {
				"PayFrom": "AnyAccount",
				"PayTo": "Comcast",
				"Type": "Check",
				"Amount": "5",
				"Memo": "5DaysAlert",
				"SuccessfulPaymentSchedule": "Your payment has been scheduled.",
				"Days": "5"
			},
			"6DaysAlert": {
				"PayFrom": "AnyAccount",
				"PayTo": "Target",
				"Type": "Electronic",
				"Amount": "5",
				"Memo": "6DaysAlert",
				"SuccessfulPaymentSchedule": "Your payment has been scheduled.",
				"Days": "6"
			},
			"7DaysAlert": {
				"PayFrom": "AnyAccount",
				"PayTo": "Verizon",
				"Type": "Check",
				"Amount": "5",
				"Memo": "7DaysAlert",
				"SuccessfulPaymentSchedule": "Your payment has been scheduled.",
				"Days": "7"
			},
			"8DaysAlert": {
				"PayFrom": "AnyAccount",
				"PayTo": "Capital One",
				"Type": "Check",
				"Amount": "5",
				"Memo": "8DaysAlert",
				"SuccessfulPaymentSchedule": "Your payment has been scheduled.",
				"Days": "8"
			},
			"9DaysAlert": {
				"PayFrom": "AnyAccount",
				"PayTo": "Comcast",
				"Type": "Check",
				"Amount": "5",
				"Memo": "9DaysAlert",
				"SuccessfulPaymentSchedule": "Your payment has been scheduled.",
				"Days": "9"
			},
			"10DaysAlert": {
				"PayFrom": "AnyAccount",
				"PayTo": "Discover",
				"Type": "Check",
				"Amount": "5",
				"Memo": "1DayAlert",
				"SuccessfulPaymentSchedule": "Your payment has been scheduled.",
				"Days": "10"
			}
		},
		"Business": {
			"1DayAlert": {
				"PayFrom": "AnyAccount",
				"PayTo": "Comcast",
				"Type": "Check",
				"Amount": "5",
				"Memo": "1DayAlert",
				"SuccessfulPaymentSchedule": "Your payment has been scheduled.",
				"Days": "1"
			},
			"2DaysAlert": {
				"PayFrom": "AnyAccount",
				"PayTo": "Discover",
				"Type": "Check",
				"Amount": "5",
				"Memo": "2DaysAlert",
				"SuccessfulPaymentSchedule": "Your payment has been scheduled.",
				"Days": "2"
			},
			"3DaysAlert": {
				"PayFrom": "AnyAccount",
				"PayTo": "Target",
				"Type": "Electronic",
				"Amount": "5",
				"Memo": "3DaysAlert",
				"SuccessfulPaymentSchedule": "Your payment has been scheduled.",
				"Days": "3"
			},
			"4DaysAlert": {
				"PayFrom": "AnyAccount",
				"PayTo": "Verizon",
				"Type": "Check",
				"Amount": "5",
				"Memo": "4DaysAlert",
				"SuccessfulPaymentSchedule": "Your payment has been scheduled.",
				"Days": "4"
			},
			"5DaysAlert": {
				"PayFrom": "AnyAccount",
				"PayTo": "Comcast",
				"Type": "Check",
				"Amount": "5",
				"Memo": "5DaysAlert",
				"SuccessfulPaymentSchedule": "Your payment has been scheduled.",
				"Days": "5"
			},
			"6DaysAlert": {
				"PayFrom": "AnyAccount",
				"PayTo": "Kohl's",
				"Type": "Check",
				"Amount": "5",
				"Memo": "6DaysAlert",
				"SuccessfulPaymentSchedule": "Your payment has been scheduled.",
				"Days": "6"
			},
			"7DaysAlert": {
				"PayFrom": "AnyAccount",
				"PayTo": "Target",
				"Type": "Electronic",
				"Amount": "5",
				"Memo": "7DaysAlert",
				"SuccessfulPaymentSchedule": "Your payment has been scheduled.",
				"Days": "7"
			},
			"8DaysAlert": {
				"PayFrom": "AnyAccount",
				"PayTo": "Verizon",
				"Type": "Check",
				"Amount": "5",
				"Memo": "8DaysAlert",
				"SuccessfulPaymentSchedule": "Your payment has been scheduled.",
				"Days": "8"
			},
			"9DaysAlert": {
				"PayFrom": "AnyAccount",
				"PayTo": "Target",
				"Type": "Electronic",
				"Amount": "5",
				"Memo": "9DaysAlert",
				"SuccessfulPaymentSchedule": "Your payment has been scheduled.",
				"Days": "9"
			},
			"10DaysAlert": {
				"PayFrom": "AnyAccount",
				"PayTo": "Discover",
				"Type": "Check",
				"Amount": "5",
				"Memo": "1DayAlert",
				"SuccessfulPaymentSchedule": "Your payment has been scheduled.",
				"Days": "10"
			}
		}
	}
}


  
  
  