{
	"testDataList": {
		"PaymentDetails": {
			"PayeeName": "Anne Hall",
			"Description": "This is invoice description",
			"Amount": "5",
			"Additional Description": "Additional Description"
		},
		"Messages": {
			"NoPayees": "You do not have any payees eligible for payment delivery on this date. In order to schedule a payment, please select an eligible delivery date from the calendar or first add a payee.",
			"NoEligibleAccounts": "You do not have any accounts eligible for bill payment. Please add or open a new checking account in order to take advantage of bill payment services.",
			"SuccessfulPaymentSchedule": "Your payment has been scheduled.",
			"NoPersonalPayeeError": "You do not have any personal payees, please select a different account.",
			"NoBusinessPayeeError": "You do not have any business payees, please select a different account.",
			"NoAccountsErrorMsg": ""
		},
		"PersonalUserEPay": {
			"PayFrom": "AnyAccount",
			"PayTo": "Target (Target)",
			"Type": "Electronic",
			"Amount": "5",
			"Memo": "PersonalUserEPay"
		},
		"BusinessUserCheckPay": {
			"PayFrom": "AnyAccount",
			"PayTo": "Glenn Ricci (Rent)",
			"Type": "Check",
			"Amount": "5",
			"Memo": "BusinessUserCheckPay"
		},
		"AmountFieldErrorMsgs": {
			"Negative Value": "-10",
			"More than Maximum Value": "9999999.99",
			"Invalid Data": "Please enter a valid amount."
		},
		"DeletePendingPayment": {
			"PayFrom": "AnyAccount",
			"PayTo": "Citgo",
			"Type": "Electronic",
			"Amount": "5",
			"Memo": "DeletePendingPayment",
			"Payee Name": "Citgo"
		},
		"updatePaymentDetails": {
			"PayFrom": "AnyAccount",
			"PayTo": "Linens N Things (Linens N Things)",
			"Type": "Electronic",
			"Amount": "5",
			"Memo": "updatePaymentDetails",
			"Payee Name": "Linens N Things"
		},
		"CheckAlertforPayment": {
			"PayFrom": "AnyAccount",
			"PayTo": "Discover Card",
			"Type": "Electronic",
			"Amount": "5",
			"Memo": "CheckAlertforPayment"
		},
		"verifyDisclsureForCheck": {
			"PayFrom": "AnyAccount",
			"PayTo": "At&T",
			"Type": "Check",
			"Amount": "5",
			"Memo": "verifyDisclsureForCheck"
		},
		"OnusPayment": {
			"PayFrom": "AnyAccount",
			"PayTo": "Webster Mortgage & Home Equity",
			"Type": "Electronic",
			"Amount": "5",
			"Memo": "OnusPayment"
		},
		"ErrorMsgForPayTo": {
			"PayFrom": "AnyAccount",
			"PayTo": "",
			"Type": "Electronic",
			"Amount": "5",
			"Memo": "",
			"Required Field": "This is a required field."
		},
		"setupMultiplePayments": {
			"PayFrom": "AnyAccount",
			"PayTo": "Capital One (Mastercard)",
			"Type": "Check",
			"Amount": "5",
			"Memo": "Payment1",
			"Payee Name": "Capital One"
		},
		"DeletePaymentFromLightbox": {
			"PayFrom": "AnyAccount",
			"PayTo": "Citgo",
			"Type": "Electronic",
			"Amount": "5",
			"Memo": "Payment1",
			"Payee Name": "Citgo"
		},
		"Multiple Payment": {
			"PayFrom": "AnyAccount",
			"PayTo": "Banana Republic (Banana)",
			"Type": "Electronic",
			"Amount": "5",
			"Memo": "Payment2"
		},
		"EditPaymentFromLightbox": {
			"PayFrom": "AnyAccount",
			"PayTo": "Comcast (Cable)",
			"Type": "Electronic",
			"Amount": "5",
			"Memo": "NonEditedPaymentMemo",
			"Payee Name": "Comcast"
		},
		"EditedPayment": {
			"PayFrom": "AnyAccount",
			"PayTo": "Comcast (Cable)",
			"Type": "Electronic",
			"Amount": "10",
			"Memo": "EditedPayment"
		},
		"CheckBillPayeeDetails": {
			"LastDay": "LastDay",
			"CoulmnNames": "Payee Name,Payment Account,Payment Method,Confirmation,Delivery Date,Payment Amount"
		}
	}
}


