{
	"testDataList": {
		"LabelName": {
			"Label1": "Business Disclosures",
			"Label2": "Miscellaneous"
		},
		"Personal Disclosures": {
			"Link1": "Deposit Account Disclosure for Consumer Accounts",
			"Link2": "Fee Schedule for Consumer Accounts",
			"Link3": "Home Equity Kit",
			"Link4": "eDelivery Agreement",
			"Link5": "Equifax Authorization",
			"Link6": "Dear Homeowner Letter",
			"Link7": "Balloon Payment Disclosure",
			"Link8": "CIP, Privacy, the USA PATRIOT Act, and Opening an Account",
			"Link9": "Interest Rate Disclosure",
			"Link10": "Non-Webster Transfer Agreement for Consumer Accounts",
			"Link11": "Privacy and Opt-Out Notice",
			"Link12": "WebsterOnline Services Agreement"
		},
		"Business Disclosures": {
			"Link1": "Deposit Account Disclosure for Business Accounts",
			"Link2": "Fee Schedule for Business Accounts",
			"Link3": "Fee Schedule for Commercial and Government & Institutional Banking Accounts",
			"Link4": "eDelivery Agreement",
			"Link5": "Interest Rate Disclosure",
			"Link6": "WebsterOnline Services Agreement"
		},
		"Miscellaneous": {
			"Link1": "Webster Mobile Terms of Service",
			"Link2": "Survey Sweepstakes Rules"
		}
	}
}
