{
	"testDataList": {
		"CheckLinksForEachProfile": {
			"businessorComingledUserLinks": {
				"Transaction History": "Transaction History",
				"Webster Transfer": "Webster Transfer",
				"Pay Bills": "Pay Bills",
				"Payment Center": "Payment Center",
				"Pending Payment": "Pending Payment",
				"Statements": "Statements",
				"Manage Payees": "Manage Payees",
				"Payment History": "Payment History",
				"Search Payments": "Search Payments",
				"Search Transactions": "Search Transactions",
				"Export Transactions": "Export Transactions",
				"Brokerage Accounts": "Brokerage Accounts",
				"Private Bank Accounts": "Private Bank Accounts",
				"Banking Supplies": "Banking Supplies",
				"Reorder Checks": "Reorder Checks",
				"Travel Notification": "Travel Notification",
				"Make a Deposit": "Make a Deposit"
			},
			"personalUserLinks": {
				"Transaction History": "Transaction History",
				"Webster Transfer": "Webster Transfer",
				"Pay Bills": "Pay Bills",
				"Payment Center": "Payment Center",
				"Pending Payment": "Pending Payment",
				"Statements": "Statements",
				"Manage Payees": "Manage Payees",
				"Payment History": "Payment History",
				"Search Payments": "Search Payments",
				"Search Transactions": "Search Transactions",
				"Export Transactions": "Export Transactions",
				"Brokerage Accounts": "Brokerage Accounts",
				"Private Bank Accounts": "Private Bank Accounts",
				"Banking Supplies": "Banking Supplies",
				"Reorder Checks": "Reorder Checks",
				"Travel Notification": "Travel Notification",
				"Non-Webster Transfer": "Non-Webster Transfer"
			}
		},
		"DashBoardLookAndFeel": {
			"EditQuickLinksTitle": "Choose up to 4 Quick Links for your dashboard.",
			"DeselectAllTitle": "You have chosen to remove all of your Quick Links. You can add Quick Links by making a selection now or at a later date."
		},
		"MoreThan4Links": {
			"SelectMorethan4Links": "The maximum amount of Quick Links are selected. To make a different selection, uncheck one or more Quick Links before choosing new ones.",
			"PersonalUserLinks": "Payment History,Export Transactions,Reorder Checks,Non-Webster Transfer",
			"BusinessUserLinks": "Payment History,Export Transactions,Reorder Checks,Make a Deposit"
		},
		"AddOrRemoveLinks": {
			"Any4": "Payment History,Export Transactions,Reorder Checks,Brokerage Accounts",
			"Any3": "Payment History,Export Transactions,Brokerage Accounts",
			"Remaining": "Reorder Checks",
			"LeftOverLink": "Reorder Checks"
		},
		"MinToMaxLinks": {
			"Any4": "Payment History,Export Transactions,Reorder Checks,Brokerage Accounts",
			"Any2": "Payment History,Export Transactions",
			"Remaining2Links": "Reorder Checks,Brokerage Accounts"
		},
		"DefaultLinks": {
			"Defaultlinks": "Transaction History,Webster Transfer,Pay Bills,Statements"
		},
		"InEligibleUsersDestPage": {
			"BillPayAndTransferIneligibleLinks": "Transaction History,Webster Transfer,Pay Bills,Statements",
			"NoTransactionMsg": "We could not process your request because you do not have any accounts linked for WebsterOnline Services access.",
			"NoTranfersMsg": "We could not process your request because you do not have any eligible accounts for transfers.",
			"NoOneTimeBillPayMsg": "You do not have any accounts eligible for bill payment. Please add or open a new checking account in order to take advantage of bill payment services.",
			"NoStatementsMsg": "We could not process your request because there are currently no statements available for this account."
		},
		"BusinessOrder": {
			"PersonalLinks": "Non-Webster Transfer,Payment History,Export Transactions,Reorder Checks",
			"BusinessLinks": "Payment History,Export Transactions,Reorder Checks,Make a Deposit",
			"SelectMorethan4Links": "The maximum amount of Quick Links are selected. To make a different selection, uncheck one or more Quick Links before choosing new ones."
		},
		"Sequence Order": {
			"PersonalLinks": "Transaction History,Webster Transfer,Pay Bills,Payment Center",
			"BusinessLinks": "Transaction History,Webster Transfer,Pay Bills,Payment Center"
		},
		"ViewOnlyUser": {
			"BillPayAndTransferIneligibleLinks": "Transaction History,Webster Transfer,Pay Bills,Statements",
			"unAuthorizedUserMsg": "You currently do not have access to perform this function based on your assigned User Role.",
			"NoStatementsMsg": "We could not process your request because there are currently no statements available for this account."
		},
		"PersonalToBusinessSwitch": {
			"switched to Business": "The customer has been switched to Business Customer",
			"switched to Personal": "The customer has been switched to Personal Customer",
			"PersonalUserLink": "Non-Webster Transfer"
		},
		"BusinessToPersonalSwitch": {
			"switched to Business": "The customer has been switched to Business Customer",
			"switched to Personal": "The customer has been switched to Personal Customer",
			"BusinessUserLink": "Make a Deposit"
		},
		"BToPSwitchDestPages": {
			"Links": "Transaction History,Webster Transfer,Pay Bills,Payment Center",
			"switched to Business": "The customer has been switched to Business Customer",
			"switched to Personal": "The customer has been switched to Personal Customer"
		}
	}
}

