{
	"testDataList": {
		"Important Notification": {
			"Link1": "View your transaction history",
			"Link2": "View your account balances"
		},
		"Links1": {
			"Link1": "Add a Webster Bank account to your profile",
			"Link2": "View your account balances"
		},
		"Links2": {
			"Link1": "Add a Webster Bank account to your profile",
			"Link2": "View your account balances",
			"Link3": "Open a new account"
		},
		"Links3": {
			"Link1": "Add a Webster Bank account to your profile",
			"Link2": "View your account balances",
			"Link3": "Open a new CD account"
		},
		"Links4": {
			"Link1": "View your account services history",
			"Link2": "View your transaction history",
			"Link3": "View your account balances"
		},
		"Links5": {
			"Link1": "View your related services history",
			"Link2": "View your transaction history",
			"Link3": "View your account balances"
		},
		"Incorrect Year": {
			"Check": "Random",
			"Amount": "20",
			"Date Check Cleared": "11/11/2o19"
		},
		"Incorrect Month": {
			"Check": "Random",
			"Amount": "20",
			"Date Check Cleared": "11/99/2019"
		},
		"Incorrect Day": {
			"Check": "Random",
			"Amount": "20",
			"Date Check Cleared": "45/12/2019"
		},
		"Empty Check#": {
			"Check": "",
			"Amount": "20",
			"Date Check Cleared": "Random"
		},
		"Valid Data": {
			"Check": "Random",
			"Amount": "20",
			"Date Check Cleared": "05/12/2019"
		},
		"Labels": {
			"Label1": "View your account services history",
			"Label2": "View your transaction history",
			"Label3": "View your account balances"
		},
		"GenericData": {
			"Request Check Copy": "Check number is required;Amount is required;Date is required",
			"Check Copy#": "1528",
			"Webster Account": "0768",
			"Year": "2018",
			"Re Order Check": "Please select a Webster account.",
			"Request Duplicate Tax Forms": "Please select an account for the form you are requesting;Please select a year for the form you are requesting;Please select a Deduct Fee From Account",
			"Format Error": "Date Check Cleared format was incorrect",
			"Empty Check#": "Check number is required",
			"3 Error Duplicate Tax Forms": "Please select an account for the form you are requesting;Please select a year for the form you are requesting;Please select a Deduct Fee From Account",
			"2 Error Duplicate Tax Forms": "Please select a year for the form you are requesting;Please select a Deduct Fee From Account",
			"1 Error Duplicate Tax Forms": "Please select a Deduct Fee From Account",
			"Check Copy": "Check;Amount;Date Check Cleared",
			"accountNumber": "0768",
			"Tax Year": "2018"
		},
		"Messages": {
			"Important Notification": "You will remain logged on to WebsterOnline Services until your session is timed out (after 20 minutes of inactivity). Click Continue to access the Harland Clarke Web site or click Cancel to remain at WebsterOnline",
			"Active Account": "Click on the Date to view additional Account Services detail.",
			"New Account": "We could not process your request because there is no Account Services History.",
			"No Accounts": "We could not process your request because there is no checking account in your Online Profile.",
			"Information": "Please contact us at 1-800-325-2424, 24 hours a day, 7 days a week for additional information.",
			"Error OD": "The account selected is already receiving Overdraft Protection. Please select another account to receive Overdraft Protection.",
			"Request a Check Copy": "Please note that your account will be charged a $5.00 fee.",
			"Check Copy Mail": "Your check copy will be mailed to the address on file for your account. Please allow up to 5 business days to receive your check copy.",
			"Check Copy Confirmation": "Your check copy request has been received",
			"No IM account": "We could not process your request because there is no checking account in your Online Profile.",
			"Contact Us": "Please contact us at 1-800-325-2424, 24 hours a day, 7 days a week for additional information.",
			"SetUp Savings OD": "Please provide the following information to set up Overdraft Protection transfer from your savings account to your checking account.",
			"No Saving account": "We could not process your request because there are no eligible accounts for this service in your Online Profile.",
			"No CD account": "We could not process your request because there are no CD accounts within the grace period and eligible for renewal in your Online Profile.",
			"Re Order Checks Note": "In order to reorder your checks online, you must have ordered checks from Webster Bank in the past 36 months",
			"Correction Tax Forms": "To request a correction to your tax forms, please contact us at 800.995.9995, 24 hours a day, 7 days a week",
			"Mail Information": "Your tax form will be mailed to the address on file for your account. Please allow up to 5 days for mailing.",
			"Duplicate Tax": "Your request for a duplicate tax form has been received.",
			"Stop Payment": "We could not process your request because there is no checking account in your Online Profile.",
			"Reorder checks": "Note: Check reorders placed after December, 2008 can be viewed on the Harland Clarke site.",
			"Account Services History": "Date;Account Services Type;Status",
			"Account Services History Detail": "Type;Account;Check Number;Confirmation #;Confirmation Date",
			"Manage Webster Account Confirmation": "Account;Overdraft Services;Confirmation Number;Confirmation Date",
			"Request Check Copy": "Webster Account *;Check # *;Amount *;Date Check Cleared *",
			"CheckCopy Confirmation": "Webster Account;Check #;Amount;Date Check Cleared;Check Copy Fee;Confirmation #;Confirmation Date",
			"SetUpSavings OD": "Checking Account Receiving Overdraft Protection *;Savings Account Providing Overdraft Protection *",
			"ReOrder Checks": "Webster Account *",
			"Request Duplicate Tax Forms": "Webster Account;Tax Year;Account to Charge*",
			"No Account Request Duplicate Tax Forms": "We could not process your request because there are no accounts eligible to receive a 1098/1099-INT in your Online Profile",
			"Request Duplicate Tax Forms Confirmation": "Webster Account;Type of Form;Tax Year;Non-refundable Fee;Request Duplicate Tax Forms Confirmation;Confirmation Date",
			"Update Business Information Confirmation": "Update your User Name and/or Password;Update your Email Address;View your account balances",
			"AccountServices History": "Add a Webster Bank account to your profile;View your account balances",
			"AccountServices History Detail": "View your account services history;View your transaction history;View your account balances",
			"OD Fees": "What You Need to Know about Overdrafts and Overdraft Fees",
			"Revoke": "What you may not know about Debit Card Overdraft Services",
			"Disclosure": "DEPOSIT ACCOUNT DISCLOSURES FOR",
			"Information Tax Forms": "Please provide the following information, then click Request Forms to proceed.",
			"Correction TaxForms": "To request a correction to your tax forms, please contact us at 800.995.9995, 24 hours a day, 7 days a week",
			"Fee Duplicate Taxform": "*A fee of $5.00 for each duplicate tax form will be deducted from the account you selected.",
			"AccountServices History Detail_B": "Return to your account services history;View your transaction history;View your account balances"
		}
	}
}			
