{
	"testDataList": {
		"AddNonWebsterAccount": {
			"LABACUR": "011200608",
			"LACH": "011000536",
			"LABAOLD": "211371269",
			"LABAOLD2": "211371269",
			"LABAOLD3": "021086414",
			"LACHOLD": "011000390",
			"LACHOLD2": "011000390",
			"First Column": "Routing & Transit #",
			"Second Column": "Account #",
			"Third Column": "Account Nickname",
			"Fourth Column": "Account Type",
			"External Transfers": "First, you must add the non-Webster accounts you would like to transfer between, to your online profile.",
			"Limit": "With external transfers, you can transfer up to $10,000 per day",
			"Non-Webster Accounts Data": "With external transfers, you can initiate transfers from or to your eligible Webster checking, savings and certain types of loan accounts",
			"FAQs": "The number of transfers allowed per statement cycle for savings and money market account",
			"External Transfers Link": "How do external transfers work?",
			"External Transfers Heading": "How do external transfers work?",
			"Transfer Limit Link": "How much can I transfer to or from a non-Webster account?",
			"Transfer Limit Heading": "How much can I transfer to or from a Non-Webster account?",
			"Transfer Account Type Link": "What non-Webster accounts can I transfer from or to?",
			"Transfer Account Type Heading": "What Non-Webster accounts can I transfer from or to?",
			"FAQs Link": "Read more FAQs",
			"FAQs Heading": "Online Banking Transfers - FAQs",
			"InProcessAccount": "Your non-Webster transfer account is In-Process. Within 1-2 business days we will make 2 deposits into your non-Webster account. You will receive a notification from Webster when your account is ready for validation.View details.",
			"InProcessAccountTransferPage": "You have a non-Webster transfer account that is \"In Process\" . Within 1-2 business days we will make two deposits into your non-Webster account. We will also update your account status to \"Pending Activation\".View details",
			"Small Talk Message": "Your non-Webster transfer account is In-Process. Within 1-2 business days we will make two deposits into your non-Webster account. We will also update your account status to Pending Activation. View details.",
			"FAQS Content": "The number of transfers allowed per statement cycle for savings and money market accounts is limited. For more details, please refer to your Deposit Account Disclosure for Consumer Accounts."
		},
		"UnCheckedDisclosure": {
			"RoutingNumber": "021101108",
			"AccountNumber": "235689412",
			"AccountType": "Savings",
			"CheckDisclosure": "No",
			"UnChecked Disclosure": "You must accept the disclosure:"
		},
		"InvalidAccountNumber": {
			"RoutingNumber": "021101108",
			"AccountNumber": "235689412a",
			"AccountType": "Savings",
			"CheckDisclosure": "Yes",
			"Invalid AccountNumber": "Please enter an account number."
		},
		"InvalidRoutingNumber": {
			"RoutingNumber": "021101",
			"AccountNumber": "235689412",
			"AccountType": "Savings",
			"CheckDisclosure": "Yes",
			"Invalid RoutingNumber": "Please enter a valid routing & transit number."
		},
		"UnSelectAccountType": {
			"RoutingNumber": "011200608",
			"AccountNumber": "235689412",
			"AccountType": "Select",
			"CheckDisclosure": "Yes",
			"UnSelect AccountType": "Please select an account type."
		},
		"ExistingAccount": {
			"RoutingNumber": "011200608",
			"AccountNumber": "97813915",
			"AccountType": "savings",
			"CheckDisclosure": "Yes",
			"AccountExistingMessage": "This Non-Webster account has already been added to your online profile and is eligible for online transfers.",
			"ExistingAccountTransferDeletion": "Failed - Pending transfers exist."
		}
	}
}
