{
	"testDataList": {
		"PositiveSavingsFlow": {
			"SavingsAccWithNoYes": {
				"Social Security Number": "ReplaceMe",
				"Best Phone Number": "ReplaceMe",
				"Name": "ReplaceMe",
				"Driver's License Number": "ReplaceMe",
				"ProductType": "Savings",
				"AccountType": "Premium Money Market Savings",
				"Account Requested": "Premium Money Market Savings",
				"Email": "skarri@websterbank.com",
				"Address1": "35 ginger street",
				"Address2": "eq=p,qf=p",
				"City": "hartford",
				"Zipcode": "06118",
				"Date of Birth": "02/05/1990",
				"Country of Citizenship Full Name": "United States of America",
				"Country of Citizenship": "US",
				"Driver's License State": "Connecticut",
				"State": "CT",
				"State Full Name": "Connecticut",
				"Driver's License Issue Date": "02/05/2015",
				"Driver's License Expiration Date": "02/05/2025",
				"Affiliations Question 1": "No",
				"Affiliations Question 2": "Yes",
				"Employment Status": "Employed",
				"Employer Name": "TCS",
				"Job Title": "Systems Engineer",
				"International Wire Transfers": "No",
				"Average Monthly Cash Deposit Amount": "Less than $5,000",
				"Average Monthly Cash Withdrawal Amount": "Less than $5,000",
				"Sign up for Debit Card Overdraft Services": "Yes",
				"Sign up for eDelivery": "No",
				"Emulation Question1": "11",
				"Emulation Question2": "22",
				"Confirmation Message": "Congratulations! You have successfully opened your new ReplaceMe account.",
				"CashIn Question": "Federal Law requires financial institutions to obtain this information any time a customer opens a new account.",
				"CashOut Question": "Federal Law requires financial institutions to obtain this information any time a customer opens a new account.",
				"License Number": "This information will be used to validate your identity, which is required by federal law.",
				"Routing Number": "211170101",
				"Disclosure Content": "What You Need to Know about Overdrafts and Overdraft Fees,What are the standard overdraft practices that come with my account?,What are the standard overdraft practices that come with my account?",
				"Statement eDelivery": "By enrolling in eDelivery of your account statement, you are turning off paper statement delivery and will receive an email notification once your statement is available online. You can resume paper statement delivery at any time by updating your eDelivery Preferences.",
				"Edit Buttons": "Bottom Edit Personal Information,Top Edit Personal Information,Bottom Edit Account Information,Top Edit Account Information"
			},
			"SavingsAccWithYesYes": {
				"Social Security Number": "ReplaceMe",
				"Best Phone Number": "ReplaceMe",
				"Name": "ReplaceMe",
				"Driver's License Number": "ReplaceMe",
				"ProductType": "Savings",
				"AccountType": "Premium Money Market Savings",
				"Account Requested": "Premium Money Market Savings",
				"Email": "skarri@websterbank.com",
				"Address1": "35 ginger street",
				"Address2": "eq=p,qf=p",
				"City": "hartford",
				"Zipcode": "06118",
				"Date of Birth": "02/05/1990",
				"Country of Citizenship Full Name": "United States of America",
				"Country of Citizenship": "US",
				"Driver's License State": "Connecticut",
				"State": "CT",
				"State Full Name": "Connecticut",
				"Driver's License Issue Date": "02/05/2015",
				"Driver's License Expiration Date": "02/05/2025",
				"Affiliations Question 1": "Yes",
				"Affiliations Question 2": "Yes",
				"Employment Status": "Employed",
				"Employer Name": "TCS",
				"Job Title": "Systems Engineer",
				"International Wire Transfers": "No",
				"Average Monthly Cash Deposit Amount": "Less than $5,000",
				"Average Monthly Cash Withdrawal Amount": "Less than $5,000",
				"Sign up for Debit Card Overdraft Services": "Yes",
				"Sign up for eDelivery": "No",
				"Emulation Question1": "11",
				"Emulation Question2": "22",
				"Confirmation Message": "Congratulations! You have successfully opened your new ReplaceMe account.",
				"CashIn Question": "Federal Law requires financial institutions to obtain this information any time a customer opens a new account.",
				"CashOut Question": "Federal Law requires financial institutions to obtain this information any time a customer opens a new account.",
				"License Number": "This information will be used to validate your identity, which is required by federal law.",
				"Routing Number": "211170101"
			},
			"SavingsAccWithNoNo": {
				"Social Security Number": "ReplaceMe",
				"Best Phone Number": "ReplaceMe",
				"Name": "ReplaceMe",
				"Driver's License Number": "ReplaceMe",
				"ProductType": "Savings",
				"AccountType": "Premium Money Market Savings",
				"Account Requested": "Premium Money Market Savings",
				"Email": "skarri@websterbank.com",
				"Address1": "35 ginger street",
				"Address2": "eq=p,qf=p",
				"City": "hartford",
				"Zipcode": "06118",
				"Date of Birth": "02/05/1990",
				"Country of Citizenship Full Name": "United States of America",
				"Country of Citizenship": "US",
				"Driver's License State": "Connecticut",
				"State": "CT",
				"State Full Name": "Connecticut",
				"Driver's License Issue Date": "02/05/2015",
				"Driver's License Expiration Date": "02/05/2025",
				"Affiliations Question 1": "No",
				"Affiliations Question 2": "No",
				"Employment Status": "Employed",
				"Employer Name": "TCS",
				"Job Title": "Systems Engineer",
				"International Wire Transfers": "No",
				"Average Monthly Cash Deposit Amount": "Less than $5,000",
				"Average Monthly Cash Withdrawal Amount": "Less than $5,000",
				"Sign up for Debit Card Overdraft Services": "Yes",
				"Sign up for eDelivery": "No",
				"Emulation Question1": "11",
				"Emulation Question2": "22",
				"Confirmation Message": "Congratulations! You have successfully opened your new ReplaceMe account.",
				"CashIn Question": "Federal Law requires financial institutions to obtain this information any time a customer opens a new account.",
				"CashOut Question": "Federal Law requires financial institutions to obtain this information any time a customer opens a new account.",
				"License Number": "This information will be used to validate your identity, which is required by federal law.",
				"Routing Number": "211170101"
			},
			"SavingsAccWithYesNo": {
				"Social Security Number": "ReplaceMe",
				"Best Phone Number": "ReplaceMe",
				"Name": "ReplaceMe",
				"Driver's License Number": "ReplaceMe",
				"ProductType": "Savings",
				"AccountType": "Premium Money Market Savings",
				"Account Requested": "Premium Money Market Savings",
				"Email": "skarri@websterbank.com",
				"Address1": "35 ginger street",
				"Address2": "eq=p,qf=p",
				"City": "hartford",
				"Zipcode": "06118",
				"Date of Birth": "02/05/1990",
				"Country of Citizenship Full Name": "United States of America",
				"Country of Citizenship": "US",
				"Driver's License State": "Connecticut",
				"State": "CT",
				"State Full Name": "Connecticut",
				"Driver's License Issue Date": "02/05/2015",
				"Driver's License Expiration Date": "02/05/2025",
				"Affiliations Question 1": "Yes",
				"Affiliations Question 2": "No",
				"Employment Status": "Employed",
				"Employer Name": "TCS",
				"Job Title": "Systems Engineer",
				"International Wire Transfers": "No",
				"Average Monthly Cash Deposit Amount": "Less than $5,000",
				"Average Monthly Cash Withdrawal Amount": "Less than $5,000",
				"Sign up for Debit Card Overdraft Services": "Yes",
				"Sign up for eDelivery": "No",
				"Emulation Question1": "11",
				"Emulation Question2": "22",
				"Confirmation Message": "Congratulations! You have successfully opened your new ReplaceMe account.",
				"CashIn Question": "Federal Law requires financial institutions to obtain this information any time a customer opens a new account.",
				"CashOut Question": "Federal Law requires financial institutions to obtain this information any time a customer opens a new account.",
				"License Number": "This information will be used to validate your identity, which is required by federal law.",
				"Routing Number": "211170101"
			}
		},
		"PEPErrorMessage": {
			"Social Security Number": "ReplaceMe",
			"Best Phone Number": "ReplaceMe",
			"Name": "ReplaceMe",
			"Driver's License Number": "ReplaceMe",
			"ProductType": "Savings",
			"State Full Name": "Connecticut",
			"AccountType": "Webster Value Savings",
			"Email": "skarri@websterbank.com",
			"Address1": "35 ginger street",
			"Address2": "eq=p,qf=p",
			"City": "hartford",
			"Zipcode": "06118",
			"Date of Birth": "02/05/1990",
			"State": "Connecticut",
			"Country of Citizenship Full Name": "United States of America",
			"Country of Citizenship": "US",
			"PEP Error Message": "An answer is required."
		},
		"CashErrorMessage": {
			"Social Security Number": "ReplaceMe",
			"Best Phone Number": "ReplaceMe",
			"Name": "ReplaceMe",
			"Driver's License Number": "ReplaceMe",
			"ProductType": "Savings",
			"AccountType": "Webster Value Savings",
			"Email": "skarri@websterbank.com",
			"Address1": "35 ginger street",
			"Address2": "eq=p,qf=p",
			"City": "hartford",
			"Zipcode": "06118",
			"Date of Birth": "02/05/1990",
			"Country of Citizenship Full Name": "United States of America",
			"Country of Citizenship": "US",
			"Driver's License State": "Connecticut",
			"State": "Connecticut",
			"State Full Name": "Connecticut",
			"Driver's License Issue Date": "02/05/2015",
			"Driver's License Expiration Date": "02/05/2025",
			"Affiliations Question 1": "Yes",
			"Affiliations Question 2": "No",
			"Employment Status": "Employed",
			"Employer Name": "TCS",
			"Job Title": "Systems Engineer",
			"International Wire Transfers": "No",
			"Cash Error Message": "An answer is required."
		},
		"ExistingCustomerNewCDD": {
			"Social Security Number": "ReplaceMe",
			"Best Phone Number": "ReplaceMe",
			"Name": "ReplaceMe",
			"Driver's License Number": "ReplaceMe",
			"ProductType": "Savings",
			"AccountType": "Webster Value Savings",
			"Account Requested": "Webster Value Savings",
			"Email": "skarri@websterbank.com",
			"Address1": "35 ginger street",
			"Address2": "eq=p,qf=p",
			"City": "hartford",
			"Zipcode": "06118",
			"Date of Birth": "02/05/1990",
			"Country of Citizenship Full Name": "United States of America",
			"Country of Citizenship": "US",
			"Driver's License State": "Connecticut",
			"State": "CT",
			"State Full Name": "Connecticut",
			"Driver's License Issue Date": "02/05/2015",
			"Driver's License Expiration Date": "02/05/2025",
			"Affiliations Question 1": "No",
			"Affiliations Question 2": "Yes",
			"Employment Status": "Employed",
			"Employer Name": "TCS",
			"Job Title": "Systems Engineer",
			"International Wire Transfers": "Yes",
			"Average Monthly Wire Amount": "$5,001 to $10,000",
			"Send Domestic Wires": "Y",
			"Make Investments": "Y",
			"Direct Deposits and Other": "N",
			"Purchase Monetary Instruments": "Y",
			"None of the Above": "N",
			"Average Monthly Cash Deposit Amount": "Less than $5,000",
			"Average Monthly Cash Withdrawal Amount": "Less than $5,000",
			"Sign up for Debit Card Overdraft Services": "Yes",
			"Sign up for eDelivery": "No",
			"Emulation Question1": "11",
			"Emulation Question2": "22",
			"Confirmation Message": "Congratulations! You have successfully opened your new ReplaceMe account.",
			"CashIn Question": "Federal Law requires financial institutions to obtain this information any time a customer opens a new account.",
			"CashOut Question": "Federal Law requires financial institutions to obtain this information any time a customer opens a new account.",
			"License Number": "This information will be used to validate your identity, which is required by federal law.",
			"List of Bullet Points": "Employment Information,Driver's License Number,Social Security Number",
			"Negative Confirmation Text": "We were unable to open your account online.\nYou can also open an account by visiting your local banking center. Or, contact us at 800-325-2424, 24 hours a day, 7days a week."
		},
		"SSNDOBExist": {
			"Social Security Number": "559108275",
			"Best Phone Number": "ReplaceMe",
			"Name": "ReplaceMe",
			"Driver's License Number": "895623145",
			"ProductType": "Savings",
			"AccountType": "WebsterOne® Savings",
			"Account Requested": "WebsterOne Savings",
			"Email": "skarri@websterbank.com",
			"Address1": "35 ginger street",
			"Address2": "eq=p,qf=p",
			"City": "hartford",
			"Zipcode": "06118",
			"Date of Birth": "05/15/1959",
			"Country of Citizenship Full Name": "United States of America",
			"Country of Citizenship": "US",
			"Driver's License State": "Connecticut",
			"State": "CT",
			"State Full Name": "Connecticut",
			"Driver's License Issue Date": "02/05/2015",
			"Driver's License Expiration Date": "02/05/2025",
			"Affiliations Question 1": "No",
			"Affiliations Question 2": "Yes",
			"Employment Status": "Other",
			"International Wire Transfers": "No",
			"Average Monthly Cash Deposit Amount": "Less than $5,000",
			"Average Monthly Cash Withdrawal Amount": "Less than $5,000",
			"Sign up for Debit Card Overdraft Services": "Yes",
			"Sign up for eDelivery": "No",
			"Emulation Question1": "11",
			"Emulation Question2": "22",
			"Confirmation Message": "Congratulations! You have successfully opened your new ReplaceMe account.",
			"CashIn Question": "Federal Law requires financial institutions to obtain this information any time a customer opens a new account.",
			"CashOut Question": "Federal Law requires financial institutions to obtain this information any time a customer opens a new account.",
			"License Number": "This information will be used to validate your identity, which is required by federal law.",
			"List of Bullet Points": "Employment Information,Driver's License Number,Social Security Number",
			"Already Enrolled Text": "It looks like you are already enrolled in Online Banking. Please Sign In to make the new account application process faster. We will bring you right back here with your application pre-filled.",
			"Routing Number": "211170101",
			"Confirmation Header1": "Not ready to try Mobile Deposit?;Choose one of our other funding options that works best for you.",
			"Confirmation Header2": "External Transfer;Transfer funds from another financial institution. Learn more",
			"Confirmation Header3": "Internal Transfer;Move money from an existing Webster account. Learn more",
			"Confirmation Header4": "Mail a Check;Send a check with the last four digits of your account number to:;PO Box 10305, Waterbury, CT, 06726",
			"Confirmation Header5": "Visit a Banking Center;Visit one of our many Banking Centers or ATM locations to deposit funds. Learn more"
		},
		"NonUSNonResAlien": {
			"Social Security Number": "ReplaceMe",
			"Best Phone Number": "ReplaceMe",
			"Name": "ReplaceMe",
			"Driver's License Number": "ReplaceMe",
			"ProductType": "Savings",
			"AccountType": "Webster Value Savings",
			"Account Requested": "Webster Value Savings",
			"Email": "skarri@websterbank.com",
			"Address1": "35 ginger street",
			"Address2": "eq=p,qf=p",
			"City": "hartford",
			"Zipcode": "06118",
			"Date of Birth": "02/05/1990",
			"Country of Citizenship Full Name": "India",
			"Resident Status": "Non Resident Alien",
			"Country of Citizenship": "US",
			"Driver's License State": "Connecticut",
			"State": "CT",
			"State Full Name": "Connecticut",
			"Driver's License Issue Date": "02/05/2015",
			"Driver's License Expiration Date": "02/05/2025",
			"Affiliations Question 1": "No",
			"Affiliations Question 2": "Yes",
			"Employment Status": "Employed",
			"Employer Name": "TCS",
			"Job Title": "Systems Engineer",
			"International Wire Transfers": "No",
			"Average Monthly Cash Deposit Amount": "Less than $5,000",
			"Average Monthly Cash Withdrawal Amount": "Less than $5,000",
			"Sign up for Debit Card Overdraft Services": "Yes",
			"Sign up for eDelivery": "No",
			"Emulation Question1": "11",
			"Emulation Question2": "22",
			"Confirmation Message": "Congratulations! You have successfully opened your new ReplaceMe account.",
			"CashIn Question": "Federal Law requires financial institutions to obtain this information any time a customer opens a new account.",
			"CashOut Question": "Federal Law requires financial institutions to obtain this information any time a customer opens a new account.",
			"License Number": "This information will be used to validate your identity, which is required by federal law.",
			"Negative Confirmation Text": "We were unable to open your account online.\nYou can also open an account by visiting your local banking center. Or, contact us at 800-325-2424, 24 hours a day, 7days a week."
		},
		"NonUSResAlien": {
			"Social Security Number": "ReplaceMe",
			"Best Phone Number": "ReplaceMe",
			"Name": "ReplaceMe",
			"Driver's License Number": "ReplaceMe",
			"ProductType": "Savings",
			"AccountType": "WebsterOne® Savings",
			"Account Requested": "WebsterOne Savings",
			"Email": "skarri@websterbank.com",
			"Address1": "35 ginger street",
			"Address2": "eq=p,qf=p",
			"City": "hartford",
			"Zipcode": "06118",
			"Date of Birth": "02/05/1990",
			"Country of Citizenship Full Name": "India",
			"Resident Status": "Resident Alien",
			"Country of Citizenship": "US",
			"Driver's License State": "Connecticut",
			"State": "CT",
			"State Full Name": "Connecticut",
			"Driver's License Issue Date": "02/05/2015",
			"Driver's License Expiration Date": "02/05/2025",
			"Affiliations Question 1": "No",
			"Affiliations Question 2": "Yes",
			"Employment Status": "Employed",
			"Employer Name": "TCS",
			"Job Title": "Systems Engineer",
			"International Wire Transfers": "No",
			"Average Monthly Cash Deposit Amount": "Less than $5,000",
			"Average Monthly Cash Withdrawal Amount": "Less than $5,000",
			"Sign up for Debit Card Overdraft Services": "Yes",
			"Sign up for eDelivery": "No",
			"Emulation Question1": "11",
			"Emulation Question2": "22",
			"Confirmation Message": "Congratulations! You have successfully opened your new ReplaceMe account.",
			"CashIn Question": "Federal Law requires financial institutions to obtain this information any time a customer opens a new account.",
			"CashOut Question": "Federal Law requires financial institutions to obtain this information any time a customer opens a new account.",
			"License Number": "This information will be used to validate your identity, which is required by federal law.",
			"Routing Number": "211170101"
		},
		"ExistingUserAccOpening": {
			"Social Security Number": "ReplaceMe",
			"Best Phone Number": "ReplaceMe",
			"Name": "ReplaceMe",
			"Driver's License Number": "ReplaceMe",
			"ProductType": "Savings",
			"AccountType": "WebsterOne® Savings",
			"Account Requested": "WebsterOne Savings",
			"Email": "skarri@websterbank.com",
			"Address1": "35 ginger street",
			"Address2": "eq=p,qf=p",
			"City": "hartford",
			"Zipcode": "06118",
			"Date of Birth": "02/05/1990",
			"Country of Citizenship Full Name": "United States of America",
			"Country of Citizenship": "US",
			"Driver's License State": "Connecticut",
			"State": "CT",
			"State Full Name": "Connecticut",
			"Driver's License Issue Date": "02/05/2015",
			"Driver's License Expiration Date": "02/05/2025",
			"Affiliations Question 1": "No",
			"Affiliations Question 2": "Yes",
			"Employment Status": "Employed",
			"Employer Name": "TCS",
			"Job Title": "Systems Engineer",
			"International Wire Transfers": "No",
			"Average Monthly Cash Deposit Amount": "Less than $5,000",
			"Average Monthly Cash Withdrawal Amount": "Less than $5,000",
			"Sign up for Debit Card Overdraft Services": "Yes",
			"Sign up for eDelivery": "No",
			"Emulation Question1": "11",
			"Emulation Question2": "22",
			"Confirmation Message": "Congratulations! You have successfully opened your new ReplaceMe account.",
			"CashIn Question": "Federal Law requires financial institutions to obtain this information any time a customer opens a new account.",
			"CashOut Question": "Federal Law requires financial institutions to obtain this information any time a customer opens a new account.",
			"License Number": "This information will be used to validate your identity, which is required by federal law.",
			"Routing Number": "211170101"
		},
		"VerifyEditFunctionality": {
			"Social Security Number": "ReplaceMe",
			"Best Phone Number": "ReplaceMe",
			"Name": "ReplaceMe",
			"Driver's License Number": "ReplaceMe",
			"ProductType": "Savings",
			"AccountType": "Premium Money Market Savings",
			"Account Requested": "Premium Money Market Savings",
			"Email": "skarri@websterbank.com",
			"Address1": "35 ginger street",
			"Address2": "eq=p,qf=p",
			"City": "hartford",
			"Zipcode": "06118",
			"Date of Birth": "02/05/1990",
			"Country of Citizenship Full Name": "United States of America",
			"Country of Citizenship": "US",
			"Driver's License State": "Connecticut",
			"State": "CT",
			"State Full Name": "Connecticut",
			"Driver's License Issue Date": "02/05/2015",
			"Driver's License Expiration Date": "02/05/2025",
			"Affiliations Question 1": "No",
			"Affiliations Question 2": "Yes",
			"Employment Status": "Employed",
			"Employer Name": "TCS",
			"Job Title": "Systems Engineer",
			"International Wire Transfers": "No",
			"Average Monthly Cash Deposit Amount": "Less than $5,000",
			"Average Monthly Cash Withdrawal Amount": "Less than $5,000",
			"Sign up for Debit Card Overdraft Services": "Yes",
			"Sign up for eDelivery": "No",
			"Emulation Question1": "11",
			"Emulation Question2": "22",
			"Confirmation Message": "Congratulations! You have successfully opened your new ReplaceMe account.",
			"CashIn Question": "Federal Law requires financial institutions to obtain this information any time a customer opens a new account.",
			"CashOut Question": "Federal Law requires financial institutions to obtain this information any time a customer opens a new account.",
			"License Number": "This information will be used to validate your identity, which is required by federal law.",
			"Routing Number": "211170101",
			"Disclosure Content": "What You Need to Know about Overdrafts and Overdraft Fees,What are the standard overdraft practices that come with my account?,What are the standard overdraft practices that come with my account?",
			"Statement eDelivery": "By enrolling in eDelivery of your account statement, you are turning off paper statement delivery and will receive an email notification once your statement is available online. You can resume paper statement delivery at any time by updating your eDelivery Preferences.",
			"Edit Buttons": "Bottom Edit Personal Information,Top Edit Personal Information,Bottom Edit Account Information,Top Edit Account Information"
		},
		"DiffEmulatorQuestion": {
			"Social Security Number": "ReplaceMe",
			"Best Phone Number": "ReplaceMe",
			"Name": "ReplaceMe",
			"Driver's License Number": "ReplaceMe",
			"ProductType": "Savings",
			"AccountType": "Premium Money Market Savings",
			"Account Requested": "Premium Money Market Savings",
			"Email": "skarri@websterbank.com",
			"Address1": "35 ginger street",
			"Address2": "eq=p,qf=p",
			"City": "hartford",
			"Zipcode": "06118",
			"Date of Birth": "02/05/1990",
			"Country of Citizenship Full Name": "United States of America",
			"Country of Citizenship": "US",
			"Driver's License State": "Connecticut",
			"State": "CT",
			"State Full Name": "Connecticut",
			"Driver's License Issue Date": "02/05/2015",
			"Driver's License Expiration Date": "02/05/2025",
			"Affiliations Question 1": "No",
			"Affiliations Question 2": "Yes",
			"Employment Status": "Employed",
			"Employer Name": "TCS",
			"Job Title": "Systems Engineer",
			"International Wire Transfers": "Yes",
			"Send Domestic Wires": "Y",
			"Make Investments": "Y",
			"Direct Deposits and Other": "N",
			"Purchase Monetary Instruments": "Y",
			"None of the Above": "N",
			"Average Monthly Wire Amount": "$5,001 to $10,000",
			"Average Monthly Cash Deposit Amount": "Less than $5,000",
			"Average Monthly Cash Withdrawal Amount": "Less than $5,000",
			"Sign up for Debit Card Overdraft Services": "Yes",
			"Sign up for eDelivery": "No",
			"Emulation Question1": "12",
			"Emulation Question2": "22",
			"Statement eDelivery": "By enrolling in eDelivery of your account statement, you are turning off paper statement delivery and will receive an email notification once your statement is available online. You can resume paper statement delivery at any time by updating your eDelivery Preferences.",
			"Disclosure Content": "What You Need to Know about Overdrafts and Overdraft Fees,What are the standard overdraft practices that come with my account?,What are the standard overdraft practices that come with my account?",
			"CashIn Question": "Federal Law requires financial institutions to obtain this information any time a customer opens a new account.",
			"CashOut Question": "Federal Law requires financial institutions to obtain this information any time a customer opens a new account.",
			"License Number": "This information will be used to validate your identity, which is required by federal law.",
			"List of Bullet Points": "Employment Information,Driver's License Number,Social Security Number",
			"Negative Confirmation Text": "We were unable to open your account online.\nYou can also open an account by visiting your local banking center. Or, contact us at 800-325-2424, 24 hours a day, 7days a week.",
			"Routing Number": "211170101"
		},
		"PremiereSavingcondition": {
			"ProductType": "Savings",
			"AccountType": "Premier Savings",
			"Premier Saving Error Message": "To continue, please log in and make sure you have a Premier Checking account."
		},
		"PremiereSavingPrecondition": {
			"ProductType": "Savings",
			"AccountType": "Premier Savings",
			"Premier Saving Error Message": "You must have a Premier Checking account in order to open a Premier Savings account."
		},
		"OpenPremierSavings": {
			"Social Security Number": "ReplaceMe",
			"Best Phone Number": "ReplaceMe",
			"Name": "ReplaceMe",
			"Driver's License Number": "ReplaceMe",
			"ProductType": "Savings",
			"AccountType": "Premier Savings",
			"Account Requested": "Premier Savings",
			"Email": "skarri@websterbank.com",
			"Address1": "35 ginger street",
			"Address2": "eq=p,qf=p",
			"City": "hartford",
			"Zipcode": "06118",
			"Date of Birth": "02/05/1990",
			"Country of Citizenship Full Name": "United States of America",
			"Country of Citizenship": "US",
			"Driver's License State": "Connecticut",
			"State": "CT",
			"State Full Name": "Connecticut",
			"Driver's License Issue Date": "02/05/2015",
			"Driver's License Expiration Date": "02/05/2025",
			"Affiliations Question 1": "No",
			"Affiliations Question 2": "Yes",
			"Employment Status": "Employed",
			"Employer Name": "TCS",
			"Job Title": "Systems Engineer",
			"International Wire Transfers": "No",
			"Average Monthly Cash Deposit Amount": "Less than $5,000",
			"Average Monthly Cash Withdrawal Amount": "Less than $5,000",
			"Sign up for Debit Card Overdraft Services": "Yes",
			"Sign up for eDelivery": "No",
			"Emulation Question1": "11",
			"Emulation Question2": "22",
			"Confirmation Message": "Congratulations! You have successfully opened your new ReplaceMe account.",
			"CashIn Question": "Federal Law requires financial institutions to obtain this information any time a customer opens a new account.",
			"CashOut Question": "Federal Law requires financial institutions to obtain this information any time a customer opens a new account.",
			"License Number": "This information will be used to validate your identity, which is required by federal law.",
			"Routing Number": "211170101"
		},
		"RemovePromocode": {
			"Social Security Number": "ReplaceMe",
			"Best Phone Number": "ReplaceMe",
			"Name": "ReplaceMe",
			"Driver's License Number": "ReplaceMe",
			"ProductType": "Checking",
			"AccountType": "Premium Money Market Savings",
			"Account Requested": "Premium Money Market Savings",
			"Email": "skarri@websterbank.com",
			"Address1": "35 ginger street",
			"Address2": "eq=p,qf=p",
			"City": "hartford",
			"Zipcode": "06118",
			"Date of Birth": "02/05/1990",
			"Country of Citizenship Full Name": "United States of America",
			"Country of Citizenship": "US",
			"Driver's License State": "Connecticut",
			"State": "CT",
			"State Full Name": "Connecticut",
			"Driver's License Issue Date": "02/05/2015",
			"Driver's License Expiration Date": "02/05/2025",
			"Affiliations Question 1": "No",
			"Affiliations Question 2": "Yes",
			"Employment Status": "Employed",
			"Employer Name": "TCS",
			"Job Title": "Systems Engineer",
			"Send Free Webster Visa Debit Card": "Yes",
			"International Wire Transfers": "No",
			"Average Monthly Cash Deposit Amount": "Less than $5,000",
			"Average Monthly Cash Withdrawal Amount": "Less than $5,000",
			"Sign up for Debit Card Overdraft Services": "Yes",
			"Sign up for eDelivery": "No",
			"Emulation Question1": "11",
			"Emulation Question2": "22",
			"Confirmation Message": "Congratulations! You have successfully opened your new ReplaceMe account.",
			"Disclosure Content": "What You Need to Know about Overdrafts and Overdraft Fees,What are the standard overdraft practices that come with my account?,What are the standard overdraft practices that come with my account?",
			"Statement eDelivery": "By enrolling in eDelivery of your account statement, you are turning off paper statement delivery and will receive an email notification once your statement is available online. You can resume paper statement delivery at any time by updating your eDelivery Preferences.",
			"CashIn Question": "Federal Law requires financial institutions to obtain this information any time a customer opens a new account.",
			"CashOut Question": "Federal Law requires financial institutions to obtain this information any time a customer opens a new account.",
			"License Number": "This information will be used to validate your identity, which is required by federal law.",
			"Routing Number": "211170101",
			"OverDraft Heading": "Debit Card Overdraft Services?",
			"OverDraft Content": "Yes, I do want Webster Bank to authorize and pay overdrafts on my ATM and everyday debit card transactions.;No, I do not want Webster Bank to authorize and pay overdrafts on my ATM and everyday Debit card transactions.",
			"Promo code applied": "WEBSTERSAV5454"
		},
		"CheckPromocodes": {
			"AccountType": "Premium Money Market Savings",
			"Account Requested": "Premium Money Market Savings",
			"Promo code applied": "WEBSTERSAV5454",
			"Email": "skarri@websterbank.com",
			"Expired Promocode": "3029",
			"Invalid Promocode": "3009",
			"Expired Promocode Message": "We apologize but the promotion you requested has expired.",
			"Invalid Promocode Message": "We apologize, but the promotion code you entered is not valid. Please make sure you typed in the promotional code correctly."
		},
		"AllContentChecks": {
			"Social Security Number": "ReplaceMe",
			"Best Phone Number": "ReplaceMe",
			"Name": "ReplaceMe",
			"Driver's License Number": "ReplaceMe",
			"ProductType": "Savings",
			"AccountType": "Premium Money Market Savings",
			"Account Requested": "Premium Money Market Savings",
			"Email": "skarri@websterbank.com",
			"Address1": "35 ginger street",
			"Address2": "eq=p,qf=p",
			"City": "hartford",
			"Zipcode": "06118",
			"Date of Birth": "02/05/1990",
			"Country of Citizenship Full Name": "United States of America",
			"New Country of Citizenship": "India",
			"Country of Citizenship": "US",
			"Driver's License State": "Connecticut",
			"State": "CT",
			"Resident Status": "Resident Alien",
			"State Full Name": "Connecticut",
			"Driver's License Issue Date": "02/05/2015",
			"Driver's License Expiration Date": "02/05/2025",
			"Affiliations Question 1": "No",
			"Affiliations Question 2": "Yes",
			"Employment Status": "Employed",
			"Employer Name": "TCS",
			"Job Title": "Systems Engineer",
			"International Wire Transfers": "Yes",
			"New International Wire Transfers": "No",
			"Send Domestic Wires": "Y",
			"Make Investments": "Y",
			"Direct Deposits and Other": "N",
			"Purchase Monetary Instruments": "Y",
			"None of the Above": "N",
			"Average Monthly Wire Amount": "$5,001 to $10,000",
			"Average Monthly Cash Deposit Amount": "Less than $5,000",
			"Average Monthly Cash Withdrawal Amount": "Less than $5,000",
			"Sign up for Debit Card Overdraft Services": "Yes",
			"Sign up for eDelivery": "No",
			"Emulation Question1": "11",
			"Emulation Question2": "22",
			"Business Name": "Scorpion Services Ltd",
			"Business Established Date": "05/05/2015",
			"Primary Activity": "Intelligent services",
			"Employment Stauts Options": "Employed,Self-Employed,Retired,Student,Homemaker,Unemployed,Other",
			"Self-Employed": "Self-Employed",
			"Other": "Other",
			"Citizenship": "This information will be used to validate your identity, which is required by federal law.",
			"PEPQuestion1": "Federal Law requires financial institutions to obtain this information any time a customer opens a new account",
			"PEPQuestion2": "Federal Law requires financial institutions to obtain this information any time a customer opens a new account",
			"CashIn Question": "Federal Law requires financial institutions to obtain this information any time a customer opens a new account.",
			"CashOut Question": "Federal Law requires financial institutions to obtain this information any time a customer opens a new account.",
			"License Number": "This information will be used to validate your identity, which is required by federal law.",
			"Routing Number": "211170101",
			"Citizenship Label": "What is Your Country of Citizenship?",
			"PEP Question1 Label": "Have you or an immediate family member or close associate ever held a position as a senior foreign political figure or foreign government official? Why do we ask this?",
			"PEP Question2 Label": "Have you or an immediate family member or close associate ever held a position as a senior foreign official of a major political party or a senior executive of a foreign government-owned business including charitable organizations? Why do we ask this?",
			"Disclosure Lightbox Heading": "WEBSTER ONLINE SERVICE AGREEMENT,WEBSTERONLINE EDELIVERY AGREEMENT,PRIVACY AND OPT-OUT NOTICE,FEE SCHEDULE FOR CONSUMER ACCOUNTS,INTEREST RATE DISCLOSURE,DEPOSIT ACCOUNT DISCLOSURES FOR CONSUMER ACCOUNTS",
			"Disclosure Terms Labels": "Read the WebsterOnline Services Agreement,Read the eDelivery Agreement,Read the Privacy and Opt-Out Notice,Read the Fee Schedule for Consumer Accounts,Read the Interest Rate Disclosure,Read the Deposit Account Disclosure for Consumer Accounts",
			"Disclosure Terms LinkText": "I Agree to WebsterOnline Services Agreement,I Agree to Interest Rate Disclosure,I Agree to Deposit Account Disclosure for Consumer Accounts,I Agree to Fee Schedule for Consumer Accounts,I Agree to Privacy and Opt-Out Notice,I Agree to eDelivery Agreement",
			"Disclosures Error Message": "Before you continue to open your new account, you must read and agree to each individual disclosure.",
			"Disclosure Content": "What You Need to Know about Overdrafts and Overdraft Fees,What are the standard overdraft practices that come with my account?,What are the standard overdraft practices that come with my account?",
			"Statement eDelivery": "By enrolling in eDelivery of your account statement, you are turning off paper statement delivery and will receive an email notification once your statement is available online. You can resume paper statement delivery at any time by updating your eDelivery Preferences.",
			"OverDraft Heading": "Debit Card Overdraft Services?",
			"OverDraft Content": "Yes, I do want Webster Bank to authorize and pay overdrafts on my ATM and everyday debit card transactions.;No, I do not want Webster Bank to authorize and pay overdrafts on my ATM and everyday Debit card transactions.",
			"Conditional Headers": "Condition to Avoid Monthly Service Charge,Monthly Service Charge,Transaction Fee",
			"Rate Headers": "Rate Tiers,Interest Rate,Annual % Yield (APY)",
			"Confirmation Header1": "Not ready to try Mobile Deposit?;Choose one of our other funding options that works best for you.",
			"Confirmation Header2": "External Transfer;Transfer funds from another financial institution. Learn more",
			"Confirmation Header3": "Internal Transfer;Move money from an existing Webster account. Learn more",
			"Confirmation Header4": "Mail a Check;Send a check with the last four digits of your account number to:;PO Box 10305, Waterbury, CT, 06726",
			"Confirmation Header5": "Visit a Banking Center;Visit one of our many Banking Centers or ATM locations to deposit funds. Learn more"
		},
		"DrivingLicenseFormat": {
			"Social Security Number": "ReplaceMe",
			"Best Phone Number": "ReplaceMe",
			"Name": "ReplaceMe",
			"ProductType": "Savings",
			"AccountType": "Premium Money Market Savings",
			"Account Requested": "Premium Money Market Savings",
			"Email": "skarri@websterbank.com",
			"Address1": "35 ginger street",
			"Address2": "eq=p,qf=p",
			"City": "hartford",
			"Zipcode": "06118",
			"Date of Birth": "02/05/1990",
			"Country of Citizenship Full Name": "United States of America",
			"Country of Citizenship": "US",
			"Driver's License State": "Connecticut",
			"State": "CT",
			"RI": "Rhode Island",
			"MA": "Massachusetts",
			"DE": "Delaware",
			"VA": "Virginia",
			"GA": "Georgia",
			"CT": "Connecticut",
			"State Full Name": "Connecticut",
			"Driver's License Issue Date": "02/05/2015",
			"Driver's License Expiration Date": "02/05/2025",
			"Affiliations Question 1": "No",
			"Affiliations Question 2": "Yes",
			"Employment Status": "Other",
			"International Wire Transfers": "No",
			"Average Monthly Wire Amount": "$5,001 to $10,000",
			"Average Monthly Cash Deposit Amount": "Less than $5,000",
			"Average Monthly Cash Withdrawal Amount": "Less than $5,000",
			"Sign up for Debit Card Overdraft Services": "Yes",
			"Sign up for eDelivery": "No",
			"Emulation Question1": "11",
			"Emulation Question2": "22",
			"8Digits": "22556699",
			"9Digits": "225566998",
			"10Digits": "2255889944",
			"12Digits": "225588994402",
			"6Digits": "558896",
			"12Alphas": "qwerdftyghui",
			"7Digits": "8956621",
			"1Alpha6Digits": "R562388",
			"1Alpha8Digits": "M89563215",
			"Edit Buttons": "Bottom Edit Personal Information,Top Edit Personal Information,Bottom Edit Account Information,Top Edit Account Information",
			"Driving License Error Message": "The driver's license number you provided does not match the format we expected for the state.An invalid driver's license may prevent us from verifying your identity and completing your application.\nClick to continue with the application or edit the information."
		},
		"StartPageErrors": {
			"AccountType": "Premium Money Market Savings",
			"Account Requested": "Premium Money Market Savings",
			"Email": "skarri@websterbank.com",
			"Promo Label": "Promo Code (Optional)",
			"List of Bullet Points": "Employment Information,Driver's License Number,Social Security Number",
			"Start Page Error Message": "A valid email address is required. Example: myname@webster.com",
			"Start Page Content": "Opening an Account with Webster;To help the government fight the funding of terrorism and money laundering activities, Federal law requires all financial institutions to obtain, verify, and record information that identifies each customer that opens an account. When you open an account, we will ask you for your name, address, date of birth, taxpayer identification number, and other information to identify you. We may also ask to see your driver's license or other identifying documents.;Under penalty of perjury, I certify that:",
			"EmailWithout.com": "sdfs@ojo",
			"EmailWithout@": "inksetgmail.com",
			"Premier Saving Error Message": "To continue, please log in and make sure you have a Premier Checking account."
		},
		"SSNExist": {
			"Social Security Number": "317872240",
			"Best Phone Number": "ReplaceMe",
			"Name": "ReplaceMe",
			"Driver's License Number": "ReplaceMe",
			"ProductType": "Savings",
			"AccountType": "WebsterOne® Savings",
			"Account Requested": "WebsterOne Savings",
			"Email": "skarri@websterbank.com",
			"Address1": "35 ginger street",
			"Address2": "eq=p,qf=p",
			"City": "hartford",
			"Zipcode": "06118",
			"Date of Birth": "05/15/1959",
			"Country of Citizenship Full Name": "United States of America",
			"Country of Citizenship": "US",
			"Driver's License State": "Connecticut",
			"State": "CT",
			"State Full Name": "Connecticut",
			"Driver's License Issue Date": "02/05/2015",
			"Driver's License Expiration Date": "02/05/2025",
			"Affiliations Question 1": "No",
			"Affiliations Question 2": "Yes",
			"Employment Status": "Other",
			"International Wire Transfers": "No",
			"Average Monthly Cash Deposit Amount": "Less than $5,000",
			"Average Monthly Cash Withdrawal Amount": "Less than $5,000",
			"Sign up for Debit Card Overdraft Services": "Yes",
			"Sign up for eDelivery": "No",
			"Emulation Question1": "11",
			"Emulation Question2": "22",
			"Confirmation Message": "Congratulations! You have successfully opened your new ReplaceMe account.",
			"CashIn Question": "Federal Law requires financial institutions to obtain this information any time a customer opens a new account.",
			"CashOut Question": "Federal Law requires financial institutions to obtain this information any time a customer opens a new account.",
			"License Number": "This information will be used to validate your identity, which is required by federal law.",
			"List of Bullet Points": "Employment Information,Driver's License Number,Social Security Number",
			"Already Enrolled Text": "It looks like you are already enrolled in Online Banking. Please Sign In to make the new account application process faster. We will bring you right back here with your application pre-filled.",
			"Routing Number": "211170101",
			"SSNExist Message": "As an existing customer, please sign in to complete your application."
		}
	}
}

