{
	"testDataList": {
		"PaymentDetails": {
			"PayeeName": "Anne Hall",
			"Description": "This is invoice description",
			"Amount": "5",
			"Additional Description": "Additional Description"
		},
		"Messages": {
			"NoBusinessPayees": "This is a business account. You do not have any Business payees currently set up. To set up a Business payee, please Click Here.",
			"NoPersonalpayees": "This is a personal account. You do not have any Personal payees currently set up. To set up a Personal payee, please Click Here."
		},
		"BPUInvoiceValidPayment": {
			"PayeeName": "Advanta Cards",
			"Description": "ValidPayment",
			"Amount": "5",
			"Additional Description": "Additional Description"
		},
		"BPUInvoiceInvalidPayment": {
			"PayeeName": "Verizon",
			"Description": "InvalidPayment",
			"Amount": "90.99"
		}
	}
}


