{
	"testDataList": {
		"SetUpTaxPaymentsToVerifyFailedStatus": {
			"TestDataSet1": {
				"payeeName": "CT",
				"taxPeriodEndDate": "12/31/2019",
				"taxAmount": "1.01"
			},
			"TestDataSet2": {
				"payeeName": "MA",
				"taxPeriodEndDate": "12/31/2019",
				"taxPayerName": "Test Payer",
				"taxAmount": "2.02"
			},
			"TestDataSet3": {
				"payeeName": "RI",
				"taxPeriodEndDate": "12/31/2019",
				"taxAmount": "3.03"
			},
			"TestDataSet4": {
				"payeeName": "FED",
				"taxPeriodEndDate": "12/31/2019",
				"taxAmount": "4.04"
			},
			"TestDataSet5": {
				"payeeName": "CT",
				"taxPeriodEndDate": "12/31/2019",
				"taxAmount": "5.05"
			},
			"TestDataSet6": {
				"payeeName": "NY",
				"taxPeriodEndDate": "12/31/2019",
				"taxAmount": "6.06",
				"taxPayerName": "Test Payer",
				"accessCode": "458789"
			},
			"TestDataSet7": {
				"payeeName": "CT",
				"taxPeriodEndDate": "12/31/2019",
				"taxAmount": "7.07"
			},
			"TestDataSet8": {
				"payeeName": "MA",
				"taxPeriodEndDate": "12/31/2019",
				"taxPayerName": "Test Payer",
				"taxAmount": "8.08"
			},
			"TestDataSet9": {
				"payeeName": "FED",
				"taxPeriodEndDate": "12/31/2019",
				"taxAmount": "9.09"
			}
		},
		"SetUpTaxPaymentsToVerifyDeliveredStatus": {
			"TestDataSet1": {
				"payeeName": "CT",
				"taxPeriodEndDate": "12/31/2019",
				"taxAmount": "20.01"
			},
			"TestDataSet2": {
				"payeeName": "MA",
				"taxPeriodEndDate": "12/31/2019",
				"taxPayerName": "Test Payer",
				"taxAmount": "20.02"
			},
			"TestDataSet3": {
				"payeeName": "RI",
				"taxPeriodEndDate": "12/31/2019",
				"taxAmount": "20.03"
			},
			"TestDataSet4": {
				"payeeName": "FED",
				"taxPeriodEndDate": "12/31/2019",
				"taxAmount": "20.04"
			},
			"TestDataSet5": {
				"payeeName": "CT",
				"taxPeriodEndDate": "12/31/2019",
				"taxAmount": "20.05"
			},
			"TestDataSet6": {
				"payeeName": "NY",
				"taxPeriodEndDate": "12/31/2019",
				"taxAmount": "20.06",
				"taxPayerName": "Test Payer",
				"accessCode": "458789"
			}
			},
			"SetUpTaxPaymentsToVerifyReturnedStatus": {
			"TestDataSet1": {
				"payeeName": "CT",
				"taxPeriodEndDate": "12/31/2019",
				"taxAmount": "20.00"
			},
			"TestDataSet2": {
				"payeeName": "MA",
				"taxPeriodEndDate": "12/31/2019",
				"taxPayerName": "Test Payer",
				"taxAmount": "30.00"
			},
			"TestDataSet3": {
				"payeeName": "RI",
				"taxPeriodEndDate": "12/31/2019",
				"taxAmount": "40.00"
			},
			"TestDataSet4": {
				"payeeName": "FED",
				"taxPeriodEndDate": "12/31/2019",
				"taxAmount": "50.00"
			},
			"TestDataSet5": {
				"payeeName": "CT",
				"taxPeriodEndDate": "12/31/2019",
				"taxAmount": "60.00"
			},
			"TestDataSet6": {
				"payeeName": "NY",
				"taxPeriodEndDate": "12/31/2019",
				"taxAmount": "70.00",
				"taxPayerName": "Test Payer",
				"accessCode": "458789"
			}
	}}
}
			