{
	"testDataList": {
		"Set Up Tax Payments": {
			"PayeeCTData": {
				"payeeName": "CT",
				"taxPeriodEndDate": "12/31/2019",
				"taxAmount": "50"
			},
			"PayeeRIData": {
				"payeeName": "RI",
				"taxPeriodEndDate": "12/31/2019",
				"taxAmount": "50"
			},
			"PayeeFEDData": {
				"payeeName": "FED",
				"taxPeriodEndDate": "12/31/2019",
				"taxAmount": "50"
			},
			"PayeeMAData": {
				"payeeName": "MA",
				"taxPeriodEndDate": "12/31/2019",
				"taxPayerName": "Test Payer",
				"taxAmount": "50"
			},
			"PayeeNYData": {
				"payeeName": "NY",
				"taxPeriodEndDate": "12/31/2019",
				"taxAmount": "50",
				"taxPayerName": "Test Payer",
				"accessCode": "458789"
			}
		},
		"No Personal Tax Payees": {
			"accountNumber": "7851",
			"errorMessage": "This is a personal account. You do not have any Personal payees currently set up. To set up a Personal payee, please"
		},
		"No Business Tax Payees": {
			"accountNumber": "5420",
			"errorMessage": "This is a business account. You do not have any Business payees currently set up. To set up a Business payee, please"
		},
		"CalenderWidgetValidation": {
			"payeeName": "CT",
			"taxPeriodEndDate": "11/30/2015",
			"month": "November"
		},
		"CT Pmt for Past and Future": {
			"PastDate": {
				"payeeName": "CT",
				"taxPeriodEndDate": "06/30/2013",
				"taxAmount": "50"
			},
			"FutureDate": {
				"payeeName": "CT",
				"taxPeriodEndDate": "06/30/2025",
				"taxAmount": "50"
			}
		},
		"NY Pmt for Past and Future": {
			"PastDate": {
				"payeeName": "NY",
				"taxPeriodEndDate": "06/30/2013",
				"taxAmount": "50",
				"taxPayerName": "Test Payer",
				"accessCode": "458789"
			},
			"FutureDate": {
				"payeeName": "NY",
				"taxPeriodEndDate": "06/30/2025",
				"taxAmount": "50",
				"taxPayerName": "Test Payer",
				"accessCode": "458789"
			}
		},
		"CT Invalid Data for Tax End Date": {
			"Before 10 Years": {
				"payeeName": "CT",
				"deliveryDate": "D",
				"taxPeriodEndDate": "06/30/1269",
				"taxAmount": "10",
				"yearstoAddSub": "-10",
				"ErrorMessage": "The Tax Period End Date you entered is not valid. You can only make payments for Tax Periods after {Value to Replace}."
			},
			"After 10 Years": {
				"payeeName": "CT",
				"deliveryDate": "D",
				"taxPeriodEndDate": "01/01/2056",
				"taxAmount": "25",
				"yearstoAddSub": "10",
				"ErrorMessage": "The Tax Period End Date you entered is not valid. You can only make payments for Tax Periods before {Value to Replace}."
			}
		},
		"MA Invalid Data for Tax End Date": {
			"Before 10 Years": {
				"payeeName": "MA",
				"deliveryDate": "D",
				"taxPeriodEndDate": "06/30/1269",
				"taxPayerName": "Test Tax Payer",
				"taxAmount": "25",
				"yearstoAddSub": "-10",
				"ErrorMessage": "The Tax Period End Date you entered is not valid. You can only make payments for Tax Periods after {Value to Replace}."
			},
			"After 10 Years": {
				"payeeName": "MA",
				"deliveryDate": "D",
				"taxPeriodEndDate": "01/01/2056",
				"taxPayerName": "Test Tax Payer",
				"taxAmount": "25",
				"yearstoAddSub": "10",
				"ErrorMessage": "The Tax Period End Date you entered is not valid. You can only make payments for Tax Periods before {Value to Replace}."
			}
		},
		"TaxPaymentErrorValidationForPayeeCT": {
			"TestDataSet1": {
				"payeeName": "CT",
				"deliveryDate": "null",
				"taxPeriodEndDate": "06/30/2019",
				"taxAmount": "25",
				"ErrorMessage": "You entered an invalid date for Delivery Date.",
				"subMenu": "Set Up Tax Payments",
				"menu": "Payments",
				"pageTitle": "Set Up Tax Payment"
			},
			"TestDataSet2": {
				"payeeName": "CT",
				"deliveryDate": "D",
				"taxPeriodEndDate": "null",
				"taxAmount": "10",
				"ErrorMessage": "The value for Tax Period End Date is not a valid date.",
				"subMenu": "Set Up Tax Payments",
				"menu": "Payments",
				"pageTitle": "Set Up Tax Payment"
			},
			"TestDataSet3": {
				"payeeName": "CT",
				"deliveryDate": "D",
				"taxPeriodEndDate": "0$/30/2019",
				"taxAmount": "10",
				"ErrorMessage": "The value for Tax Period End Date is not a valid date.",
				"subMenu": "Set Up Tax Payments",
				"menu": "Payments",
				"pageTitle": "Set Up Tax Payment"
			},
			"TestDataSet4": {
				"payeeName": "CT",
				"deliveryDate": "D",
				"taxPeriodEndDate": "06/30/201$",
				"taxAmount": "15",
				"ErrorMessage": "The value for Tax Period End Date is not a valid date.",
				"subMenu": "Set Up Tax Payments",
				"menu": "Payments",
				"pageTitle": "Set Up Tax Payment"
			},
			"TestDataSet5": {
				"payeeName": "CT",
				"deliveryDate": "D",
				"taxPeriodEndDate": "12/31/2019",
				"taxAmount": "null",
				"ErrorMessage": "A dollar amount for Tax Amount is required.",
				"subMenu": "Set Up Tax Payments",
				"menu": "Payments",
				"pageTitle": "Set Up Tax Payment"
			},
			"TestDataSet6": {
				"payeeName": "CT",
				"deliveryDate": "D",
				"taxPeriodEndDate": "12/30/2019",
				"taxAmount": "-10",
				"ErrorMessage": "The value for Tax Amount is not a valid dollar amount.",
				"subMenu": "Set Up Tax Payments",
				"menu": "Payments",
				"pageTitle": "Set Up Tax Payment"
			},
			"TestDataSet7": {
				"payeeName": "CT",
				"deliveryDate": "D",
				"taxPeriodEndDate": "12/31/2019",
				"taxAmount": "10AB",
				"ErrorMessage": "The value for Tax Amount is not a valid dollar amount.",
				"subMenu": "Set Up Tax Payments",
				"menu": "Payments",
				"pageTitle": "Set Up Tax Payment"
			},
			"TestDataSet8": {
				"payeeName": "CT",
				"deliveryDate": "D",
				"taxPeriodEndDate": "12/31/2019",
				"taxAmount": "1000000.01",
				"ErrorMessage": "Your payment amount for {ValueToReplace} exceeds the $1,000,000.00 maximum payment amount.",
				"subMenu": "Set Up Tax Payments",
				"menu": "Payments",
				"pageTitle": "Set Up Tax Payment"
			}
		},
		"TaxPaymentErrorValidationForPayeeFED": {
			"TestDataSet1": {
				"payeeName": "FED",
				"deliveryDate": "null",
				"taxPeriodEndDate": "06/30/2019",
				"taxAmount": "25",
				"ErrorMessage": "You entered an invalid date for Delivery Date.",
				"subMenu": "Set Up Tax Payments",
				"menu": "Payments",
				"pageTitle": "Set Up Tax Payment"
			},
			"TestDataSet2": {
				"payeeName": "FED",
				"deliveryDate": "D",
				"taxPeriodEndDate": "null",
				"taxAmount": "10",
				"ErrorMessage": "The value for Tax Period End Date is not a valid date.",
				"subMenu": "Set Up Tax Payments",
				"menu": "Payments",
				"pageTitle": "Set Up Tax Payment"
			},
			"TestDataSet3": {
				"payeeName": "FED",
				"deliveryDate": "D",
				"taxPeriodEndDate": "0$/30/2019",
				"taxAmount": "10",
				"ErrorMessage": "The value for Tax Period End Date is not a valid date.",
				"subMenu": "Set Up Tax Payments",
				"menu": "Payments",
				"pageTitle": "Set Up Tax Payment"
			},
			"TestDataSet4": {
				"payeeName": "FED",
				"deliveryDate": "D",
				"taxPeriodEndDate": "06/30/201$",
				"taxAmount": "15",
				"ErrorMessage": "The value for Tax Period End Date is not a valid date.",
				"subMenu": "Set Up Tax Payments",
				"menu": "Payments",
				"pageTitle": "Set Up Tax Payment"
			},
			"TestDataSet5": {
				"payeeName": "FED",
				"deliveryDate": "D",
				"taxPeriodEndDate": "12/31/2019",
				"taxAmount": "null",
				"ErrorMessage": "A dollar amount for Tax Amount is required.",
				"subMenu": "Set Up Tax Payments",
				"menu": "Payments",
				"pageTitle": "Set Up Tax Payment"
			},
			"TestDataSet6": {
				"payeeName": "FED",
				"deliveryDate": "D",
				"taxPeriodEndDate": "12/31/2019",
				"taxAmount": "-10",
				"ErrorMessage": "The value for Tax Amount is not a valid dollar amount.",
				"subMenu": "Set Up Tax Payments",
				"menu": "Payments",
				"pageTitle": "Set Up Tax Payment"
			},
			"TestDataSet7": {
				"payeeName": "FED",
				"deliveryDate": "D",
				"taxPeriodEndDate": "12/30/2019",
				"taxAmount": "10AB",
				"ErrorMessage": "The value for Tax Amount is not a valid dollar amount.",
				"subMenu": "Set Up Tax Payments",
				"menu": "Payments",
				"pageTitle": "Set Up Tax Payment"
			},
			"TestDataSet8": {
				"payeeName": "FED",
				"deliveryDate": "D",
				"taxPeriodEndDate": "12/09/2019",
				"taxAmount": "1000000.01",
				"ErrorMessage": "Your payment amount for {ValueToReplace} exceeds the $1,000,000.00 maximum payment amount.",
				"subMenu": "Set Up Tax Payments",
				"menu": "Payments",
				"pageTitle": "Set Up Tax Payment"
			}
		},
		"TaxPaymentErrorValidationForPayeeRI": {
			"TestDataSet1": {
				"payeeName": "RI",
				"deliveryDate": "null",
				"taxPeriodEndDate": "06/30/2019",
				"taxAmount": "25",
				"ErrorMessage": "You entered an invalid date for Delivery Date.",
				"subMenu": "Set Up Tax Payments",
				"menu": "Payments",
				"pageTitle": "Set Up Tax Payment"
			},
			"TestDataSet2": {
				"payeeName": "RI",
				"deliveryDate": "D",
				"taxPeriodEndDate": "null",
				"taxAmount": "10",
				"ErrorMessage": "The value for Tax Period End Date is not a valid date.",
				"subMenu": "Set Up Tax Payments",
				"menu": "Payments",
				"pageTitle": "Set Up Tax Payment"
			},
			"TestDataSet3": {
				"payeeName": "RI",
				"deliveryDate": "D",
				"taxPeriodEndDate": "0$/30/2019",
				"taxAmount": "10",
				"ErrorMessage": "The value for Tax Period End Date is not a valid date.",
				"subMenu": "Set Up Tax Payments",
				"menu": "Payments",
				"pageTitle": "Set Up Tax Payment"
			},
			"TestDataSet4": {
				"payeeName": "RI",
				"deliveryDate": "D",
				"taxPeriodEndDate": "06/30/201$",
				"taxAmount": "15",
				"ErrorMessage": "The value for Tax Period End Date is not a valid date.",
				"subMenu": "Set Up Tax Payments",
				"menu": "Payments",
				"pageTitle": "Set Up Tax Payment"
			},
			"TestDataSet5": {
				"payeeName": "RI",
				"deliveryDate": "D",
				"taxPeriodEndDate": "12/31/2019",
				"taxAmount": "null",
				"ErrorMessage": "A dollar amount for Tax Amount is required.",
				"subMenu": "Set Up Tax Payments",
				"menu": "Payments",
				"pageTitle": "Set Up Tax Payment"
			},
			"TestDataSet6": {
				"payeeName": "RI",
				"deliveryDate": "D",
				"taxPeriodEndDate": "12/31/2019",
				"taxAmount": "-10",
				"ErrorMessage": "The value for Tax Amount is not a valid dollar amount.",
				"subMenu": "Set Up Tax Payments",
				"menu": "Payments",
				"pageTitle": "Set Up Tax Payment"
			},
			"TestDataSet7": {
				"payeeName": "RI",
				"deliveryDate": "D",
				"taxPeriodEndDate": "12/30/2019",
				"taxAmount": "10AB",
				"ErrorMessage": "The value for Tax Amount is not a valid dollar amount.",
				"subMenu": "Set Up Tax Payments",
				"menu": "Payments",
				"pageTitle": "Set Up Tax Payment"
			},
			"TestDataSet8": {
				"payeeName": "RI",
				"deliveryDate": "D",
				"taxPeriodEndDate": "12/31/2019",
				"taxAmount": "1000000.01",
				"ErrorMessage": "Your payment amount for {ValueToReplace} exceeds the $1,000,000.00 maximum payment amount.",
				"subMenu": "Set Up Tax Payments",
				"menu": "Payments",
				"pageTitle": "Set Up Tax Payment"
			}
		},
		"TaxPaymentErrorValidationForPayeeMA": {
			"TestDataSet1": {
				"payeeName": "MA",
				"deliveryDate": "null",
				"taxPeriodEndDate": "12/31/2019",
				"taxAmount": "25",
				"taxPayerName": "Test Payer",
				"ErrorMessage": "You entered an invalid date for Delivery Date.",
				"subMenu": "Set Up Tax Payments",
				"menu": "Payments",
				"pageTitle": "Set Up Tax Payment"
			},
			"TestDataSet2": {
				"payeeName": "MA",
				"deliveryDate": "D",
				"taxPeriodEndDate": "null",
				"taxAmount": "10",
				"taxPayerName": "Test Payer",
				"ErrorMessage": "The value for Tax Period End Date is not a valid date.",
				"subMenu": "Set Up Tax Payments",
				"menu": "Payments",
				"pageTitle": "Set Up Tax Payment"
			},
			"TestDataSet3": {
				"payeeName": "MA",
				"deliveryDate": "D",
				"taxPeriodEndDate": "25/06/2019",
				"taxAmount": "10",
				"taxPayerName": "Test Payer",
				"ErrorMessage": "The value for Tax Period End Date is not a valid date.",
				"subMenu": "Set Up Tax Payments",
				"menu": "Payments",
				"pageTitle": "Set Up Tax Payment"
			},
			"TestDataSet4": {
				"payeeName": "MA",
				"deliveryDate": "D",
				"taxPeriodEndDate": "12/31/2019",
				"taxAmount": "15",
				"taxPayerName": "null",
				"ErrorMessage": "A value for Taxpayer Name is required.",
				"subMenu": "Set Up Tax Payments",
				"menu": "Payments",
				"pageTitle": "Set Up Tax Payment"
			},
			"TestDataSet5": {
				"payeeName": "MA",
				"deliveryDate": "D",
				"taxPeriodEndDate": "12/30/2019",
				"taxAmount": "null",
				"taxPayerName": "Test Payer",
				"ErrorMessage": "A dollar amount for Tax Amount is required.",
				"subMenu": "Set Up Tax Payments",
				"menu": "Payments",
				"pageTitle": "Set Up Tax Payment"
			},
			"TestDataSet6": {
				"payeeName": "MA",
				"deliveryDate": "D",
				"taxPeriodEndDate": "12/31/2019",
				"taxAmount": "-10",
				"taxPayerName": "Test Payer",
				"ErrorMessage": "The value for Tax Amount is not a valid dollar amount.",
				"subMenu": "Set Up Tax Payments",
				"menu": "Payments",
				"pageTitle": "Set Up Tax Payment"
			},
			"TestDataSet7": {
				"payeeName": "MA",
				"deliveryDate": "D",
				"taxPeriodEndDate": "12/31/2019",
				"taxAmount": "10AB",
				"taxPayerName": "Test Payer",
				"ErrorMessage": "The value for Tax Amount is not a valid dollar amount.",
				"subMenu": "Set Up Tax Payments",
				"menu": "Payments",
				"pageTitle": "Set Up Tax Payment"
			},
			"TestDataSet8": {
				"payeeName": "MA",
				"deliveryDate": "D",
				"taxPeriodEndDate": "12/09/2019",
				"taxAmount": "1000000.01",
				"taxPayerName": "Test Payer",
				"ErrorMessage": "Your payment amount for {ValueToReplace} exceeds the $1,000,000.00 maximum payment amount.",
				"subMenu": "Set Up Tax Payments",
				"menu": "Payments",
				"pageTitle": "Set Up Tax Payment"
			}
		},
		"TaxPaymentErrorValidationForPayeeNY": {
			"TestDataSet1": {
				"payeeName": "NY",
				"deliveryDate": "null",
				"taxPeriodEndDate": "12/31/2019",
				"taxAmount": "25",
				"taxPayerName": "Test Payer",
				"accessCode": "256987",
				"ErrorMessage": "You entered an invalid date for Delivery Date.",
				"subMenu": "Set Up Tax Payments",
				"menu": "Payments",
				"pageTitle": "Set Up Tax Payment"
			},
			"TestDataSet2": {
				"payeeName": "NY",
				"deliveryDate": "D",
				"taxPeriodEndDate": "null",
				"taxAmount": "10",
				"taxPayerName": "Test Payer",
				"accessCode": "325658",
				"ErrorMessage": "The value for Tax Period End Date is not a valid date.",
				"subMenu": "Set Up Tax Payments",
				"menu": "Payments",
				"pageTitle": "Set Up Tax Payment"
			},
			"TestDataSet3": {
				"payeeName": "NY",
				"deliveryDate": "D",
				"taxPeriodEndDate": "12/31/2019",
				"taxAmount": "null",
				"taxPayerName": "Test Payer",
				"accessCode": "565875",
				"ErrorMessage": "A dollar amount for Tax Amount is required.",
				"subMenu": "Set Up Tax Payments",
				"menu": "Payments",
				"pageTitle": "Set Up Tax Payment"
			},
			"TestDataSet4": {
				"payeeName": "NY",
				"deliveryDate": "D",
				"taxPeriodEndDate": "12/31/2019",
				"taxAmount": "15",
				"taxPayerName": "null",
				"accessCode": "569856",
				"ErrorMessage": "A value for Taxpayer Name is required.",
				"subMenu": "Set Up Tax Payments",
				"menu": "Payments",
				"pageTitle": "Set Up Tax Payment"
			},
			"TestDataSet5": {
				"payeeName": "NY",
				"deliveryDate": "D",
				"taxPeriodEndDate": "12/31/2019",
				"taxAmount": "25",
				"taxPayerName": "Test Payer",
				"accessCode": "2541",
				"ErrorMessage": "The value for Access Code must be 6 digits.",
				"subMenu": "Set Up Tax Payments",
				"menu": "Payments",
				"pageTitle": "Set Up Tax Payment"
			},
			"TestDataSet6": {
				"payeeName": "NY",
				"deliveryDate": "D",
				"taxPeriodEndDate": "12/31/2019",
				"taxAmount": "10",
				"taxPayerName": "Test Payer",
				"accessCode": "null",
				"ErrorMessage": "A value for Access Code is required.",
				"subMenu": "Set Up Tax Payments",
				"menu": "Payments",
				"pageTitle": "Set Up Tax Payment"
			},
			"TestDataSet7": {
				"payeeName": "NY",
				"deliveryDate": "D",
				"taxPeriodEndDate": "12/31/2019",
				"taxAmount": "10AB",
				"taxPayerName": "Test Payer",
				"accessCode": "658985",
				"ErrorMessage": "The value for NY State Tax Amount is not a valid dollar amount.",
				"subMenu": "Set Up Tax Payments",
				"menu": "Payments",
				"pageTitle": "Set Up Tax Payment"
			},
			"TestDataSet8": {
				"payeeName": "NY",
				"deliveryDate": "D",
				"taxPeriodEndDate": "12/09/2019",
				"taxAmount": "1000000.01",
				"taxPayerName": "Test Payer",
				"accessCode": "568547",
				"ErrorMessage": "Your payment amount for {ValueToReplace} exceeds the $1,000,000.00 maximum payment amount.",
				"subMenu": "Set Up Tax Payments",
				"menu": "Payments",
				"pageTitle": "Set Up Tax Payment"
			}
		}
	}
}
			
