{
	"testDataList": {
		"Placeholder Name": {
			"ListValue1": "firstName",
			"ListValue2": "lastName",
			"ListValue3": "address",
			"ListValue4": "email",
			"ListValue5": "city",
			"ListValue6": "state",
			"ListValue7": "zip",
			"ListValue8": "homePhone",
			"ListValue9": "dob",
			"ListValue10": "lastLogonDate",
			"ListValue11": "businessName",
			"ListValue12": "businessAddress",
			"ListValue13": "businessCity",
			"ListValue14": "businessState",
			"ListValue15": "businessPhone",
			"ListValue16": "businessZip"
		},
		"Header labels": {
			"para1": "Choose a state to include some or all cities from that state:",
			"para2": "Excluded:",
			"para3": "Included:"
		},
		"State buttons": {
			"city1": "CT",
			"city2": "MA",
			"city3": "NY",
			"city4": "RI",
			"city5": "Outside"
		},
		"Move buttons": {
			"button1": "<<",
			"button2": "<",
			"button3": ">",
			"button4": ">>"
		},
		"Filter label": {
			"filter1": "Type a city name to filter lists . . ."
		},
		"View Small Talk Messages labels": {
			"Label1": "Message Name",
			"Label2": "Batch Status",
			"Label3": "WOL Display Status",
			"Label4": "Priority Ranking",
			"Label5": "Start Date",
			"Label6": "End Date",
			"Label7": "Created By",
			"Label8": "Created Date",
			"Label9": "Last Edited By",
			"Label10": "Last Edited Date"
		},
		"Scheduled links": {
			"Label1": "View",
			"Label2": "Edit",
			"Label3": "Preview"
		},
		"Add New Message links": {
			"Link1": "Add New Message"
		},
		"Tooltip Messages": {
			"Message name": "This field is not displayed to the customer.  It is for internal use only.",
			"Message description": "This field is not displayed to the customer.  It is for internal use only.",
			"WOL Display status": "When Enabled, this message will be displayed for the designated customers during the requested timeframe.",
			"Priority ranking": "Use Caution when entering the priority ranking. You can view existing Small Talk messages and their rankings",
			"Account type": " condition.  If you would like this message to be displayed to multiple account types, you must create a One Time Small Talk message for each location.  Please also be advised that messages are displayed regardless of account type status (will be displayed to open, closed, frozen, etc).",
			"Customer location (City) (State)": "condition.  If you would like this message to be displayed to customers in multiple locations, you must create a One Time Small Talk message for each location."
		},
		"Success Messages": {
			"Message": "You have successfully scheduled your Small Talk Message."
		},
		"Edit Messages": {
			"Message": "You have successfully edited your Small Talk Message."
		},
		"SmallTalkErrorMessage": {
			"Message name": "A message name is required to proceed.",
			"Message body": "A message body is required to proceed.",
			"Priority ranking": "A priority ranking is required to proceed.",
			"Start Date": "A start date/time is required to proceed.",
			"End Date": "An end date/time is required to proceed.",
			"Invalid Start Date": "The start date format is invalid. Please try again.",
			"Invalid End Date": "The End date format is invalid. Please try again."
		},
		"Scheduled Message links": {
			"IM_Personal": {
				"AccountType": "IM",
				"ChannelType": "Personal"
			},
			"ST1_Personal": {
				"AccountType": "ST1",
				"ChannelType": "Personal"
			},
			"ST1_Business": {
				"AccountType": "ST1",
				"ChannelType": "Business"
			},
			"IM_Both": {
				"AccountType": "IM",
				"ChannelType": "Both"
			}
		}
	}
}