{
	"testDataList": {
		"AccountStatements": {
			"PersonalUser": {
				"Loan Account Number": "4190",
				"StatementAccNumber": "MSP4707914190",
				"SelectStmtPeriodDate": "07/07/2019 - 08/16/2019",
				"LoanStatementDate": "08/16/2019",
				"LoanAccFormat": "xxxxxx4190",
				"AccountNumber": "4707914190",
				"Username1":"rcbrown9807",
				"Message":"Your eDelivery preferences have been updated"
			},
			"BusinessUser": {
				"Loan Account Number": "4190",
				"StatementAccNumber": "MSP4707914190",
				"SelectStmtPeriodDate": "07/07/2019 - 08/16/2019",
				"LoanStatementDate": "08/16/2019",
				"LoanAccFormat": "xxxxxx4190",
				"AccountNumber": "4707914190",
				"Username1":"devinerd",
				"Message":"Your eDelivery preferences have been updated"
			}
		},
		"AccountStatementN/A": {
			"SelectN/AAccount": "1748",
			"Username1":"Buschlight"
		},
		"AccountStatementImages": {
			"SelectCheckImageAccount": "9793",
			"SelectStmtPeriodDate": "08/01/2018 - 08/31/2018"
		},
		"AccountNoStatements": {
			"PersonalUser": {
				"Loan Account Number": "4190",
				"LoanAccFormat": "xxxxxx4190",
				"AccountNumber": "4707914190",
				"SelectStmtPeriodDate": "07/07/2019 - 08/16/2019",
				"Message":"Your eDelivery preferences have been updated",
				"Username1":"atrevido12003"				
			},
			"BusinessUser": {
				"Loan Account Number": "4190",
				"LoanAccFormat": "xxxxxx4190",
				"AccountNumber": "4707914190",
				"SelectStmtPeriodDate": "07/07/2019 - 08/16/2019",
				"Message":"Your eDelivery preferences have been updated",
				"Username1":"LoanNoStmts"
			}
		},
		"APYStatementDetails": {
			"APYStatementAccount": "5349",
			"SelectStmtPeriodDate": "05/10/2019 - 06/19/2019",
			"InterestFields": "Interest Earned this Period;Interest Rate;Days In Statement Period;Average Collected Balance;Annual Percentage Yield Earned;Interest Paid Year-to-Date",
			"InterestFieldsValues": "$;%;31;$;%;$"
		},
		"DetailedLoanDates": {
			"PersonalUser": {
				"Loan Account Number": "4190",
				"StatementAccNumber": "MSP4707914190",
				"SelectStmtPeriodDate": "07/07/2019 - 08/16/2019",
				"LoanStatementDate": "08/16/2019",
				"LoanAccFormat": "xxxxxx4190",
				"DetailedContent": "Detailed Account Activity",
				"AccountNumber": "4707914190",
				"DetailedStmtDate": "July 17, 2019  through  August 16, 2019",
				"Username1":"rcbrown9807"
			},
			"BusinessUser": {
				"Loan Account Number": "4190",
				"StatementAccNumber": "MSP4707914190",
				"SelectStmtPeriodDate": "07/07/2019 - 08/16/2019",
				"LoanStatementDate": "08/16/2019",
				"LoanAccFormat": "xxxxxx4190",
				"DetailedContent": "Detailed Account Activity",
				"AccountNumber": "4707914190",
				"DetailedStmtDate": "July 17, 2019  through  August 16, 2019",
				"Username1":"devinerd"
			}
		},
		"StatementPeriodDates": {
			"PersonalUser": {
				"Loan Account Number": "4190",
				"LoanAccFormat": "xxxxxx4190",
				"StatementNotInNA": "N/A",
				"Username1":"rcbrown9807"
			},
			"BusinessUser": {
				"Loan Account Number": "4190",
				"LoanAccFormat": "xxxxxx4190",
				"StatementNotInNA": "N/A",
				"Username1":"devinerd"
			}
		},
		"80PlusTransactions": {
			"PersonalUser": {
				"Loan Account Number": "0473",
				"AccountNumber": "0023070473",
				"StatementMessage": "Select your Webster account and the statement period, then click View Statement.",
				"CustomerInformation": "Customer Service Information",
				"SummaryFields": "Beginning Balance;Deposits;Withdrawals;Ending Balance",
				"TransactionFields": "Date;Description;Deposits;Withdrawals;Balance",
				"AccTypeAndStmtImpMessage": "WEBSTER VALUE CHECKING;Important Information About Your Statement",
				"ElectFundTransfer": "ELECTRONIC FUND TRANSFERS",
				"TransStmtMessages": "In Case of Errors or Questions About Your Electronic Transfers, Telephone us at 1-800-325-2424 or Write us at Webster Bank, N.A., Contact Center, P.O. Box 10305, WFD 730, Waterbury, CT 06726, as soon as you can, if you think your statement or receipt is wrong or if you need more information about a transfer on the statement or receipt. We must hear from you no later than sixty (60) days after we sent you the FIRST statement on which the error or problem appeared.;(1) Tell us your name and account number (if any).;(2) Describe the error or the transfer you are unsure about, and explain as clearly as you can why you believe it is an error or why you need more information.;(3) Tell us the dollar amount of the suspected error.;We will investigate your complaint and will correct any error promptly. If we take more than 10 business days to do this, we will credit your account for the amount you think is in error, so that you will have the use of the money during the time it takes us to complete our investigation.;Webster Bank, N.A. Member FDIC Rev. 06/09",
				"TransCategories": "Deposits;Withdrawals",
				"TransCategoriesHeaders": "Date;Description;Amount",
				"SelectStmtPeriodDate": "10/14/2018 - 11/13/2018",
				"FromDate": "10/14/2018",
				"ToDate": "11/13/2018",
				"Year": "2018"
			},
			"BusinessUser": {
				"Loan Account Number": "5523",
				"AccountNumber": "0017765523",
				"StatementMessage": "Select your Webster account and the statement period, then click View Statement.",
				"CustomerInformation": "Customer Service Information",
				"SummaryFields": "Beginning Balance;Deposits;Withdrawals;Ending Balance",
				"TransactionFields": "Date;Description;Deposits;Withdrawals;Balance",
				"AccTypeAndStmtImpMessage": "WEBSTER VALUE CHECKING;Important Information About Your Statement",
				"ElectFundTransfer": "ELECTRONIC FUND TRANSFERS",
				"TransStmtMessages": "In Case of Errors or Questions About Your Electronic Transfers, Telephone us at 1-800-325-2424 or Write us at Webster Bank, N.A., Contact Center, P.O. Box 10305, WFD 730, Waterbury, CT 06726, as soon as you can, if you think your statement or receipt is wrong or if you need more information about a transfer on the statement or receipt. We must hear from you no later than sixty (60) days after we sent you the FIRST statement on which the error or problem appeared.;(1) Tell us your name and account number (if any).;(2) Describe the error or the transfer you are unsure about, and explain as clearly as you can why you believe it is an error or why you need more information.;(3) Tell us the dollar amount of the suspected error.;We will investigate your complaint and will correct any error promptly. If we take more than 10 business days to do this, we will credit your account for the amount you think is in error, so that you will have the use of the money during the time it takes us to complete our investigation.;Webster Bank, N.A. Member FDIC Rev. 06/09",
				"TransCategories": "Deposits;Withdrawals",
				"TransCategoriesHeaders": "Date;Description;Amount",
				"SelectStmtPeriodDate": "10/14/2018 - 11/13/2018",
				"FromDate": "10/14/2018",
				"ToDate": "11/13/2018",
				"Year": "2018"
			}
		},
		"NoCheckImages": {
			"PersonalUser": {
				"Loan Account Number": "1936",
				"SelectStmtPeriodDate": "10/21/2018 - 11/20/2018",
				"AccountNumber": "0021001936",
				"DetailedContent": "Detailed Account Activity",
				"DetailedStmtDate": "October 21, 2018  through  November 20, 2018",
				"NameAndAddress": "LINSEY K BLACKHURST 95052 CAPE LISBURNE LOOP EAST HAVEN CT 06512",
				"CustomerInformation": "Customer Service Information",
				"CustomerLeftSideInfo": "Consumer Accounts 1-800-325-2424 Business Accounts 1-800-482-2220 24 hours a day, 7 days a week",
				"CustomerRightSideInfo": "Check your account transactions anytime, anywhere. Go to WebsterOnline.com and enroll today.",
				"SummaryFields": "Beginning Balance;Deposits;Interest Paid;Withdrawals;Ending Balance",
				"InterestFields": "Interest Earned this Period;Interest Rate;Days In Statement Period;Average Collected Balance;Annual Percentage Yield Earned;Interest Paid Year-to-Date",
				"InterestFieldsValues": "$;%;31;$;%;$",
				"TransCategoriesHeaders": "Date;Description;Amount",
				"AccTypeAndStmtImpMessage": "PREMIUM MONEY MARKET SAVINGS;Important Information About Your Statement",
				"ElectFundTransfer": "ELECTRONIC FUND TRANSFERS",
				"TransStmtMessages": "In Case of Errors or Questions About Your Electronic Transfers, Telephone us at 1-800-325-2424 or Write us at Webster Bank, N.A., Contact Center, P.O. Box 10305, WFD 730, Waterbury, CT 06726, as soon as you can, if you think your statement or receipt is wrong or if you need more information about a transfer on the statement or receipt. We must hear from you no later than sixty (60) days after we sent you the FIRST statement on which the error or problem appeared.;(1) Tell us your name and account number (if any).;(2) Describe the error or the transfer you are unsure about, and explain as clearly as you can why you believe it is an error or why you need more information.;(3) Tell us the dollar amount of the suspected error.;We will investigate your complaint and will correct any error promptly. If we take more than 10 business days to do this, we will credit your account for the amount you think is in error, so that you will have the use of the money during the time it takes us to complete our investigation.;Webster Bank, N.A. Member FDIC Rev. 06/09"
			},
			"BusinessUser": {
				"Loan Account Number": "1774",
				"SelectStmtPeriodDate": "07/16/2019 - 08/15/2019",
				"AccountNumber": "0016731774",
				"DetailedContent": "Detailed Account Activity",
				"DetailedStmtDate": "July 16, 2019  through  August 15, 2019",
				"NameAndAddress": "KATHLEEN D RIETBERG OR DAVID B RIETBERG P O BOX 332 SUFFIELD",
				"CustomerInformation": "Customer Service Information",
				"CustomerLeftSideInfo": "Consumer Accounts 1-800-325-2424 Business Accounts 1-800-482-2220 24 hours a day, 7 days a week",
				"CustomerRightSideInfo": "Check your account transactions anytime, anywhere. Go to WebsterOnline.com and enroll today.",
				"SummaryFields": "Beginning Balance;Deposits;Interest Paid;Withdrawals;Ending Balance",
				"InterestFields": "Interest Earned this Period;Interest Rate;Days In Statement Period;Average Collected Balance;Annual Percentage Yield Earned;Interest Paid Year-to-Date",
				"InterestFieldsValues": "$;%;31;$;%;$",
				"TransCategoriesHeaders": "Date;Description;Amount",
				"AccTypeAndStmtImpMessage": "WEBSTERONE CHECKING;Important Information About Your Statement",
				"ElectFundTransfer": "ELECTRONIC FUND TRANSFERS",
				"TransStmtMessages": "In Case of Errors or Questions About Your Electronic Transfers, Telephone us at 1-800-325-2424 or Write us at Webster Bank, N.A., Contact Center, P.O. Box 10305, WFD 730, Waterbury, CT 06726, as soon as you can, if you think your statement or receipt is wrong or if you need more information about a transfer on the statement or receipt. We must hear from you no later than sixty (60) days after we sent you the FIRST statement on which the error or problem appeared.;(1) Tell us your name and account number (if any).;(2) Describe the error or the transfer you are unsure about, and explain as clearly as you can why you believe it is an error or why you need more information.;(3) Tell us the dollar amount of the suspected error.;We will investigate your complaint and will correct any error promptly. If we take more than 10 business days to do this, we will credit your account for the amount you think is in error, so that you will have the use of the money during the time it takes us to complete our investigation.;Webster Bank, N.A. Member FDIC Rev. 06/09"
			}
		},
		"ByCategoryCheckImages": {
			"Loan Account Number": "9793",
			"SelectStmtPeriodDate": "10/01/2018 - 10/31/2018",
			"AccountNumber": "0010169793",
			"DetailedContent": "Detailed Account Activity",
			"DetailedStmtDate": "October 1, 2018  through  October 31, 2018",
			"NameAndAddress": "SHORELINE DIGESTIVE HEALTH CENTER 929 BOSTON POST RD OLD SAYBROOK CT 06475",
			"CustomerInformation": "Customer Service Information",
			"CustomerLeftSideInfo": "Consumer Accounts 1-800-325-2424 Business Accounts 1-800-482-2220 24 hours a day, 7 days a week",
			"CustomerRightSideInfo": "Check your account transactions anytime, anywhere. Go to WebsterOnline.com and enroll today.",
			"SummaryFields": "Beginning Balance;Deposits/Credits;Withdrawals/Debits;Ending Balance",
			"TransCategoriesHeaders": "Date;Description;Items;Amount",
			"AccTypeAndStmtImpMessage": "WEBSTER COMPLETE BUSINESS CHECKING;Important Information About Your Statement",
			"ChecksInformation": "Checks Paid;* Indicates gap in checks;Number;Date;Amount;Number;Date;Amount;Number;Date;Amount",
			"TotalNumberOfChecks": "Total number of checks paid",
			"ElectFundTransfer": "ELECTRONIC FUND TRANSFERS",
			"TransStmtMessages": "In Case of Errors or Questions About Your Electronic Transfers, Telephone us at 1-800-325-2424 or Write us at Webster Bank, N.A., Contact Center, P.O. Box 10305, WFD 730, Waterbury, CT 06726, as soon as you can, if you think your statement or receipt is wrong or if you need more information about a transfer on the statement or receipt. We must hear from you no later than sixty (60) days after we sent you the FIRST statement on which the error or problem appeared.;(1) Tell us your name and account number (if any).;(2) Describe the error or the transfer you are unsure about, and explain as clearly as you can why you believe it is an error or why you need more information.;(3) Tell us the dollar amount of the suspected error.;We will investigate your complaint and will correct any error promptly. If we take more than 10 business days to do this, we will credit your account for the amount you think is in error, so that you will have the use of the money during the time it takes us to complete our investigation.;Webster Bank, N.A. Member FDIC Rev. 06/09"
		},
		"ByDateOrderCheckImages": {
			"Loan Account Number": "9793",
			"SelectStmtPeriodDate": "10/01/2018 - 10/31/2018",
			"AccountNumber": "0010169793",
			"DetailedContent": "Detailed Account Activity",
			"DetailedStmtDate": "October 1, 2018  through  October 31, 2018",
			"NameAndAddress": "SHORELINE DIGESTIVE HEALTH CENTER 929 BOSTON POST RD OLD SAYBROOK CT 06475",
			"CustomerInformation": "Customer Service Information",
			"CustomerLeftSideInfo": "Consumer Accounts 1-800-325-2424 Business Accounts 1-800-482-2220 24 hours a day, 7 days a week",
			"CustomerRightSideInfo": "Check your account transactions anytime, anywhere. Go to WebsterOnline.com and enroll today.",
			"SummaryFields": "Beginning Balance;Deposits/Credits;Withdrawals/Debits;Ending Balance",
			"TransCategoriesHeaders": "Date;Description;Credits;Debits;Balance",
			"AccTypeAndStmtImpMessage": "WEBSTER COMPLETE BUSINESS CHECKING;Important Information About Your Statement",
			"ChecksInformation": "Checks Paid;* Indicates gap in checks;Number;Date;Amount;Number;Date;Amount;Number;Date;Amount",
			"TotalNumberOfChecks": "Total number of checks paid",
			"ElectFundTransfer": "ELECTRONIC FUND TRANSFERS",
			"TransStmtMessages": "In Case of Errors or Questions About Your Electronic Transfers, Telephone us at 1-800-325-2424 or Write us at Webster Bank, N.A., Contact Center, P.O. Box 10305, WFD 730, Waterbury, CT 06726, as soon as you can, if you think your statement or receipt is wrong or if you need more information about a transfer on the statement or receipt. We must hear from you no later than sixty (60) days after we sent you the FIRST statement on which the error or problem appeared.;(1) Tell us your name and account number (if any).;(2) Describe the error or the transfer you are unsure about, and explain as clearly as you can why you believe it is an error or why you need more information.;(3) Tell us the dollar amount of the suspected error.;We will investigate your complaint and will correct any error promptly. If we take more than 10 business days to do this, we will credit your account for the amount you think is in error, so that you will have the use of the money during the time it takes us to complete our investigation.;Webster Bank, N.A. Member FDIC Rev. 06/09"
		},
		"ByDateOrderNoCheckImagesPersonal": {
			"Loan Account Number": "0473",
			"SelectStmtPeriodDate": "10/14/2018 - 11/13/2018",
			"AccountNumber": "0023070473",
			"DetailedContent": "Detailed Account Activity",
			"DetailedStmtDate": "October 14, 2018  through  November 13, 2018",
			"NameAndAddress": "SHIANE V HALBACH 63405 GLACIER PINE STREET PROVIDENCE RI 02909",
			"CustomerInformation": "Customer Service Information",
			"CustomerLeftSideInfo": "Consumer Accounts 1-800-325-2424 Business Accounts 1-800-482-2220 24 hours a day, 7 days a week",
			"CustomerRightSideInfo": "Check your account transactions anytime, anywhere. Go to WebsterOnline.com and enroll today.",
			"SummaryFields": "Beginning Balance;Deposits;Withdrawals;Ending Balance",
			"TransCategoriesHeaders": "Date;Description;Deposits;Withdrawals;Balance",
			"AccTypeAndStmtImpMessage": "WEBSTER VALUE CHECKING;Important Information About Your Statement",
			"ChecksInformation": "Checks Paid;* Indicates gap in checks;Number;Date;Amount;Number;Date;Amount;Number;Date;Amount",
			"TotalNumberOfChecks": "Total number of checks paid",
			"NFSFeeTableFields": "Total for this period;Total year-to-date;Total Overdraft Fees;Total Insufficient Available Funds Fees-Returned Items",
			"ElectFundTransfer": "ELECTRONIC FUND TRANSFERS",
			"TransStmtMessages": "In Case of Errors or Questions About Your Electronic Transfers, Telephone us at 1-800-325-2424 or Write us at Webster Bank, N.A., Contact Center, P.O. Box 10305, WFD 730, Waterbury, CT 06726, as soon as you can, if you think your statement or receipt is wrong or if you need more information about a transfer on the statement or receipt. We must hear from you no later than sixty (60) days after we sent you the FIRST statement on which the error or problem appeared.;(1) Tell us your name and account number (if any).;(2) Describe the error or the transfer you are unsure about, and explain as clearly as you can why you believe it is an error or why you need more information.;(3) Tell us the dollar amount of the suspected error.;We will investigate your complaint and will correct any error promptly. If we take more than 10 business days to do this, we will credit your account for the amount you think is in error, so that you will have the use of the money during the time it takes us to complete our investigation.;Webster Bank, N.A. Member FDIC Rev. 06/09"
		},
		"ByCategoryCheckImagesPersonal": {
			"Loan Account Number": "2965",
			"SelectStmtPeriodDate": "09/19/2018 - 10/18/2018",
			"AccountNumber": "0017172965",
			"DetailedContent": "Detailed Account Activity",
			"DetailedStmtDate": "September 19, 2018  through  October 18, 2018",
			"StmtNote": "Note: Check images will always be displayed when viewing or printing a PDF version of your statement.",
			"NameAndAddress": "NATHAN BARGANIER 124 FRENCH ST BRISTOL CT 06010-5553",
			"CustomerInformation": "Customer Service Information",
			"CustomerLeftSideInfo": "Consumer Accounts 1-800-325-2424 Business Accounts 1-800-482-2220 24 hours a day, 7 days a week",
			"CustomerRightSideInfo": "Check your account transactions anytime, anywhere. Go to WebsterOnline.com and enroll today.",
			"SummaryFields": "Beginning Balance;Deposits;Withdrawals;Ending Balance",
			"TransCategories": "Deposits;Withdrawals",
			"TransCategoriesHeaders": "Date;Description;Amount",
			"DailyBalanceText": "Daily Balance",
			"DailyBalanceFields": "Date;Balance;Date;Balance;Date;Balance",
			"TransCategorySubHeadings": "Other Deposits;Total Deposits;$;ATM Withdrawals;Debit Card Purchases;Web Banking Withdrawals;Other Withdrawals;Total Withdrawals;$",
			"AccTypeAndStmtImpMessage": "WEBSTER VALUE CHECKING;Important Information About Your Statement",
			"ElectFundTransfer": "ELECTRONIC FUND TRANSFERS",
			"TransStmtMessages": "In Case of Errors or Questions About Your Electronic Transfers, Telephone us at 1-800-325-2424 or Write us at Webster Bank, N.A., Contact Center, P.O. Box 10305, WFD 730, Waterbury, CT 06726, as soon as you can, if you think your statement or receipt is wrong or if you need more information about a transfer on the statement or receipt. We must hear from you no later than sixty (60) days after we sent you the FIRST statement on which the error or problem appeared.;(1) Tell us your name and account number (if any).;(2) Describe the error or the transfer you are unsure about, and explain as clearly as you can why you believe it is an error or why you need more information.;(3) Tell us the dollar amount of the suspected error.;We will investigate your complaint and will correct any error promptly. If we take more than 10 business days to do this, we will credit your account for the amount you think is in error, so that you will have the use of the money during the time it takes us to complete our investigation.;Webster Bank, N.A. Member FDIC Rev. 06/09"
		},
		"DateOrderCheckImagesPersonal": {
			"Loan Account Number": "2965",
			"SelectStmtPeriodDate": "09/19/2018 - 10/18/2018",
			"AccountNumber": "0017172965",
			"DetailedContent": "Detailed Account Activity",
			"DetailedStmtDate": "September 19, 2018  through  October 18, 2018",
			"StmtNote": "Note: Check images will always be displayed when viewing or printing a PDF version of your statement.",
			"NameAndAddress": "NATHAN BARGANIER 124 FRENCH ST BRISTOL CT 06010-5553",
			"CustomerInformation": "Customer Service Information",
			"CustomerLeftSideInfo": "Consumer Accounts 1-800-325-2424 Business Accounts 1-800-482-2220 24 hours a day, 7 days a week",
			"CustomerRightSideInfo": "Check your account transactions anytime, anywhere. Go to WebsterOnline.com and enroll today.",
			"SummaryFields": "Beginning Balance;Deposits;Withdrawals;Ending Balance",
			"TransCategoriesHeaders": "Date;Description;Deposits;Withdrawals;Balance",
			"DailyBalanceText": "Daily Balance",
			"DailyBalanceFields": "Date;Balance;Date;Balance;Date;Balance",
			"TransCategorySubHeadings": "Other Deposits;Total Deposits;$;ATM Withdrawals;Debit Card Purchases;Web Banking Withdrawals;Other Withdrawals;Total Withdrawals;$",
			"AccTypeAndStmtImpMessage": "WEBSTER VALUE CHECKING;Important Information About Your Statement",
			"NFSFeeTableFields": "Total for this period;Total year-to-date;Total Overdraft Fees;Total Insufficient Available Funds Fees-Returned Items",
			"ElectFundTransfer": "ELECTRONIC FUND TRANSFERS",
			"TransStmtMessages": "In Case of Errors or Questions About Your Electronic Transfers, Telephone us at 1-800-325-2424 or Write us at Webster Bank, N.A., Contact Center, P.O. Box 10305, WFD 730, Waterbury, CT 06726, as soon as you can, if you think your statement or receipt is wrong or if you need more information about a transfer on the statement or receipt. We must hear from you no later than sixty (60) days after we sent you the FIRST statement on which the error or problem appeared.;(1) Tell us your name and account number (if any).;(2) Describe the error or the transfer you are unsure about, and explain as clearly as you can why you believe it is an error or why you need more information.;(3) Tell us the dollar amount of the suspected error.;We will investigate your complaint and will correct any error promptly. If we take more than 10 business days to do this, we will credit your account for the amount you think is in error, so that you will have the use of the money during the time it takes us to complete our investigation.;Webster Bank, N.A. Member FDIC Rev. 06/09"
		}
	}
}
	
