{
	"testDataList": {
		"Messages": {
			"Empty CheckNumber": "Please enter a Check Number",
			"Successful stop payment": "Your stop payment has been placed",
			"Duplicate CheckNumber": "Unable to process as check number has already had a stop payment placed on it",
			"Stop Payment": "Note: Stop payments initiated after 7:00 p.m ET may be processed on the next business day. There is a thirty-five dollar ($ 35.00) nonrefundable fee for placing a stop payment. There is no charge for this service if you have a Premier Checking Account. Stop payments on preauthorized drafts and automatic debits must be requested at a Webster branch location. These requests cannot be processed through WebsterOnline Services",
			"Stop Payment Verification": "Note: By proceeding, you agree to hold the bank harmless from all expenses, costs, and attorney's fees incurred by it as a result of honoring your stop payment order. You further agree not to hold the bank liable for payment of the check if any information provided is incorrect, or if you did not give the bank full and complete information. The stop payment will be in effect for six months and must be renewed after six months to stay in force"
		},
		"Links": {
			"Link1": "View your account services history",
			"Link2": "View your transaction history",
			"Link3": "View your account balances"
		}
	}
}			
