{
	"testDataList": {
		"GenericData": {
			"Account Number": "20257787",
			"Invalid Account Number": "202577",
			"Year": "2017",
			"Taxpayer ID": "231174258",
			"Invalid Taxpayer ID": "23117425",
			"No Tax Forms": "No tax forms are available for the selected criteria",
			"Not Open Taxform": "Cannot open the tax form file please close the popup window",
			"Valid Input": "Please enter a valid Taxpayer ID or Account Number"
		},
		"TaxformsLabels": {
			"label1": "Form Code",
			"label2": "Tax ID",
			"label3": "Account Numbers",
			"label4": "Online Profiles Name(s)",
			"label5": "23117425",
			"label6": "ORIG /CORR",
			"label7": "Date Generated",
			"label8": "Print"
		},
		"Links1": {
			"Link1": "View your related services history",
			"Link2": "View your transaction history",
			"Link3": "View your account balances"
		}
	}
}