{
	"testDataList": {
		"Test Case 1": {
			"qa": {
				"profileType": "Personal",
				"address1": "35 Ginger Street-personal-qa",
				"address2": "eq=p,qf=p",
				"city": "Hartford",
				"state": "CT",
				"zip": "06118",
				"homePhone": "8604548789",
				"ssn": "random",
				"dob": "1980-01-1980",
				"dlIssueDate": "06-18-2010",
				"dlExpiryDate": "10-16-2040",
				"email": "pjanyavula_vlm@websterbank.com",
				"qusetion1": "1",
				"question2": "2",
				"userName": "test",
				"password": "password"
			},
			
			"stage": {
				"profileType": "Personal",
				"address1": "35 Ginger Street-personal-stage",
				"address2": "eq=p,qf=p",
				"city": "Hartford",
				"state": "CT",
				"zip": "06118",
				"homePhone": "8604548789",
				"ssn": "random",
				"dob": "1980-01-1980",
				"dlIssueDate": "06-18-2010",
				"dlExpiryDate": "10-16-2040",
				"email": "pjanyavula_vlm@websterbank.com",
				"qusetion1": "1",
				"question2": "2",
				"userName": "test",
				"password": "password"
			}
		},
		"Test Case 2": {
			"qa": {
				"profileType": "Business",
				"address1": "35 Ginger Street-Business-qa",
				"address2": "eq=p,qf=p",
				"city": "Hartford",
				"state": "CT",
				"zip": "06118test",
				"homePhone": "8604548789",
				"ssn": "random",
				"dob": "1980-01-1980",
				"dlIssueDate": "06-18-2010",
				"dlExpiryDate": "10-16-2040",
				"email": "pjanyavula_vlm@websterbank.com",
				"qusetion1": "1",
				"question2": "2",
				"userName": "test",
				"password": "password"
			},
			"stage": {
				"profileType": "Business",
				"address1": "35 Ginger Street-Business-stage",
				"address2": "eq=p,qf=p",
				"city": "Hartford",
				"state": "CT",
				"zip": "06118test",
				"homePhone": "8604548789",
				"ssn": "random",
				"dob": "1980-01-1980",
				"dlIssueDate": "06-18-2010",
				"dlExpiryDate": "10-16-2040",
				"email": "pjanyavula_vlm@websterbank.com",
				"qusetion1": "1",
				"question2": "2",
				"userName": "test",
				"password": "password"
			}
		}
	}
}