{
	"testDataList": {
		"Test Case Name": {
			"qa": {
				"Test Data 1": {
					"profileType": "Personal",
					"address1": "35 Ginger Street"
				},
				"Test Data 2": {
					"profileType": "Persona2",
					"address1": "35 Ginger Street"
				},
				"Test Data 3": {
					"profileType": "Persona3",
					"address1": "35 Ginger Street"
				}
			},
			"stage": {
				"Test Data 1": {
					"profileType": "Personal",
					"address1": "35 Ginger Street"
				},
				"Test Data 2": {
					"profileType": "Personal",
					"address1": "35 Ginger Street"
				},
				"Test Data 3": {
					"profileType": "PersonalTest",
					"address1": "35 Ginger Street"
				}
			},
			"qaExt": {
				"Test Data 1": {
					"profileType": "Personal",
					"address1": "35 Ginger Street"
				},
				"Test Data 2": {
					"profileType": "Personal",
					"address1": "35 Ginger Street"
				},
				"Test Data 3": {
					"profileType": "Personal",
					"address1": "35 Ginger Street"
				}
			}
		}
	}
}
