{
	"testDataList": {
		"Test Case 1": {
			"Test Data 1": {
				"profileType": "Business",
				"address1": "35 Ginger Street",
				"address2": "eq=p,qf=p",
				"city": "Hartford",
				"state": "CT",
				"zip": "06118test1",
				"homePhone": "8604548789",
				"ssn": "random",
				"dob": "1980-01-1980",
				"dlIssueDate": "06-18-2010",
				"dlExpiryDate": "10-16-2040",
				"email": "pjanyavula_vlm@websterbank.com",
				"qusetion1": "1",
				"question2": "2",
				"userName": "test",
				"password": "password"
			},
			
			"Test Data 2": {
				"profileType": "Business",
				"address1": "35 Ginger Street",
				"address2": "eq=p,qf=p",
				"city": "Hartford",
				"state": "CT",
				"zip": "06118test2",
				"homePhone": "8604548789",
				"ssn": "random",
				"dob": "1980-01-1980",
				"dlIssueDate": "06-18-2010",
				"dlExpiryDate": "10-16-2040",
				"email": "pjanyavula_vlm@websterbank.com",
				"qusetion1": "1",
				"question2": "2",
				"userName": "test",
				"password": "password"
			},
			"Test Data 3": {
				"profileType": "Persona3",
				"address1": "35 Ginger Street",
				"address2": "eq=p,qf=p",
				"city": "Hartford",
				"state": "CT",
				"zip": "06118test3",
				"homePhone": "8604548789",
				"ssn": "random",
				"dob": "1980-01-1980",
				"dlIssueDate": "06-18-2010",
				"dlExpiryDate": "10-16-2040",
				"email": "pjanyavula_vlm@websterbank.com",
				"qusetion1": "1",
				"question2": "2",
				"userName": "test",
				"password": "password"
			}
		}
	}
}
