{
	"testDataList": {
		"GenericData": {
			"Request Check Copy": "Check number is required;Amount is required;Date is required",
			"Check Copy#": "1528",
			"Webster Account": "8831",
			"Year": "2018",
			"Re Order Check": "Please select a Webster account.",
			"Request Duplicate Tax Forms": "Please select an account for the form you are requesting;Please select a year for the form you are requesting;Please select a Deduct Fee From Account",
			"Format Error": "Date Check Cleared format was incorrect",
			"Empty Check#": "Check number is required",
			"3 Error Duplicate Tax Forms": "Please select an account for the form you are requesting;Please select a year for the form you are requesting;Please select a Deduct Fee From Account",
			"2 Error Duplicate Tax Forms": "Please select a year for the form you are requesting;Please select a Deduct Fee From Account",
			"1 Error Duplicate Tax Forms": "Please select a Deduct Fee From Account",
			"Check Copy": "Check;Amount;Date Check Cleared",
			"accountNumber": "0768",
			"Tax Year": "2018"
		},
		"TransHistoryLookAndFeel": {
			"AccountNumber": "4398",
			"DateRange": "Date Range",
			"DateRangeValues": "Custom Range;Since Last Statement",
			"CustomRange": "Custom Range",
			"FromDays": "525",
			"ToDays": "0",
			"SinceLastStmt": "Since Last Statement"
		},
		"DatesGrayedOutTwoYears": {
			"AccountNumber": "0067",
			"AccountNumber1": "Saving",
			"FromDays": "800",
			"ToDays": "805",
			"DatesErrorMessage": "Please select a valid date within the last 2 years",
			"SinceLastStmt": "Since Last Statement"
		},
		"DatesGrayedOutOneYear": {
			"AccountNumber": "5497",
			"AccountNumber1": "CD",
			"FromDays": "367",
			"ToDays": "370",
			"DatesErrorMessage": "Please select a valid date within the last year"
		},
		"LoanAccStatement": {
			"Loan Account Number": "2895"
		},
		"CheckDuplicateTransDetails": {
			"Account": "2813",
			"FromToDate": "12/28/2018",
			"TransDate": "12/28/2018",
			"TransAmount": "$250.00",
			"Message": "View Deposit Details"
		},
		"AccountStatements": {
			"PersonalLoanAccount": {
				"Loan Account Number": "4190",
				"StatementAccNumber": "MSP4707914190",
				"SelectStmtPeriodDate": "07/07/2019 - 08/16/2019",
				"LoanStatementDate": "08/16/2019",
				"LoanAccFormat": "xxxxxx4190",
				"AccountNumber": "4707914190",
				"Message": "Your eDelivery preferences have been updated"
			},
			"BusinessLoanAccount": {
				"Loan Account Number": "4190",
				"StatementAccNumber": "MSP4707914190",
				"SelectStmtPeriodDate": "07/07/2019 - 08/16/2019",
				"LoanStatementDate": "08/16/2019",
				"LoanAccFormat": "xxxxxx4190",
				"AccountNumber": "4707914190",
				"Message": "Your eDelivery preferences have been updated"
			}
		},
		"SortingIMSTFields": {
			"SortByOptions": "Newest to Oldest;Oldest to Newest;Withdrawals Low to High;Withdrawals High to Low;Deposits High to Low;Deposits Low to High",
			"FromDays": "120",
			"ToDays": "0",
			"NewToOld": "Newest to Oldest",
			"OldToNew": "Oldest to Newest",
			"WithdrawLowToHigh": "Withdrawals Low to High",
			"WithdrawHighToLow": "Withdrawals High to Low",
			"DepositsLowToHigh": "Deposits Low to High",
			"DepositsHighToLow": "Deposits High to Low"
		},
		"SortingAMMSFields": {
			"SortByOptions": "Newest to Oldest;Oldest to Newest;Amount High to Low;Amount Low to High",
			"FromDays": "120",
			"ToDays": "0",
			"AccountNumber": "5497",
			"NewToOld": "Newest to Oldest",
			"OldToNew": "Oldest to Newest",
			"AmountHighToLow": "Amount High to Low",
			"AmountLowToHigh": "Amount Low to High"
		},
		"DateRangeValues": {
			"List1": "Custom Range",
			"List2": "Since Last Statement",
			"List3": "/"
		},
		"TransHistFilterOptionsIM": {
			"List1": "All",
			"List2": "Other Credit",
			"List3": "Other Debit",
			"List4": "Online Payment"
		},
		"TransHistFilterOptionsForIMST": {
			"AccountNumber": "1774",
			"FromDays": "360",
			"ToDays": "0",
			"OtherDebit": "Other Debit",
			"OtherCredit": "Other Credit",
			"CheckWithdrawal": "Check Withdrawal",
			"OnlinePayment": "Online Payment"
		},
		"TransHistFilterOptionsForAMMS": {
			"AccountNumber": "7507",
			"FromDays": "360",
			"ToDays": "0",
			"AUTODEBITPAYMENT": "AUTO DEBIT PAYMENT - THANK YOU",
			"FEEASSESSMENT": "FEE ASSESSMENT"
		},
		"TransHistFilterOptionsAM": {
			"List1": "All",
			"List2": "AUTO DEBIT PAYMENT - THANK YOU",
			"List3": "FEE ASSESSMENT"
		},
		"TransHistSearchBar": {
			"AccountNumber": "0067",
			"FromDays": "50",
			"ToDays": "0",
			"OtherCredit": "Other Credit",
			"Amount": "$"
		},
		"DepositPage": {
			"FromDays": "300",
			"ToDays": "0",
			"Message": "View Deposit Details"
		},
		"TransHisAdvanceSearch": {
			"AccountNumber": "xxxxxx9343",
			"TransType": "Select"
		},
		"DateRangeAndDateOptions": {
			"AccountNumber": "xxxxxx2965",
			"FromDays": "300",
			"ToDays": "0",
			"EnrollMsg": "Don't want to view your Deposit Details?",
			"DepositTicketFront": "Deposit Ticket Front",
			"Amount": "2000"
		},
		"EnableProductEligibility": {
			"Message": "Product updated successfully. NOTE: Existing customer accounts with this product type that were enrolled in View Deposit Details will continue to be enrolled despite this product update. To unenroll these accounts, a production support ticket must be submitted to IT.",
			"AccountNumber": "xxxxxx0404",
			"Message1": "Product updated successfully"
		},
		"DisableProductEligibility": {
			"Message": "Product updated successfully. NOTE: Existing customer accounts with this product type that were enrolled in View Deposit Details will continue to be enrolled despite this product update. To unenroll these accounts, a production support ticket must be submitted to IT.",
			"AccountNumber": "xxxxxx0138",
			"Message1": "Product updated successfully"
		},
		"EnableDepositDetails": {
			"Message": "Product updated successfully"
		},
		"DisableDepositDetails": {
			"Message": "Product updated successfully",
			"Mesage1": "Product updated successfully. NOTE: Existing customer accounts with this product type that were enrolled in View Deposit Details will continue to be enrolled despite this product update. To unenroll these accounts, a production support ticket must be submitted to IT."
		},
		"UpdateViewDepositDetailsDeleted": {
			"AccountNumber": "xxxxxx1461",
			"Username": "adirican",
			"Message": "Instructions: If checkbox is checked, account(s) are enrolled in View Deposit Details. To turn on View Deposit Details select the check box next to the appropriate account number(s).",
			"Message1": "Accounts Eligible for View Deposit Details:",
			"AccountNumber1": "9300931461"
		},
		"DepositPageColumns": {
			"List1": "Name",
			"List2": "Username",
			"List3": "SSN/TIN",
			"List4": "CIF",
			"List5": "PAN",
			"List6": "Customer ID"
		},
		"DepositPageHeaderColumns": {
			"List1": "View Deposit Details",
			"List2": "Account Number",
			"List3": "Description"
		},
		"UpdateAuditTrailEnroll": {
			"AccountNumber": "xxxxxx1461",
			"Username": "adirican",
			"RecordsCount": "Total Records ="
		},
		"CustomerSearchButtons": {
			"List1": "Customer Details",
			"List2": "Start new Search",
			"List3": "Modify Search"
		},
		"TransColumns": {
			"List1": "Transaction Name",
			"List2": "Created By",
			"List3": "Tran Date/Time",
			"List4": "Cust ID/User ID",
			"List5": "SSN",
			"List6": "Details",
			"List7": "Comments"
		},
		"TransColumnsValues": {
			"List1": "Update View Deposit Details Preferences",
			"List2": "Cust:adirican",
			"List3": "936436/992808",
			"List4": "281-18-7203",
			"List5": "view",
			"List6": "9300931461,ENROLLED"
		},
		"CustomerButtons": {
			"List1": "Customer Details",
			"List2": "Start new Search"
		},
		"TransUpdateColumns": {
			"List1": "Transaction Name:",
			"List2": "Created By:",
			"List3": "Transaction Date/Time:",
			"List4": "Customer ID:",
			"List5": "User ID:",
			"List6": "SSN:"
		},
		"TransUpdateColumnsValues": {
			"List1": "Update View Deposit Details Preferences",
			"List2": "Cust:adirican",
			"List3": "936436",
			"List4": "992808",
			"List5": "281-18-7203"
		},
		"TransAccDetails": {
			"List1": "Account Number:",
			"List2": "Appl Code:",
			"List3": "View Deposit Details Indicator:"
		},
		"TransAccountData": {
			"List1": "9300931461",
			"List2": "IM",
			"List3": "ENROLLED"
		},
		"UpdateAuditTrailUnEnroll": {
			"AccountNumber": "xxxxxx1461",
			"Username": "adirican",
			"RecordsCount": "Total Records ="
		},
		"TransColumnsUnEnrollValues": {
			"List1": "Update View Deposit Details Preferences",
			"List2": "Cust:adirican",
			"List3": "936436/992808",
			"List4": "281-18-7203",
			"List5": "view",
			"List6": "9300931461,UN-ENROLLED"
		},
		"TransUnEnrollAccDetails": {
			"List1": "9320247076",
			"List2": "IM",
			"List3": "UN-ENROLLED"
		},
		"AuditInfoForEnrollment": {
			"AccountNumber": "xxxxxx1461",
			"AccountNumber1": "9300931461",
			"Username": "adirican",
			"DepositDetails": "View Deposit Details"
		},
		"AuditTrailBankUserUpdate": {
			"AccountNumber": "9301005341",
			"Message": "Instructions: If checkbox is checked, account(s) are enrolled in View Deposit Details. To turn on View Deposit Details select the check box next to the appropriate account number(s).",
			"Message1": "Accounts Eligible for View Deposit Details:",
			"Message2": "has been unenrolled from View Deposit Details.",
			"Message3": "has been enrolled in View Deposit Details.",
			"RecordsCount": "Total Records =",
			"Username": "adirican",
			"DepositDetails": "View Deposit Details"
		},
		"DateRangeOptions": {
			"PersonalUser": {
				"AccountNumber": "6079",
				"SinceLastStatement": "Since Last Statement",
				"PreviousStatement": "Previous Statements",
				"CustomRange": "Custom Range",
				"FromDays": "367",
				"ToDays": "370",
				"DatesErrorMessage": "Please select a valid date within the last year"
			},
			"BusinessUser": {
				"AccountNumber": "5712",
				"SinceLastStatement": "Since Last Statement",
				"PreviousStatement": "Previous Statements",
				"CustomRange": "Custom Range",
				"FromDays": "367",
				"ToDays": "370",
				"DatesErrorMessage": "Please select a valid date within the last year"
			},
			"PersonalUser1": {
				"AccountNumber": "2981",
				"SinceLastStatement": "Since Last Statement",
				"PreviousStatement": "Previous Statements",
				"CustomRange": "Custom Range",
				"FromDays": "367",
				"ToDays": "370",
				"DatesErrorMessage": "Please select a valid date within the last year"
			}
		},
		"EnrollNonEligibleProducts": {
			"PersonalUser": {
				"AccountNumber": "3982"
			},
			"BusinessUser": {
				"AccountNumber": "0179"
			}
		},
		"EnrollUnEnrollAccs": {
			"PersonalUser": {
				"Message1": "You can update your View Deposit Details Preferences for your account by selecting or deselecting the check box(es) below.",
				"Message2": "Note: By selecting View Deposit Details for your account, you will be able to view the details of deposits made at a banking center or with a mobile device, including the images of your deposit ticket and all the checks associated with the deposit.",
				"Message3": "Your View Deposit Details preferences have been updated",
				"Message4": "Accounts enrolled in View Deposit Details",
				"Message5": "Accounts un-enrolled from View Deposit Details",
				"AccOptions": "Check/Uncheck All",
				"AccountNumber1": "xxxxxx7797",
				"AccountNumber2": "xxxxxx2783"
			},
			"BusinessUser": {
				"Message1": "You can update your View Deposit Details Preferences for your account by selecting or deselecting the check box(es) below.",
				"Message2": "Note: By selecting View Deposit Details for your account, you will be able to view the details of deposits made at a banking center or with a mobile device, including the images of your deposit ticket and all the checks associated with the deposit.",
				"Message3": "Your View Deposit Details preferences have been updated",
				"Message4": "Accounts enrolled in View Deposit Details",
				"Message5": "Accounts un-enrolled from View Deposit Details",
				"AccOptions": "Check/Uncheck All",
				"AccountNumber1": "xxxxxx0138",
				"AccountNumber2": "xxxxxx0404"
			}
		},
		"UnEnrollAccs": {
			"PersonalUser": {
				"Message": "Opt in to View Deposit Details to have access to the images of all the checks associated with this deposit.",
				"AccountNumber": "xxxxxx2965",
				"Message1": "View Deposit Details",
				"FromDays": "300",
				"ToDays": "0"
			},
			"BusinessUser": {
				"Message": "Opt in to View Deposit Details to have access to the images of all the checks associated with this deposit.",
				"AccountNumber": "xxxxxx9793",
				"Message1": "View Deposit Details",
				"FromDays": "300",
				"ToDays": "0"
			}
		},
		"EnrollAccs": {
			"BusinessUser": {
				"AccountNumber": "xxxxxx5825",
				"FromDays": "600",
				"ToDays": "0"
			},
			"PersonalUser": {
				"AccountNumber": "xxxxxx8319",
				"FromDays": "600",
				"ToDays": "0"
			}
		},
		"LoanStatement": {
			"BusinessUser": {
				"CheckingAccount": "9295",
				"SavingAccount": "4398",
				"LoanAccount": "2809",
				"Amount": "$"
			},
			"PersonalUser": {
				"CheckingAccount": "1774",
				"SavingAccount": "1545",
				"LoanAccount": "5825",
				"Amount": "$"
			}
		},
		"ErrorMsgForTwoYears": {
			"BusinessUser": {
				"AccountNumber": "xxxxxx1774",
				"FromDays": "735",
				"ToDays": "0",
				"Message1": "Please select a valid date within the last 2 years",
				"Message2": "There are no transactions for the search criteria selected",
				"Message3": "Select Date Range to view up to two years of transaction history for deposit accounts. To access extended history, select Previous Statements."
			},
			"PersonalUser": {
				"AccountNumber": "xxxxxx3225",
				"FromDays": "735",
				"ToDays": "0",
				"Message1": "Please select a valid date within the last 2 years",
				"Message2": "There are no transactions for the search criteria selected",
				"Message3": "Select Date Range to view up to two years of transaction history for deposit accounts. To access extended history, select Previous Statements."
			}
		},
		"ErrorMsgForOneYear": {
			"BusinessUser": {
				"AccountNumber": "xxxxxx5497",
				"FromDays": "367",
				"ToDays": "0",
				"Message1": "Please select a valid date within the last year",
				"Message2": "There are no transactions for the search criteria selected",
				"Message3": "Select Date Range to view up to two years of transaction history for deposit accounts. To access extended history, select Previous Statements."
			},
			"PersonalUser": {
				"AccountNumber": "xxxxxx2840",
				"FromDays": "367",
				"ToDays": "0",
				"Message1": "Please select a valid date within the last year",
				"Message2": "There are no transactions for the search criteria selected",
				"Message3": "Select Date Range to view up to two years of transaction history for deposit accounts. To access extended history, select Previous Statements."
			}
		},
		"ErrorMsgForOneYearCDAcc": {
			"PersonalUser": {
				"AccountNumber": "xxxxxx5712",
				"FromDays": "367",
				"ToDays": "367",
				"Message": "Please select a valid date within the last year"
			},
			"BusinessUser": {
				"AccountNumber": "xxxxxx2981",
				"FromDays": "367",
				"ToDays": "367",
				"Message": "Please select a valid date within the last year"
			}
		},
		"ErrorMsgTwoYears": {
			"PersonalUser": {
				"AccountNumber": "xxxxxx8319",
				"FromDays": "735",
				"ToDays": "0",
				"Message1": "To access more than 2 years of history",
				"Message2": "Please review and correct the issues we have identified with the information you provided.",
				"Message3": "Select Date Range to view up to two years of transaction history for deposit accounts. To access extended history, select Previous Statements."
			},
			"BusinessUser": {
				"AccountNumber": "xxxxxx1774",
				"FromDays": "735",
				"ToDays": "0",
				"Message1": "To access more than 2 years of history",
				"Message2": "Please review and correct the issues we have identified with the information you provided.",
				"Message3": "Select Date Range to view up to two years of transaction history for deposit accounts. To access extended history, select Previous Statements."
			}
		},
		"ViewDepositsEnrollAccs": {
			"PersonalUser": {
				"AccountNumber": "xxxxxx2965",
				"FromDays": "360",
				"ToDays": "0",
				"Message1": "View Deposit Details",
				"Message2": "Don't want to view your Deposit Details?",
				"Message3": "Deposit Ticket Front"
			},
			"BusinessUser": {
				"AccountNumber": "xxxxxx2965",
				"FromDays": "360",
				"ToDays": "0",
				"Message1": "View Deposit Details",
				"Message2": "Don't want to view your Deposit Details?",
				"Message3": "Deposit Ticket Front"
			}
		},
		"ViewDepositsError": {
			"AccountNumber": "xxxxxx2965",
			"FromDays": "360",
			"ToDays": "0",
			"Message1": "View Deposit Details",
			"Message2": "Don't want to view your Deposit Details?",
			"Message3": "Deposit Ticket Front",
			"Amount": "2000"
		},
		"CashDuplicateDetails": {
			"Account": "3542",
			"FromToDate": "12/10/2018",
			"TransDate": "12/10/18",
			"TransAmount": "$675.00",
			"Message": "View Deposit Details"
		},
		"ViewDepositsNonEligibleAccs": {
			"PersonalUser": {
				"LoanAccount": "4190"
			},
			"BusinessUser": {
				"LoanAccount": "4190"
			}
		},
		"AuditInfoForUnEnrollmentDetails": {
			"BusinessUser": {
				"UserName1": "adirican",
				"Message": "View Deposit Details",
				"AccountNumber": "9300931461",
				"AccountNumberFormat": "xxxxxx1461"
			},
			"PersonalUser": {
				"UserName1": "Buschlight",
				"Message": "View Deposit Details",
				"AccountNumber": "00010105381748",
				"AccountNumberFormat": "xxxxxx1748"
			}
		},
		"DepositDetailsEnrolledAccs": {
			"PersonalUser": {
				"AccountNumber": "xxxxxx2965",
				"Message": "View Deposit Details",
				"Message1": "Don't want to view your Deposit Details?",
				"Message2": "Deposit Ticket Front",
				"FromDays": "600",
				"ToDays": "0"
			},
			"BusinessUser": {
				"AccountNumber": "xxxxxx2965",
				"Message": "View Deposit Details",
				"Message1": "Don't want to view your Deposit Details?",
				"Message2": "Deposit Ticket Front",
				"FromDays": "600",
				"ToDays": "0"
			}
		},
		"Verify120PlusTrans": {
			"PersonalUser": {
				"AccountNumber": "0473",
				"FromDays": "640",
				"ToDays": "0"
			},
			"BusinessUser": {
				"AccountNumber": "5523",
				"FromDays": "640",
				"ToDays": "0"
			}
		},
		"EnrollWebComAndWOL": {
			"UserName": "DIGESTIVE",
			"Message": "Instructions: If checkbox is checked, account(s) are enrolled in View Deposit Details. To turn on View Deposit Details select the check box next to the appropriate account number(s).",
			"Message1": "Accounts Eligible for View Deposit Details:",
			"AccountNumber": "0017172965",
			"Message2": "has been unenrolled from View Deposit Details.",
			"Message3": "has been enrolled in View Deposit Details.",
			"AccFormat": "xxxxxx2965",
			"Message4": "Don't want to view your Deposit Details?",
			"Message6": "View Deposit Details",
			"Message5": "Deposit Ticket Front",
			"FromDays": "600",
			"ToDays": "0"
		},
		"AuditForUnEnrollment": {
			"PersonalUser": {
				"List1": "Update View Deposit Details Preferences",
				"List2": "Cust:adirican",
				"List3": "936436",
				"List4": "992808",
				"List5": "281-18-7203"
			},
			"BusinessUser": {
				"List1": "Update View Deposit Details Preferences",
				"List2": "Cust:Buschlight",
				"List3": "7082",
				"List4": "7082",
				"List5": "289-50-0211"
			}
		},
		"AuditUnEnrollment": {
			"PersonalUser": {
				"List1": "9300931461",
				"List2": "IM",
				"List3": "UN-ENROLLED"
			},
			"BusinessUser": {
				"List1": "00010105381748",
				"List2": "ST1",
				"List3": "UN-ENROLLED"
			}
		},
		"AuditInfoForUnEnrollment": {
			"BusinessUser": {
				"UserName": "adirican",
				"Message": "Instructions: If checkbox is checked, account(s) are enrolled in View Deposit Details. To turn on View Deposit Details select the check box next to the appropriate account number(s).",
				"Message1": "Accounts Eligible for View Deposit Details:",
				"Message2": "has been enrolled in View Deposit Details.",
				"Message3": "has been unenrolled from View Deposit Details.",
				"Message4": "View Deposit Details",
				"AccountNumber": "9300931461"
			},
			"PersonalUser": {
				"UserName": "Buschlight",
				"Message": "Instructions: If checkbox is checked, account(s) are enrolled in View Deposit Details. To turn on View Deposit Details select the check box next to the appropriate account number(s).",
				"Message1": "Accounts Eligible for View Deposit Details:",
				"Message2": "has been enrolled in View Deposit Details.",
				"Message3": "has been unenrolled from View Deposit Details.",
				"Message4": "View Deposit Details",
				"AccountNumber": "00010105381748"
			}
		}
	}
}


