{
	"testDataList": {
		"ErrorMessages": {
			"Message1": "Please enter your new email address.",
			"Message2": "Please enter your new email address"
		},
		"TravelNotificationMessage": {
			"NotificationMessage1": "Please enter a valid phone number",
			"NotificationMessage2": "Please enter a valid date (Today or later)",
			"NotificationMessage3": "Please enter a valid date (Later than Travel Start Date)",
			"NotificationMessage4": "Please enter the locations where you may use your card(s)"
		},
		"Messages": {
			"Info": "Account Alerts and other important communications are delivered to your email address. Please ensure the email address in your Online Profile is correct",
			"Error": "Before you continue, please correct the following information",
			"Success": "Your email has been successfully updated"
		}
	}
}