{
	"testDataList": {
		"Verify Selection": {
			"Content1": "Click Continue to process your request to change your"
		},
		"NoAccountsMessage": {
			"Message": "We could not process your request because there are no accounts in your Online Profile that are eligible for upgrade. Please contact us at 800.995.9995, 24 hours a day, 7 days a week for additional information."
		},
		"DisclosureText": {
			"Text1": "Deposit Account Disclosure for Consumer Accounts",
			"Text2": "Fee Schedule for Consumer Accounts",
			"Text3": "Interest Rate Disclosure"
		},
		"Validation Text": {
			"ErrorText": "Before you continue, you must read and agree to each individual disclosure"
		},
		"processText": {
			"Text1": "Your request has been received and will be processed within 1-2 business days. Once complete, your new account type will automatically be reflected in your Online Profile. You will also be sent an email to confirm your upgrade request."
		},
		"labelNames": {
			"Label1": "Old Account Type",
			"Label2": "New Account Type",
			"Label3": "Confirmation Number",
			"Label4": "Confirmation Date"
		},
		"UpgradeAccount": {
			"IM048_IM039": {
				"FromAccount": "Premier Checking",
				"ToAccount": "Webster Value Checking"
			},
			"IM039_IM048": {
				"FromAccount": "Webster Value Checking",
				"ToAccount": "Premier Checking"
			},
			"IM047_IM039": {
				"FromAccount": "WebsterOne Checking",
				"ToAccount": "Webster Value Checking"
			},
			"IM039_IM047": {
				"FromAccount": "Webster Value Checking",
				"ToAccount": "WebsterOne Checking"
			},
			"IM048_IM047": {
				"FromAccount": "Premier Checking",
				"ToAccount": "WebsterOne Checking"
			},
			"IM047_IM048": {
				"FromAccount": "WebsterOne Checking",
				"ToAccount": "Premier Checking"
			}
		},
		"MultipleAccounts": {
			"Purged": {
				"FromAccount": "Premier Checking"
			},
			"Closed": {
				"FromAccount": "xxxxxx5031 Premier Checking"
			}
		},
		"Content": {
			"Description Note": "Your checking accounts indicated below are eligible for upgrading. Select the account that you wish to upgrade and click Continue to proceed.",
			"Product Note": "Webster offers a variety of checking options to meet your unique needs. Compare our accounts side by side and see which one works best for you and click Upgrade to proceed."
		},
		"Links1": {
			"Link1": "View your account balances",
			"Link2": "Manage your Webster accounts"
		}
	}
}