{
	"testDataList": {
		"labels1": {
			"Header1": "Customer Details",
			"Header2": "Start new Search",
			"Header3": "Modify Search"
		},
		"labels2": {
			"Total Records =": "Total Records ="
		},
		"labels3": {
			"Label1": "Name",
			"Label2": "Username",
			"Label3": "SSN/TIN",
			"Label4": "CIF",
			"Label5": "PAN",
			"Label6": "Customer ID"
		},
		"labels4": {
			"Label1": "View Deposit Details",
			"Label2": "Account Number",
			"Label3": "Description"
		},
		"EnrollWebcom": {
			"Enroll": "9320200503",
			"UnEnroll": "9320247076",
			"EnrollFormat": "xxxxxx0503",
			"UnEnrollFormat": "xxxxxx7076"
		},
		"UserDetails": {
			"User1": {
				"Username1": "adirican",
				"AccountFormat": "xxxxxx1461",
				"AccountNumber": "9300931461",
				"AccountType": "IM",
				"CreatedBy": "Cust:adirican",
				"CustID/UserID": "936436/992808",
				"SSN": "281-18-7203",
				"Comments": "9300931461,ENROLLED"
			},
			"User2": {
				"Username1": "Buschlight",
				"AccountFormat": "xxxxxx1748",
				"AccountNumber": "00010105381748",
				"AccountType": "ST1",
				"CreatedBy": "Cust:Buschlight",
				"CustID/UserID": "7082/ 7082",
				"SSN": "289-50-0211",
				"Comments": "00010105381748 ,ENROLLED"
			}
		},
		"LabelData": {
			"User1": {
				"Header1": "Update View Deposit Details Preferences",
				"view": "view",
				"AccountType": "IM",
				"CreatedBy": "Cust:adirican",
				"CustID/UserID": "936436/992808",
				"SSN": "281-18-7203",
				"Comments": "9300931461,ENROLLED"
			},
			"User2": {
				"Header1": "Update View Deposit Details Preferences",
				"view": "view",
				"AccountType": "ST1",
				"CreatedBy": "Cust:Buschlight",
				"CustID/UserID": "7082/ 7082",
				"SSN": "289-50-0211",
				"Comments": "00010105381748 ,ENROLLED"
			}
		},
		"LabelDataWithDates": {
			"User1": {
				"AccountFormat": "xxxxxx9793",
				"FromDate": "300",
				"ToDate": "0",
				"View Deposit Details": "View Deposit Details",
				"Message": "Don't want to view your Deposit Details?"
			},
			"User2": {
				"AccountFormat": "xxxxxx2965",
				"FromDate": "300",
				"ToDate": "0",
				"View Deposit Details": "View Deposit Details",
				"Message": "Don't want to view your Deposit Details?"
			}
		},
		"Enroll": {
			"AccountFormat": "xxxxxx2965",
			"FromDate": "300",
			"ToDate": "0",
			"View Deposit Details": "View Deposit Details",
			"Message": "Opt in to View Deposit Details to have access to the images of all the checks associated with this deposit."
		},
		"EnrollTransHistory": {
			"AccountFormat": "xxxxxx9793",
			"FromDate": "360",
			"ToDate": "0",
			"View Deposit Details": "View Deposit Details",
			"Message": "Don't want to view your Deposit Details?",
			"Message1": "Opt in to View Deposit Details to have access to the images of all the checks associated with this deposit."
		},
		"change": {
			"Change": "Yes",
			"Message": "You have successfully registered for Enhanced Online Security."
		}
	}
}			
