{
	"testDataList": {
		"ExistUserCheckingAccDepositDetails": {
			"Social Security Number": "ReplaceMe",
			"Best Phone Number": "ReplaceMe",
			"Name": "ReplaceMe",
			"Driver's License Number": "ReplaceMe",
			"ProductType": "Checkings",
			"AccountType": "Webster Value Checking",
			"Account Requested": "Webster Value Checking",
			"Email": "vpedireddi@websterbank.com",
			"Address1": "35 ginger street",
			"Address2": "eq=p,qf=p",
			"City": "hartford",
			"Zipcode": "06118",
			"Date of Birth": "02/05/1990",
			"Country of Citizenship Full Name": "United States of America",
			"Country of Citizenship": "US",
			"Driver's License State": "Connecticut",
			"State": "CT",
			"State Full Name": "Connecticut",
			"Driver's License Issue Date": "02/05/2015",
			"Driver's License Expiration Date": "02/05/2025",
			"Affiliations Question 1": "No",
			"Affiliations Question 2": "Yes",
			"Employment Status": "Employed",
			"Employer Name": "VAM",
			"Job Title": "Systems Engineer",
			"International Wire Transfers": "No",
			"Average Monthly Cash Deposit Amount": "Less than $5,000",
			"Average Monthly Cash Withdrawal Amount": "Less than $5,000",
			"Sign up for Debit Card Overdraft Services": "Yes",
			"Sign up for eDelivery": "No",
			"Emulation Question1": "11",
			"Emulation Question2": "22",
			"Confirmation Message": "Congratulations! You have successfully opened your new ReplaceMe account.",
			"CashIn Question": "Federal Law requires financial institutions to obtain this information any time a customer opens a new account.",
			"CashOut Question": "Federal Law requires financial institutions to obtain this information any time a customer opens a new account.",
			"License Number": "This information will be used to validate your identity, which is required by federal law.",
			"NAO Routing Number": "211170101"
		},
		"ExistingUserST1AccDepositDetails": {
			"Social Security Number": "ReplaceMe",
			"Best Phone Number": "ReplaceMe",
			"Name": "ReplaceMe",
			"Driver's License Number": "ReplaceMe",
			"ProductType": "Savings",
			"AccountType": "Webster Value Savings",
			"Account Requested": "Webster Value Savings",
			"Email": "skarri@websterbank.com",
			"Address1": "35 ginger street",
			"Address2": "eq=p,qf=p",
			"City": "hartford",
			"Zipcode": "06118",
			"Date of Birth": "02/05/1990",
			"Country of Citizenship Full Name": "United States of America",
			"Country of Citizenship": "US",
			"Driver's License State": "Connecticut",
			"State": "CT",
			"State Full Name": "Connecticut",
			"Driver's License Issue Date": "02/05/2015",
			"Driver's License Expiration Date": "02/05/2025",
			"Affiliations Question 1": "No",
			"Affiliations Question 2": "Yes",
			"Employment Status": "Employed",
			"Employer Name": "VAM",
			"Job Title": "Systems Engineer",
			"International Wire Transfers": "No",
			"Average Monthly Cash Deposit Amount": "Less than $5,000",
			"Average Monthly Cash Withdrawal Amount": "Less than $5,000",
			"Sign up for Debit Card Overdraft Services": "Yes",
			"Sign up for eDelivery": "No",
			"Emulation Question1": "11",
			"Emulation Question2": "22",
			"Confirmation Message": "Congratulations! You have successfully opened your new ReplaceMe account.",
			"CashIn Question": "Federal Law requires financial institutions to obtain this information any time a customer opens a new account.",
			"CashOut Question": "Federal Law requires financial institutions to obtain this information any time a customer opens a new account.",
			"License Number": "This information will be used to validate your identity, which is required by federal law.",
			"Successfully Applied For Account": "You have successfully applied for a new account.",
			"NAO Routing Number": "211170101"
		},
		"NewUserCheckingAccDepositDetails": {
			"Social Security Number": "ReplaceMe",
			"Best Phone Number": "ReplaceMe",
			"Name": "ReplaceMe",
			"Driver's License Number": "ReplaceMe",
			"ProductType": "Checkings",
			"AccountType": "Webster Value Checking",
			"Account Requested": "Webster Value Checking",
			"Email": "vpedireddi@websterbank.com",
			"Address1": "35 ginger street",
			"Address2": "eq=p,qf=p",
			"City": "hartford",
			"Zipcode": "06118",
			"Date of Birth": "02/05/1990",
			"Country of Citizenship Full Name": "United States of America",
			"Country of Citizenship": "US",
			"Driver's License State": "Connecticut",
			"State": "CT",
			"State Full Name": "Connecticut",
			"Driver's License Issue Date": "02/05/2015",
			"Driver's License Expiration Date": "02/05/2025",
			"Affiliations Question 1": "No",
			"Affiliations Question 2": "No",
			"Employment Status": "Employed",
			"Employer Name": "VAM",
			"Job Title": "Systems Engineer",
			"International Wire Transfers": "No",
			"Average Monthly Cash Deposit Amount": "Less than $5,000",
			"Average Monthly Cash Withdrawal Amount": "Less than $5,000",
			"Sign up for Debit Card Overdraft Services": "Yes",
			"Sign up for eDelivery": "No",
			"Emulation Question1": "11",
			"Emulation Question2": "22",
			"Confirmation Message": "Congratulations! You have successfully opened your new ReplaceMe account.",
			"CashIn Question": "Federal Law requires financial institutions to obtain this information any time a customer opens a new account.",
			"CashOut Question": "Federal Law requires financial institutions to obtain this information any time a customer opens a new account.",
			"License Number": "This information will be used to validate your identity, which is required by federal law.",
			"NAO Routing Number": "211170101"
		},
		"NewUserST1AccDepositDetails": {
			"Social Security Number": "ReplaceMe",
			"Best Phone Number": "ReplaceMe",
			"Name": "ReplaceMe",
			"Driver's License Number": "ReplaceMe",
			"ProductType": "Savings",
			"AccountType": "Premium Money Market Savings",
			"Account Requested": "Premium Money Market Savings",
			"Email": "vpedireddi@websterbank.com",
			"Address1": "35 ginger street",
			"Address2": "eq=p,qf=p",
			"City": "hartford",
			"Zipcode": "06118",
			"Date of Birth": "02/05/1990",
			"Country of Citizenship Full Name": "United States of America",
			"Country of Citizenship": "US",
			"Driver's License State": "Connecticut",
			"State": "CT",
			"State Full Name": "Connecticut",
			"Driver's License Issue Date": "02/05/2015",
			"Driver's License Expiration Date": "02/05/2025",
			"Affiliations Question 1": "No",
			"Affiliations Question 2": "Yes",
			"Employment Status": "Employed",
			"Employer Name": "VAM",
			"Job Title": "Systems Engineer",
			"International Wire Transfers": "No",
			"Average Monthly Cash Deposit Amount": "Less than $5,000",
			"Average Monthly Cash Withdrawal Amount": "Less than $5,000",
			"Sign up for Debit Card Overdraft Services": "Yes",
			"Sign up for eDelivery": "No",
			"Emulation Question1": "11",
			"Emulation Question2": "22",
			"Confirmation Message": "Congratulations! You have successfully opened your new ReplaceMe account.",
			"CashIn Question": "Federal Law requires financial institutions to obtain this information any time a customer opens a new account.",
			"CashOut Question": "Federal Law requires financial institutions to obtain this information any time a customer opens a new account.",
			"License Number": "This information will be used to validate your identity, which is required by federal law.",
			"NAO Routing Number": "211170101"
		},
		"PersonalEnrollmentWithIMAccount": {
			"First Name": "JASEN",
			"Middle Initial": "L",
			"Last Name": "CLOSTER",
			"Suffix": "",
			"Street Address": "60799 EAST 65TH AVENUE",
			"Street Address Line 2": "eq=p,qf=p",
			"City": "SOUTHINGTON",
			"State": "CT",
			"Zip": "06489",
			"Home Phone": "(860) 454-8789",
			"Office Phone": "(860) 454-8789",
			"Social Security #": "779995292",
			"Date of Birth": "1962-10-30",
			"Driver's License state": "CT",
			"Driver's License #": "984657655",
			"License Issue date": "2010-10-10",
			"License Expiration Date": "2040-10-10",
			"Email Address": "vpedireddi@websterbank.com",
			"Account Type": "5",
			"Webster Bank Account #": "0019710613",
			"User Name": "random",
			"Password": "password",
			"CnfrmPassword": "password",
			"qusetion1": "1",
			"question2": "2"
		},
		"PersonalEnrollmentWithST1Account": {
			"First Name": "JASEN",
			"Middle Initial": "L",
			"Last Name": "CLOSTER",
			"Suffix": "",
			"Street Address": "60799 EAST 65TH AVENUE",
			"Street Address Line 2": "eq=p,qf=p",
			"City": "SOUTHINGTON",
			"State": "CT",
			"Zip": "06489",
			"Home Phone": "(860) 454-8789",
			"Office Phone": "(860) 454-8789",
			"Social Security #": "779995292",
			"Date of Birth": "1962-10-30",
			"Driver's License state": "CT",
			"Driver's License #": "984657655",
			"License Issue date": "2010-10-10",
			"License Expiration Date": "2040-10-10",
			"Email Address": "vpedireddi@websterbank.com",
			"Account Type": "6",
			"Webster Bank Account #": "00010104645720",
			"User Name": "random",
			"Password": "password",
			"CnfrmPassword": "password",
			"qusetion1": "1",
			"question2": "2"
		},
		"BusinessEnrollmentWithIMAccount": {
			"First Name": "Srinivas",
			"Middle Initial": "a",
			"Last Name": "Ramanujan",
			"Suffix": "",
			"Street Address": "35 Ginger Street",
			"Street Address Line 2": "eq=p,qf=p",
			"City": "Hartford",
			"State": "CT",
			"Zip": "06118",
			"Home Phone": "(860) 454-8789",
			"Office Phone": "(860) 454-8789",
			"Social Security #": "049817246",
			"Date of Birth": "1983-02-11",
			"Driver's License state": "CT",
			"Driver's License #": "984657655",
			"License Issue date": "2010-10-10",
			"License Expiration Date": "2040-10-10",
			"Email Address": "vpedireddi@websterbank.com",
			"Taxpayer ID#": "500554222",
			"Account Type": "5",
			"Business Account #": "9589885",
			"Years In Business": "86",
			"Industry": "3",
			"# of Employees": "77",
			"User Name": "random",
			"Password": "password",
			"CnfrmPassword": "password",
			"qusetion1": "1",
			"question2": "2"
		},
		"BusinessEnrollmentWithST1Account": {
			"First Name": "BRIANNE",
			"Middle Initial": "F",
			"Last Name": "MADDALONI",
			"Suffix": "",
			"Street Address": "35 Ginger Street",
			"Street Address Line 2": "eq=p,qf=p",
			"City": "Hartford",
			"State": "CT",
			"Zip": "06118",
			"Home Phone": "(860) 454-8789",
			"Office Phone": "(860) 454-8789",
			"Social Security #": "047978275",
			"Date of Birth": "1948-12-29",
			"Driver's License state": "CT",
			"Driver's License #": "984657655",
			"License Issue date": "2010-10-10",
			"License Expiration Date": "2040-10-10",
			"Email Address": "vpedireddi@websterbank.com",
			"Taxpayer ID#": "772115155",
			"Account Type": "6",
			"Business Account #": "00010105209037",
			"Years In Business": "86",
			"Industry": "3",
			"# of Employees": "77",
			"User Name": "random",
			"Password": "password",
			"CnfrmPassword": "password",
			"qusetion1": "1",
			"question2": "2"
		}
	}
}