{
	"testDataList": {
		"CreateCheckingPromo": {
			"Online Services Code": "Webster",
			"System Promo Code": "",
			"System Campaign Code": "Auto Test",
			"Start Date": "",
			"End Date": "08/08/2021",
			"Promotion/Campaign Name": "Auto Campaign",
			"Promotion Product": "IM019",
			"Min Open Dep": "1,000.00",
			"Promotion Rate": "1.50",
			"Promotion APY": "1.20",
			"Channel": "Personal",
			"Promo Description": "Test",
			"T & C": "Test",
			"Confirmation Page": "Test"
		},
		"CreateSavingPromo": {
			"Online Services Code": "Webster",
			"System Promo Code": "",
			"System Campaign Code": "Auto Test",
			"Start Date": "",
			"End Date": "08/08/2021",
			"Promotion/Campaign Name": "Auto Campaign",
			"Promotion Product": "ST1157",
			"Min Open Dep": "1,000.00",
			"Promotion Rate": "1.50",
			"Promotion APY": "1.20",
			"Channel": "Personal",
			"Promo Description": "Test",
			"T & C": "Test",
			"Confirmation Page": "Test"
		},
		"Check NAO Order Labels": {
			"Right": "Int'l Wire Services,Avg. cash-in$ amount,Avg. cash-out$ amount",
			"Left": "PEP Question 1,PEP Question 2"
		},
		"SinglePersonalRefusedFlag": {
			"WIL Service": "Customer Services",
			"Request Action": "Get Customer Profile (Search by CIF)",
			"CIF": "00000001501330",
			"AccountType": "Webster Value Checking",
			"Account Requested": "Webster Value Checking",
			"Driver's License Number": "859565854",
			"Social Security Number":"539907284",
			"Country of Citizenship Full Name": "United States of America",
			"Country of Citizenship": "US",
			"Driver's License State": "Connecticut",
			"State": "CT",
			"State Full Name": "Connecticut",
			"Driver's License Issue Date": "02/05/2015",
			"Driver's License Expiration Date": "02/05/2025",
			"Affiliations Question 1": "No",
			"Affiliations Question 2": "Yes",
			"Employment Status": "Student",
			"Webcom Audit Step":"Audit Step #090: Account opening prevented. Refuse Service Flag in Place",
			"Negative Confirmation Text": "We were unable to open your account online.\nYou can also open an account by visiting your local banking center. Or, contact us at 800-325-2424, 24 hours a day, 7days a week."
		},
		"PersonalRefusedFlagSolProp": {
			"WIL Service": "Customer Services",
			"Request Action": "Get Customer Profile (Search by CIF)",
			"CIF": "00000001802031",
			"AccountType": "Webster Value Checking",
			"Account Requested": "Webster Value Checking",
			"Driver's License Number": "859565854",
			"Social Security Number":"470677255",
			"Country of Citizenship Full Name": "United States of America",
			"Country of Citizenship": "US",
			"Driver's License State": "Connecticut",
			"State": "CT",
			"State Full Name": "Connecticut",
			"Driver's License Issue Date": "02/05/2015",
			"Driver's License Expiration Date": "02/05/2025",
			"Affiliations Question 1": "No",
			"Affiliations Question 2": "Yes",
			"Employment Status": "Student",
			"Webcom Audit Step":"Audit Step #090: Account opening prevented. Refuse Service Flag in Place",
			"Negative Confirmation Text": "We were unable to open your account online.\nYou can also open an account by visiting your local banking center. Or, contact us at 800-325-2424, 24 hours a day, 7days a week."
		},
		"BothRefusedFlagsForSolProp": {
			"WIL Service": "Customer Services",
			"Request Action": "Get Customer Profile (Search by CIF)",
			"CIF": "00000001395210",
			"AccountType": "Webster Value Checking",
			"Account Requested": "Webster Value Checking",
			"Driver's License Number": "859565854",
			"Social Security Number":"499940223",
			"Country of Citizenship Full Name": "United States of America",
			"Country of Citizenship": "US",
			"Driver's License State": "Connecticut",
			"State": "CT",
			"State Full Name": "Connecticut",
			"Driver's License Issue Date": "02/05/2015",
			"Driver's License Expiration Date": "02/05/2025",
			"Affiliations Question 1": "No",
			"Affiliations Question 2": "Yes",
			"Employment Status": "Student",
			"Webcom Audit Step":"Audit Step #090: Account opening prevented. Refuse Service Flag in Place",
			"Negative Confirmation Text": "We were unable to open your account online.\nYou can also open an account by visiting your local banking center. Or, contact us at 800-325-2424, 24 hours a day, 7days a week."
		}
	}
}
