{
	"runList": [
		{
			"testDataName": "Test Data for valid user credentials 1",
			"userName": "testuser1",
			"password": "password1"
		},
		{
			"testDataName": "Test Data for valid user credentials 2",
			"userName": "testuser2",
			"password": "password2"
		},
		{
			"testDataName": "Test Data for valid user credentials 3",
			"userName": "testuser3",
			"password": "password3"
		},
		{
			"testDataName": "Test Data for invalid user credentials",
			"userName": "testuser4",
			"password": "password4"
		}
	]
}
