{"xref": {
  "whenMade": 1539229123577,
  "createdBy": "JBehave",
  "metaFilter": "+DonationThroughPay",
  "meta": [],
  "stories": [
    {
      "description": "PA-134 TC_Donation_001 : Verify End To End Donation Payment\n\nFeature: To Donate amount to a charity",
      "narrative": "",
      "name": "PA-134.9.story",
      "path": "PA/PA-134.9.story",
      "html": "PA.PA-134.9.html",
      "meta": "DonationThroughPay=\n",
      "scenarios": "Scenario:TC_Donation_001 : Verify End To End Donation Payment\nGiven I launch the app and select AUT environment\nThen I am on Login Page  <username> with <password>\nThen I enter the sms otp <smsotp>\nThen I enter the paylah password <paylahpassword>\nThen I verify the homepage navigation\nThen I read Wallet Balance Before Donation\nWhen I tap on Pay Button\nThen I tap on Try Button\nThen I tap on Donation Tab\nThen I enter Donation amount in Amount Text Field with <amountValue>\nWhen I tap on DonateTo field\nThen I See Selected Organisation in Donation Page <SelectOrganisation>\nThen I enter valid NRIC number <NRICNumber>\nThen I tap on Next Button\nThen I am on Review Transaction Page\nThen I tap LetsGo Button\nThen I see Donation Successfull Message\nThen I tap on BackToHome Button\nThen I verify Wallet Balance after donation paid of amount <amountValue>\n\n\n",
      "passed": false,
      "pending": false,
      "started": 1539228941918,
      "duration": 176118
    }
  ],
  "stepMatches": []
}}