<Entity Type='run'>
	<Fields>
		<Field Name='name'>
			<Value>@TESTCASENAME</Value>
		</Field>
		<Field Name='test-instance'>
			<Value>1</Value>
		</Field>
		<Field Name='testcycl-id'>
			<Value>@TESTCYCLID</Value>
		</Field>
		<Field Name='cycle-id'>
			<Value>@CYCLEID</Value>
		</Field>
		<Field Name='test-id'>
			<Value>@TESTID</Value>
		</Field>
		<Field Name='subtype-id'>
			<Value>hp.qc.run.MANUAL</Value>
		</Field>
		<Field Name='test-config-id'>
			<Value>@TESTCONFIGID</Value>
		</Field>
		<Field Name='status'>
			<Value>@STATUS</Value>
		</Field>
		<Field Name='owner'>
			<Value>@OWNER</Value>
		</Field>
		<Field Name='ver-stamp'>
			<Value>1</Value>
		</Field>
		<Field Name='has-linkage'>
			<Value>N</Value>
		</Field>
		<Field Name='host'>
			<Value>Selenium Automation</Value>
		</Field>
		<Field Name='draft'>
			<Value>N</Value>
		</Field>
		<Field Name='duration'>
			<Value>0</Value>
		</Field>
	</Fields>
</Entity>